1.82123046823	-10.5910315161	-0.00156686186549	7.25271143091e-06	0.000721719557527	0.605170230578	0.796095767537
1.82123046823	-10.5910315161	-0.00156686186549	7.25271143091e-06	0.000721719557527	0.605170230578	0.796095767537
1.82123098144	-10.5910296358	-0.00156687577408	7.29331226256e-06	0.000721866177682	0.605164249921	0.7961003137
1.82123143978	-10.5910279561	-0.00156688704546	7.32981427332e-06	0.000721998061961	0.605158900783	0.796104379757
1.82123180327	-10.5910266238	-0.00156689885083	7.35939447941e-06	0.000722098569918	0.605154653731	0.796107608045
1.82123238135	-10.5910245057	-0.00156691162881	7.40245022641e-06	0.000722264826996	0.605147898843	0.796112742521
1.82123285132	-10.5910227842	-0.00156692517275	7.43583465231e-06	0.000722398029328	0.605142401302	0.796116921207
1.8212332937	-10.5910211629	-0.0015669349587	7.46971140269e-06	0.000722524760658	0.605137221076	0.796120858645
1.82123380242	-10.5910192989	-0.00156695005314	7.50665660674e-06	0.000722666984437	0.605131255531	0.796125392935
1.82123418994	-10.5910178791	-0.00156695946326	7.53569611356e-06	0.000722779469134	0.605126711026	0.79612884707
1.82123461719	-10.5910163134	-0.00156697056459	7.56956524808e-06	0.000722900191058	0.605121690068	0.796132663296
1.8212350839	-10.5910146039	-0.00156698348428	7.60528309071e-06	0.000723035124146	0.605116207764	0.796136830114
1.82123557669	-10.5910127989	-0.00156699394194	7.64431193844e-06	0.000723176936714	0.605110410202	0.796141236479
1.82123600204	-10.5910112402	-0.00156700828348	7.68005478982e-06	0.000723295438803	0.605105399824	0.796145044504
1.82123641364	-10.5910097321	-0.00156701669585	7.71173303992e-06	0.000723415273043	0.605100547841	0.796148732093
1.82123683804	-10.5910081783	-0.00156702910954	7.74410236086e-06	0.000723537578003	0.605095542109	0.796152536486
1.82123720892	-10.5910068193	-0.00156703840608	7.77165354647e-06	0.000723641760911	0.605091165551	0.796155862664
1.82123773783	-10.5910048806	-0.00156705058389	7.81445258301e-06	0.000723790128313	0.605084911693	0.796160615522
1.82123806827	-10.5910036714	-0.00156706034709	7.84070060306e-06	0.000723883310886	0.605081002477	0.79616358644
1.82123854305	-10.5910019323	-0.00156707149373	7.87243122346e-06	0.000724021295968	0.605075383687	0.79616785654
1.82123900401	-10.5910002429	-0.00156708383441	7.91033573918e-06	0.000724152098923	0.605069922715	0.796172006646
1.82123938583	-10.5909988454	-0.00156709358148	7.93834376903e-06	0.000724259674804	0.605065395242	0.796175447289
1.82123985836	-10.5909971134	-0.00156710723247	7.97697506115e-06	0.000724396103995	0.60505978361	0.796179711777
1.82124022602	-10.5909957669	-0.00156711434285	8.00756718287e-06	0.00072449944614	0.605055416627	0.796183030369
1.82124084171	-10.5909935124	-0.00156713132597	8.05779532757e-06	0.000724676912036	0.605048095611	0.796188593724
1.82124127347	-10.5909919311	-0.00156714315692	8.09067494293e-06	0.000724799361069	0.605042955891	0.796192499416
1.82124156055	-10.5909908788	-0.00156715041506	8.1133401791e-06	0.00072488102216	0.60503953228	0.796195101003
1.8212421349	-10.5909887763	-0.00156716633026	8.15775544691e-06	0.000725044412538	0.605032686764	0.796200302808
1.82124244745	-10.5909876315	-0.00156717253957	8.18061740746e-06	0.000725134447164	0.605028954655	0.796203138742
1.82124299381	-10.5909856304	-0.00156718826789	8.22210671271e-06	0.000725290023726	0.605022427854	0.796208098226
1.82124340996	-10.590984107	-0.00156719568597	8.25665826443e-06	0.00072540642078	0.605017453236	0.796211878207
1.82124378604	-10.5909827293	-0.00156720922841	8.28610043645e-06	0.000725512301085	0.605012950212	0.796215299802
1.82124418747	-10.5909812586	-0.00156721868605	8.31686720329e-06	0.000725629044014	0.605008139165	0.7962189554
1.8212447312	-10.5909792679	-0.00156723272092	8.36159356303e-06	0.000725781665398	0.605001620022	0.796223908799
1.82124500262	-10.5909782748	-0.00156723828139	8.38351214387e-06	0.000725862135779	0.604998368652	0.796226379231
1.82124550591	-10.590976431	-0.00156725171217	8.42567605141e-06	0.00072600357403	0.604992320636	0.796230974542
1.82124591839	-10.5909749211	-0.00156726223613	8.45737242177e-06	0.000726122254576	0.604987359795	0.796234743756
1.82124644592	-10.5909729895	-0.00156727665531	8.4999811818e-06	0.000726270810141	0.604981012102	0.796239566622
1.82124689547	-10.5909713431	-0.00156728715782	8.5335142914e-06	0.000726401060048	0.604975597991	0.796243680103
1.8212471907	-10.5909702619	-0.00156729497234	8.5608250018e-06	0.000726482387387	0.604972034803	0.79624638728
1.8212476009	-10.5909687604	-0.00156730644716	8.59034798772e-06	0.000726600230105	0.60496709064	0.796250143624
1.82124810009	-10.5909669328	-0.001567317399	8.63044051428e-06	0.000726741735699	0.604961058898	0.796254726195
1.82124857284	-10.5909652018	-0.00156732955709	8.6682563437e-06	0.000726876106612	0.604955343438	0.796259068408
1.82123724124	-10.591006039	-0.00156761880487	3.66468056156e-06	0.000747549471027	0.605198411961	0.796074320221
1.82122682087	-10.5910473049	-0.00156875150861	3.44213813207e-05	0.000762626263509	0.605931773739	0.79551624923
1.82121239418	-10.5911065049	-0.00156572085033	0.000116020520088	0.000777714605845	0.607783967244	0.794102027992
1.82119422927	-10.591184479	-0.00156335772942	0.000198067395141	0.000788653478538	0.610634239602	0.791912346299
1.82117118157	-10.5912831278	-0.00156221847419	0.000244653317676	0.000803825299419	0.614102834456	0.789225571508
1.82114802433	-10.5913875772	-0.00155931689222	0.000251889969099	0.0007945072149	0.618460696029	0.785815291769
1.82112093732	-10.5915088658	-0.00155651384445	0.000176337431216	0.000738732916817	0.623452770572	0.781860643622
1.82109895991	-10.5916156698	-0.00155577298729	0.000106364978509	0.00066679380732	0.628088751932	0.778141416305
1.82107353346	-10.5917485606	-0.00155232463595	5.51439237823e-05	0.000587578054162	0.634541367656	0.772888675324
1.82105668835	-10.5918442421	-0.001550876945	2.63461276909e-05	0.000555856051471	0.638564409169	0.769568181302
1.82102001262	-10.5920668961	-0.00155118424675	-3.26034693956e-05	0.000521658219319	0.646296212929	0.763086451173
1.82098400358	-10.592319502	-0.00154903655157	-4.6577136616e-05	0.000486198617758	0.654936257104	0.755683968714
1.82096819215	-10.5924454573	-0.00154823758401	-3.1593287283e-05	0.000473452486354	0.659135232892	0.75202428126
1.82094362665	-10.5926693011	-0.00154716243889	1.55630747719e-05	0.000468896587547	0.666346753185	0.74564186069
1.8209266787	-10.5928509364	-0.00154638689847	5.65281078065e-05	0.000484816042651	0.671996722861	0.740553959021
1.82091139905	-10.5930465689	-0.00154573465247	9.15582281823e-05	0.000513088525808	0.677977860562	0.73508213755
1.82089714308	-10.5932783492	-0.00154548131727	0.000114661868907	0.00054256859952	0.685016566989	0.728527278434
1.82088945858	-10.5934421457	-0.00154512648579	0.00011811837564	0.000550319021527	0.689978596739	0.723829551234
1.82088174242	-10.5936833087	-0.00154460283619	0.000105931230803	0.000535497010755	0.697278142431	0.71680045627
1.82087913962	-10.5938345698	-0.00154438450848	8.91089640419e-05	0.000515262355049	0.701808169437	0.712365790782
1.8208784302	-10.5940417524	-0.00154405969417	5.86969878774e-05	0.000484785037137	0.707924832204	0.706287613857
1.82088145663	-10.5942611228	-0.0015438348867	2.68689457181e-05	0.000459639363832	0.714340452053	0.699798189888
1.8208882487	-10.5944734565	-0.00154371363001	7.55144323876e-06	0.000449109516434	0.720517807461	0.693436289341
1.82089919773	-10.5946909981	-0.00154363007307	7.19150287106e-06	0.000454016840538	0.726812571513	0.686835700664
1.82090911641	-10.5948413168	-0.00154354385112	1.83952614001e-05	0.000464602432424	0.731145705995	0.682221181445
1.82092889097	-10.5950818069	-0.00154349844894	4.67692056506e-05	0.00048857822846	0.738012579464	0.674786774957
1.82095075699	-10.5952991117	-0.00154348267791	7.06086494755e-05	0.000511586936636	0.744126597251	0.668038427455
1.82097167965	-10.5954791834	-0.001543486429	8.13134582195e-05	0.000525328593849	0.749169551365	0.662378064798
1.82099667254	-10.5956703841	-0.00154351618342	7.96309963935e-05	0.000530653021655	0.754498242544	0.656301846763
1.82102713628	-10.5958784087	-0.00154357136515	6.37577187162e-05	0.00052423873845	0.760269869541	0.64960714788
1.82106171888	-10.5960899219	-0.00154358905309	3.87291145825e-05	0.000505791875772	0.766141414517	0.642671825768
1.82110084429	-10.5963052441	-0.00154361878165	1.22065847948e-05	0.00048212134894	0.772105922019	0.635493676281
1.82112953168	-10.5964503168	-0.00154366633185	-2.18634189124e-06	0.000469126289718	0.776098131267	0.630611980983
1.82116588376	-10.5966216708	-0.00154374391777	-1.13560255477e-05	0.000459802705875	0.780856673868	0.624710047405
1.82120929816	-10.5968106738	-0.00154382702187	-8.89461351733e-06	0.000461192128531	0.786220185081	0.617946282288
1.8212617062	-10.5970211039	-0.00154389790423	-3.77839705479e-07	0.000478571075331	0.792150090279	0.610326146777
1.82131152714	-10.5972065731	-0.00154415849736	9.57085819911e-06	0.000499515271091	0.797387376204	0.603467582114
1.8213655761	-10.5973950584	-0.00154425276279	1.80600386087e-05	0.000517806768825	0.802710893801	0.596368135066
1.82141436068	-10.5975555693	-0.00154441713524	2.08683240336e-05	0.000525966192988	0.807223118944	0.59024618522
1.82147595995	-10.5977472778	-0.00154455389231	1.63306117728e-05	0.000524613734052	0.812576260957	0.582854651386
1.82153355555	-10.5979168563	-0.00154469012953	4.63211406858e-06	0.000514574036688	0.817278162931	0.576243125415
1.82159956983	-10.5981011288	-0.00154483862489	-1.3573689461e-05	0.000498647172107	0.8223598233	0.568967549328
1.82163989392	-10.5982085205	-0.00154513237035	-1.64922009774e-05	0.000480426557354	0.825805806997	0.563954375857
1.82169336225	-10.5983464449	-0.00154454561214	-8.1438302481e-06	0.000449225036996	0.831897580514	0.554929016782
1.82172857015	-10.5984321143	-0.00154522992598	-2.32702962394e-05	0.000455310926175	0.835671931422	0.549228745774
1.82174670581	-10.5984739593	-0.00154576266977	-2.00106317601e-05	0.000459109906335	0.839548774087	0.543284128929
1.82134815451	-10.5976190936	-0.00154490396545	0.000437544063755	0.000200874612074	0.845158373978	0.534515753836
1.82069859006	-10.5962883154	-0.00153729164991	0.00072650720343	8.58974495688e-05	0.849598502686	0.527429473051
1.82009014792	-10.5950834996	-0.00154173004765	0.00052705604398	0.000292081527727	0.85331358718	0.521397697382
1.81862237629	-10.5922996536	-0.00154800839454	0.000352587206214	0.00052786318984	0.858655738981	0.512552357285
1.81686691217	-10.5891202297	-0.00154624471574	0.000186565808357	0.000706748735025	0.863526039734	0.504303722374
1.8154535675	-10.5866531573	-0.00155593126459	8.55972655474e-05	0.00077384210731	0.86695004445	0.498394436436
1.81275387265	-10.5821256946	-0.00154527864589	0.000430097725671	0.000528808920148	0.871827848581	0.489811941276
1.80959446963	-10.5770534173	-0.00152937249803	0.000693845943507	0.000322246093817	0.876374477007	0.481629723735
1.80768190356	-10.574077354	-0.00153471774891	0.000537402595952	0.000390205705835	0.878922174542	0.476964747162
1.80450581318	-10.5692730938	-0.00155038922183	0.000338928058298	0.000504666215074	0.8825195474	0.470275322442
1.79926987793	-10.5616570909	-0.00154781796775	0.000154285755316	0.000668155617645	0.887471864844	0.460861387918
1.7953234197	-10.5561292048	-0.00156478747312	-8.41442915807e-07	0.000807726992451	0.890862861225	0.454271625866
1.79082643569	-10.5500250233	-0.00155799348277	0.000180911105017	0.00077237921586	0.894221589997	0.447623858484
1.78376033415	-10.5407888753	-0.00153515181555	0.000458371249518	0.000695331363655	0.898879340786	0.438195432563
1.77911173262	-10.534923047	-0.00154752008447	0.000273290244528	0.000806438000523	0.901773582072	0.432207914836
1.77070765521	-10.524689309	-0.00155558739372	0.000189900327704	0.000852178334938	0.906327843797	0.42257434528
1.76226323422	-10.5148235801	-0.00155193123599	5.27829693873e-05	0.000900089413082	0.910458195128	0.413600123279
1.75486188737	-10.5064860394	-0.00156541361513	8.42683219687e-06	0.000901201212403	0.9138215937	0.406114863867
1.74970462743	-10.5008319918	-0.0015530640896	8.00736128734e-05	0.000860982079888	0.916002311784	0.401172054241
1.74119807348	-10.4917684901	-0.00155472488523	-1.12665723076e-05	0.000896949287046	0.919476615656	0.393143674268
1.72996839708	-10.4802689083	-0.00156891912484	-0.000146209810304	0.000959700589782	0.923747709401	0.383000296311
1.71995295156	-10.4704100766	-0.00154626834544	0.000171297582134	0.000842717001644	0.927108665942	0.374791651481
1.71144759392	-10.4623059451	-0.00154282860918	0.000182509916531	0.000858432849714	0.92983440374	0.367977188702
1.70084701754	-10.4525285355	-0.00156161508358	-4.52857989699e-06	0.000963448197451	0.933056776648	0.359727846153
1.690712223	-10.4434860605	-0.00155337232818	0.000104676518105	0.000953320860768	0.935844420611	0.352412117604
1.68062640184	-10.4347635999	-0.00154820240099	6.17632200647e-05	0.00099879957897	0.93848655992	0.345314313971
1.66669254061	-10.4231390956	-0.00156685746825	-6.89481970097e-05	0.00106837646564	0.941916900298	0.335844319219
1.65522439584	-10.4139093238	-0.00155033972815	4.77412778186e-05	0.00102940820051	0.94449801645	0.328515501857
1.64319937916	-10.4045425787	-0.00155643395456	-5.36401566508e-05	0.00105778529169	0.947101600055	0.320932138289
1.63320476564	-10.3969878086	-0.00156622764014	-0.000170852422769	0.00108480133579	0.949171411022	0.314757726696
1.61984862216	-10.3872014328	-0.00156593354038	-0.000288837001272	0.00110615815053	0.951813078324	0.306676632496
1.60308942503	-10.3754049302	-0.00157222776792	-0.000392624651361	0.00111914609721	0.954982997206	0.296658167603
1.59126133935	-10.3673910547	-0.00157156453425	-0.000313791503802	0.00108293421749	0.957108387961	0.289727911123
1.57708443756	-10.3581056253	-0.00155658694715	-0.00013698625379	0.00102038154316	0.95953034109	0.281603381698
1.56064660357	-10.3477630558	-0.00156066291705	-0.00017079090061	0.00103074841768	0.962222185406	0.272263428137
1.54828056628	-10.3402708218	-0.00156704044677	-0.000310379625243	0.00107996382098	0.964167141626	0.265293159262
1.53534934227	-10.3326937816	-0.00157432630812	-0.000443542085198	0.00113305694324	0.966127610392	0.258061930341
1.51878526061	-10.3233621816	-0.00157563516445	-0.000482023820191	0.00115946044668	0.968534922673	0.248874520325
1.50602981587	-10.3164552133	-0.00157277218811	-0.000419023553964	0.00114469944167	0.970311146847	0.241856966796
1.48963493341	-10.3079241185	-0.00156729790287	-0.000322945891302	0.00110555514499	0.972499999083	0.232900032711
1.47445075443	-10.3003614595	-0.00156581666436	-0.00030275122249	0.00107502364476	0.974437485067	0.22465604902
1.46275544679	-10.2947526962	-0.00156759231566	-0.000341422174606	0.00106243667858	0.975869294984	0.218352636272
1.44643336739	-10.2872317214	-0.00157138411942	-0.000426189919271	0.00105674055329	0.97778318245	0.209615719302
1.4331778737	-10.2813811367	-0.00157347452356	-0.000473610429009	0.00105612002615	0.979268290458	0.202564250566
1.41151391484	-10.2723039536	-0.00157307707185	-0.000467801948635	0.00105432327483	0.981566186442	0.191119049802
1.39851472439	-10.2671397748	-0.00157147068628	-0.000437427119067	0.00105488714392	0.982870394508	0.18429455627
1.38217550714	-10.2609426937	-0.00157023220449	-0.000412734532597	0.00106103951725	0.984433426407	0.175754182929
1.36761937092	-10.2556927488	-0.00157067689557	-0.000420529626977	0.00107034815655	0.98575447976	0.168186750797
1.35156133395	-10.2501916361	-0.00157216560777	-0.000452656681005	0.00107920369127	0.987135849493	0.159879470436
1.3358836026	-10.2451099072	-0.00157356319241	-0.000484233541684	0.00108050166205	0.98840963157	0.151805791236
1.31916356188	-10.240000043	-0.00157403129561	-0.000499239000563	0.00107097144932	0.989689202053	0.143226698354
1.30380190783	-10.2355830686	-0.00157362006703	-0.000497083304511	0.00105490785821	0.990794218635	0.135371549436
1.28740907923	-10.2311587977	-0.00157299955773	-0.000491577492889	0.00103575610251	0.99189995592	0.127016388733
1.27385703369	-10.2277238119	-0.0015729081527	-0.000493900124196	0.00102279970214	0.992757191055	0.120132716413
1.25733949528	-10.223806122	-0.00157330710058	-0.000507472115303	0.00101373090943	0.993733530994	0.111769334789
1.23880166487	-10.2197569499	-0.00157411453967	-0.000527866862332	0.00101306287655	0.994741290414	0.102413183752
1.22754417381	-10.2174750334	-0.00157448862857	-0.000539019950741	0.00101389647946	0.995298526978	0.0968479409498
1.20741380567	-10.2137099457	-0.00157450506264	-0.000559305992063	0.000982762458323	0.996165690285	0.0874793624455
1.18869677579	-10.2105556288	-0.00157546324124	-0.000559285307978	0.000949857808079	0.996881594087	0.0789041972295
1.17388563448	-10.2082927145	-0.001574198448	-0.00056108181854	0.000928206763696	0.997382158064	0.072302519983
1.15359750426	-10.2055007141	-0.00157470291106	-0.000581392312269	0.000856720827805	0.997935289167	0.0642190520623
1.14021268371	-10.2038371102	-0.00157576407718	-0.000588186744501	0.000813386483953	0.998253509612	0.0590671057852
1.12383119517	-10.2019899352	-0.00157540729263	-0.000599439575639	0.000781538707638	0.998592662192	0.0530257002451
1.10991278037	-10.2005693934	-0.0015752218038	-0.000614295260086	0.000735102466331	0.998816676279	0.048624370967
1.09000579609	-10.1987316522	-0.00157669507816	-0.000624152010828	0.000643637289075	0.999058553539	0.0433728344148
1.07406789318	-10.1974065	-0.00157623665668	-0.000620174686471	0.000599435813427	0.999220832251	0.0394586423492
1.06161077203	-10.1964565966	-0.00157470152582	-0.000613307469487	0.000585149434578	0.999334104692	0.0364777830199
1.039677117	-10.194964007	-0.00157538506062	-0.000599695381418	0.000617587786944	0.999511030448	0.0312563427824
1.02571315324	-10.1941329043	-0.00157500451107	-0.000603029742564	0.000666322579489	0.999606426228	0.0280389909505
1.00874639838	-10.1932359367	-0.00157582650602	-0.000624110126266	0.000698208640921	0.999693132525	0.0247540657936
0.99576510765	-10.1926214899	-0.00157637116174	-0.000629408788911	0.000702417475724	0.999748845842	0.022390973446
0.976287600741	-10.1918139011	-0.00157661894477	-0.000631902877515	0.000692676577623	0.999818385395	0.0190346295994
0.958301605337	-10.1911712141	-0.0015758191446	-0.000638590842798	0.000609924252418	0.999857284503	0.0168710053007
0.943310596269	-10.1906870954	-0.00157645013299	-0.000631326803443	0.000512640259986	0.999881031643	0.015403284925
0.924323165969	-10.1901364168	-0.00157549462305	-0.000626562296662	0.000423928693906	0.999907424657	0.0135856475963
0.90833325835	-10.189725792	-0.00157472743295	-0.000622469629524	0.000387659883026	0.999927191846	0.0120446360777
0.888845118094	-10.1892910285	-0.00157586422733	-0.00062304319429	0.000414577928302	0.999947951622	0.0101751653173
0.87685090576	-10.189058346	-0.00157566016228	-0.000630431862782	0.000455680542925	0.999957244909	0.0092142967982
0.862353260574	-10.1888006191	-0.00157640765635	-0.000648821866287	0.000484826902684	0.999961556608	0.00873093803647
0.841347248067	-10.1884261354	-0.00157777278078	-0.000663026148922	0.00044760472285	0.999955641653	0.00938481606139
0.825341393187	-10.1881124603	-0.00157708712504	-0.000652264214078	0.00038736642555	0.999945724155	0.0103910174195
0.808336761117	-10.1877335511	-0.00157541723801	-0.000642961733395	0.000289655198611	0.999925672634	0.0121717668289
0.795335627294	-10.1873989652	-0.00157497819636	-0.000626163025613	0.000214604054737	0.999906241732	0.0136773392775
0.775840936002	-10.1868240752	-0.00157497623645	-0.000616406469235	0.000168159517783	0.999874824013	0.0158091135023
0.758351882878	-10.1862499004	-0.0015739431742	-0.000604458883255	0.00023323331433	0.999859427321	0.0167542779507
0.736869773128	-10.1855166933	-0.00157497682371	-0.000615526137494	0.000429562713862	0.999851044061	0.017243152076
0.728375786063	-10.1852221334	-0.00157476753971	-0.000620637222844	0.000509113264019	0.999850411978	0.0172774211088
0.706392610677	-10.1844749501	-0.00157672724394	-0.000613286272099	0.000735743940869	0.999868872657	0.016165396745
0.693404571419	-10.1840689257	-0.00157539115853	-0.000608849312835	0.000851373694277	0.999888941716	0.0148663613544
0.678417640142	-10.1836462758	-0.00157531001369	-0.000607448814646	0.000907006970517	0.999913426378	0.013112897975
0.660934374603	-10.1832330084	-0.00157603771172	-0.000598304266451	0.000910822004977	0.999948195853	0.0101201801067
0.637957823628	-10.1828792372	-0.00157482843959	-0.000612575726838	0.000842878337456	0.999986584304	0.00507400428174
0.624968111544	-10.182785658	-0.00157509344402	-0.000621232944775	0.000762808408415	0.999997656202	0.00192867387386
0.606981497808	-10.1827971027	-0.00157678916725	-0.000634068913221	0.000671675829855	0.999995878378	-0.00271846180434
0.590992383866	-10.1829490998	-0.00157491052599	-0.00064298274119	0.000605297466579	0.99997576931	-0.00690514160325
0.57150695	-10.1833134536	-0.0015764416869	-0.000643033079941	0.000569576098424	0.999929033543	-0.0118823385412
0.558020135564	-10.1836773959	-0.00157520453216	-0.000641342574937	0.000576728377808	0.999883410217	-0.0152453939607
0.540542312755	-10.1842834848	-0.00157542557662	-0.000638089469562	0.000620068369943	0.999807665086	-0.0195918654773
0.527064447133	-10.1848549382	-0.00157522947524	-0.000638059026465	0.000673999951938	0.999735306759	-0.0229881496348
0.513092847691	-10.1855457472	-0.00157505495936	-0.000638168507801	0.000738322981784	0.999644541845	-0.0266427772649
0.495636416097	-10.1865542549	-0.00157526453056	-0.000647132032064	0.000804992615408	0.999511318874	-0.0312419053381
0.470215031683	-10.1883098936	-0.00157629172442	-0.000664301597322	0.000817128139169	0.999288702857	-0.0376958797148
0.456265835874	-10.189409415	-0.00157549460006	-0.000668571709369	0.000767500452695	0.999157375149	-0.0410305208295
0.442821617725	-10.1905577317	-0.00157600196095	-0.000666737128925	0.0007020871733	0.99902098952	-0.044228102312
0.42789327922	-10.1919343322	-0.0015752931855	-0.000662409776028	0.000624386346547	0.998859830486	-0.0477306023145
0.408502216553	-10.193878436	-0.00157479449209	-0.000654782540196	0.000537906122263	0.998635199324	-0.0522208826805
0.392109637716	-10.1956589261	-0.00157483780451	-0.00065417308899	0.000509239006655	0.998429766373	-0.0560117340635
0.379700390038	-10.1970906485	-0.0015745730803	-0.000657132130368	0.000518134268472	0.998261797517	-0.0589294776254
0.357886718075	-10.1998009198	-0.00157429280352	-0.000651443980605	0.00063958169008	0.997876531154	-0.0651275297297
0.344028518408	-10.2016765152	-0.00157410663352	-0.000661304690715	0.000770231211819	0.997578262271	-0.0695455251174
0.330186627321	-10.2036748155	-0.00157342984559	-0.000678217232048	0.000874418431377	0.997269811289	-0.073835620848
0.30846040306	-10.2070381202	-0.00157543029235	-0.000712855668111	0.000896932679598	0.996829877525	-0.0795542746895
0.293172163359	-10.2095535576	-0.00157603430637	-0.000715402214081	0.000826484700563	0.996515789042	-0.0833971660937
0.276427120709	-10.2124473207	-0.00157488207882	-0.000703546038889	0.000696366022555	0.996170735481	-0.0874236001793
0.261179760531	-10.2151982901	-0.00157366013442	-0.000683197104991	0.000542321511268	0.99586921875	-0.0907950344147
0.246934955212	-10.2178633587	-0.00157442890167	-0.000664598557265	0.00042329788869	0.995581092975	-0.0939024304159
0.227806002151	-10.2215850815	-0.00157320650812	-0.000662832814492	0.000340113607243	0.995202126427	-0.0978374801981
0.213105285544	-10.2245402057	-0.00157415091689	-0.000677775589641	0.000306097205754	0.99498295187	-0.100041853305
0.197432546879	-10.2277549007	-0.00157487245968	-0.000684734061539	0.00030761796194	0.994790795191	-0.101934833667
0.178837869026	-10.2316486948	-0.00157426687074	-0.000682251248183	0.000394913365749	0.99454411294	-0.104313882072
0.161733711257	-10.2353181658	-0.00157337494176	-0.000677748219503	0.000527428970488	0.994283817539	-0.106765877768
0.146602912472	-10.2386384315	-0.00157313921468	-0.000682051148376	0.000636126356725	0.994046253947	-0.108954922621
0.133924736917	-10.2414750678	-0.00157356006384	-0.000693774093788	0.00070099497961	0.993835898894	-0.110856814648
0.114928487929	-10.2458272952	-0.00157404568217	-0.000712778858255	0.000745769266645	0.993479386228	-0.114007214311
0.100819380703	-10.2491438339	-0.00157381841428	-0.000721269940477	0.000720429551753	0.993202970011	-0.116390811975
0.0838111054026	-10.2532380939	-0.00157425164672	-0.000715163792535	0.0006368894196	0.992850807605	-0.119358102998
0.0658633773573	-10.2576860579	-0.00157318527283	-0.000693243062645	0.000556858260618	0.992393083565	-0.123106364639
0.0518231923986	-10.2612694921	-0.00157219300245	-0.000685761667639	0.000508295273533	0.992009115877	-0.126163328202
0.0334593669706	-10.2660951438	-0.00157266074263	-0.000685208908242	0.000469694119045	0.991500388096	-0.130101077176
0.0209134068321	-10.269476622	-0.00157376874081	-0.000701635941055	0.000449421787239	0.991213026661	-0.132272602999
-0.000302350260472	-10.2753004189	-0.00157427278779	-0.000719671152952	0.00036581443638	0.990922387935	-0.13443276886
-0.0137990617119	-10.2790411783	-0.00157499092527	-0.000713333744373	0.00029630220553	0.990853686619	-0.13493841215
-0.0316344605292	-10.2839895361	-0.00157408568392	-0.000691912465562	0.000192456734824	0.990909373285	-0.134529172126
-0.04561838404	-10.287847287	-0.00157274186882	-0.000662151007509	0.00011875812389	0.991017164276	-0.133733045888
-0.0639470979006	-10.2928631271	-0.00157305869606	-0.000639824324669	9.41501483069e-05	0.99118716915	-0.132467269437
-0.0764952440169	-10.2962639753	-0.00157195539236	-0.000644510071181	0.000104410720608	0.991336112838	-0.131347954258
-0.0938847351036	-10.3009236993	-0.00157368235165	-0.000657941848348	0.000163032440375	0.991549182081	-0.129729565047
-0.109840282277	-10.3051445677	-0.00157378675685	-0.000681444492365	0.000247517113685	0.991761818042	-0.128093601103
-0.130180552502	-10.3104231489	-0.00157443371732	-0.000705901922033	0.000276756535961	0.992189149548	-0.124740196519
-0.140855099464	-10.3131252933	-0.00157546042545	-0.000704812600235	0.000239397493715	0.992488259961	-0.122337646568
-0.157865563988	-10.3173119673	-0.00157470804835	-0.000678014742156	0.00014297625339	0.992988632022	-0.118207853078
-0.176374015074	-10.3216847728	-0.00157374840202	-0.000650318759103	-2.72745804737e-06	0.993610415577	-0.112862390259
-0.193463531999	-10.3255251674	-0.00157346581772	-0.00061765914389	-0.000133289627265	0.994198941592	-0.107554940701
-0.207161596659	-10.3284649232	-0.00157423462541	-0.000609329775454	-0.000178097102914	0.99464590874	-0.10333979497
-0.227751520085	-10.3326624444	-0.00157327943266	-0.00061726193069	-0.000125821821852	0.995246422102	-0.0973866646445
-0.241014523607	-10.3352311479	-0.00157418737446	-0.000634336369009	-3.38372279261e-05	0.995610389868	-0.0935924572729
-0.257744955991	-10.3383228935	-0.0015747391355	-0.000657050855785	0.000112931738444	0.99603562387	-0.088952748766
-0.273513433554	-10.3410998875	-0.00157456811029	-0.000661948191983	0.000281131018276	0.996346726569	-0.085397208647
-0.292745435876	-10.3443548554	-0.00157377549945	-0.000660362444093	0.000495270345039	0.996599821248	-0.0823900170914
-0.306560206537	-10.3466284775	-0.00157436377825	-0.000668178619691	0.000591589082683	0.996751499682	-0.0805335423325
-0.320879557322	-10.3489279542	-0.00157470312398	-0.000682551377738	0.000588752716641	0.996920173385	-0.0784178257311
-0.340157100519	-10.3519245411	-0.00157647798535	-0.000687554543399	0.000454850210427	0.997144735486	-0.0755095813268
-0.355989317645	-10.3543012507	-0.0015754487114	-0.000674667595506	0.000284257537649	0.997313837939	-0.0732432432154
-0.375292473515	-10.3571128057	-0.00157486563866	-0.000632704474335	0.000122286820784	0.997454589574	-0.0713016582502
-0.39014250507	-10.3592282288	-0.00157349261735	-0.000620663711029	6.68193279494e-05	0.997547172012	-0.0699946420936
-0.401531053859	-10.3608230542	-0.00157318331648	-0.000621174622978	6.11419867911e-05	0.997617883327	-0.0689794844115
-0.422339959676	-10.3636706546	-0.00157522436767	-0.000648245691045	0.000135672467805	0.997761305318	-0.0668725577544
-0.441182886981	-10.3661700436	-0.00157588553745	-0.000670388227825	0.000264386492035	0.997889910844	-0.064924621801
-0.456563244335	-10.3681545668	-0.00157599547325	-0.000675299118361	0.000376059936479	0.997992322865	-0.0633302933189
-0.475423220339	-10.3705201931	-0.00157545404623	-0.00066774644865	0.000471719797548	0.998114648612	-0.0613716532332
-0.487337679193	-10.3719762881	-0.00157530514178	-0.000661625056838	0.000492807978358	0.99819008785	-0.0601320872027
-0.502234144644	-10.3737559847	-0.00157490258482	-0.000655081843806	0.000476126581145	0.998273887823	-0.0587246886988
-0.519614105384	-10.3757911218	-0.00157472487396	-0.000640332816333	0.000449228664059	0.998315513048	-0.0580131414081
-0.54046278517	-10.3782303799	-0.00157365581723	-0.000634704144317	0.000468494799557	0.998274003448	-0.0587230083012
-0.557829912765	-10.3803023886	-0.00157417007069	-0.000644197302857	0.000515055837543	0.998184665961	-0.0602220256088
-0.568245765556	-10.3815762645	-0.00157444726688	-0.00064797490197	0.000566256302697	0.998096331759	-0.0616682415075
-0.588567219345	-10.3841657604	-0.00157495767946	-0.000668236732557	0.000698145765451	0.997869715428	-0.06523110519
-0.601940303322	-10.3859542385	-0.0015743618034	-0.000678931446623	0.000756742023802	0.997696111061	-0.0678338880397
-0.623213215216	-10.3889640118	-0.00157588778508	-0.000678559136696	0.000835859123818	0.9973373261	-0.0729184398127
-0.636058570463	-10.3908937472	-0.00157381197331	-0.000685305550078	0.000844671091109	0.997095674507	-0.0761513805954
-0.657770014557	-10.3943487329	-0.00157543633052	-0.000689611988322	0.000764956154311	0.996677276898	-0.08144534973
-0.669106767875	-10.3962432755	-0.00157552334304	-0.000698040518956	0.000681079747048	0.996475781597	-0.0838752976817
-0.686836021771	-10.3993171639	-0.00157484338056	-0.000690521760565	0.000528093358315	0.99615653308	-0.0875865623222
-0.701592995026	-10.4019777939	-0.00157511725706	-0.000681927834264	0.000427321818194	0.995900176326	-0.0904554650873
-0.721250385425	-10.4056409736	-0.00157368494338	-0.000674026373708	0.000307322862809	0.995632934768	-0.0933515422859
-0.735489574078	-10.4083624609	-0.001575033151	-0.000662465875016	0.000278040018643	0.995452203026	-0.095259620635
-0.752657845804	-10.4117193632	-0.00157331854507	-0.000660954167238	0.000331098576608	0.995217694566	-0.097679035299
-0.766865799792	-10.4145700071	-0.001572569552	-0.000655066058245	0.000451933325367	0.994949625908	-0.100372349528
-0.787889663338	-10.4189613336	-0.00157264564078	-0.000675347274492	0.000743262001955	0.994409570287	-0.105586921485
-0.802041102298	-10.4220522086	-0.00157264588263	-0.000709333135492	0.000902766992369	0.994023250217	-0.109162538841
-0.816661860965	-10.4253550451	-0.0015744475225	-0.000740328556074	0.000975806590206	0.993631800832	-0.112669179862
-0.828344028141	-10.4280723561	-0.00157530956907	-0.000753963898822	0.000968421855585	0.993312992075	-0.115446063047
-0.851179253323	-10.433585317	-0.00157393888737	-0.000739537528774	0.0007932643191	0.992665340233	-0.120889809809
-0.861846258988	-10.4362520326	-0.00157352444472	-0.000717465532849	0.000667414279002	0.992351621964	-0.123439451504
-0.883134343563	-10.4417488627	-0.00157233841479	-0.000677279854025	0.000423395817994	0.991703502368	-0.128543865742
-0.89857960631	-10.445882455	-0.00157203557457	-0.000666656753368	0.000307418131372	0.991231742385	-0.132132864768
-0.913519332226	-10.4499851024	-0.00157302932385	-0.000680004882448	0.000243650743043	0.990864127717	-0.134861998471
-0.930372405393	-10.4546992619	-0.0015740818406	-0.000696531820325	0.000208704188484	0.990599162478	-0.136794629219
-0.947217504886	-10.4594626634	-0.00157434888684	-0.000701423102168	0.000218079958395	0.99047147801	-0.137716054601
-0.962617205792	-10.4638305573	-0.00157384978585	-0.000697952988375	0.00023340189191	0.99049523677	-0.137545062876
-0.978021160089	-10.468181302	-0.00157304997415	-0.000680169904088	0.000241435654245	0.990598916254	-0.136796440721
-0.994873377798	-10.4729083463	-0.00157327403639	-0.000667876120233	0.000267957561796	0.990746809603	-0.135721189954
-1.00788275184	-10.4765234741	-0.00157263261981	-0.000676158050508	0.000258539104239	0.990946480141	-0.134255537925
-1.02815615741	-10.4820480177	-0.00157487827271	-0.000684911352738	0.000157682677486	0.991433729975	-0.130608824745
-1.04460687693	-10.486397588	-0.00157509566118	-0.000678188182795	4.99815361745e-05	0.991923051839	-0.126839255729
-1.06012503984	-10.4903672054	-0.00157355192926	-0.000658806229277	-6.00474750421e-05	0.992444583309	-0.122691937096
-1.0737293159	-10.4937307363	-0.00157399738777	-0.000629359309925	-0.000119482776616	0.992897100451	-0.118974524784
-1.08881579909	-10.4973333381	-0.00157322963121	-0.000613529788362	-0.000126145475391	0.993397959614	-0.1147174856
-1.10882167313	-10.5018818388	-0.00157309543925	-0.000631140312186	-0.000116643449859	0.994156226201	-0.107948997038
-1.12399620182	-10.5051287551	-0.00157483646341	-0.000644731103531	-9.63423444956e-05	0.994751402888	-0.1023192137
-1.13773389218	-10.5079141172	-0.00157545869496	-0.000653081500877	-4.57275844368e-05	0.995249009014	-0.097360060855
-1.1564135064	-10.5114887206	-0.00157352186399	-0.000641339961202	8.70468719851e-05	0.995792710886	-0.091632188948
-1.1761086637	-10.5150316007	-0.0015735017347	-0.000643814658214	0.000242062524232	0.996285943951	-0.0861036862951
-1.1884362168	-10.5171369385	-0.00157350922493	-0.000649486218122	0.00030542700563	0.996558200021	-0.0828929360821
-1.20571278702	-10.5199632211	-0.00157484198242	-0.000656132418938	0.000386108698083	0.996851567089	-0.0792866546265
-1.22102943785	-10.5223722814	-0.00157462910411	-0.000669975190246	0.000420875238152	0.997067694848	-0.0765204932549
-1.23685630989	-10.5247722609	-0.00157509411823	-0.000672075345234	0.000387322760836	0.99727314195	-0.0737948415581
-1.25269313809	-10.5270938567	-0.00157525905443	-0.000656921900164	0.000345554563773	0.997419990162	-0.0717830918229
-1.27150058247	-10.5297891317	-0.00157348166611	-0.000637911513172	0.000340664410124	0.997499507662	-0.0706697193289
-1.28684275189	-10.5319666694	-0.00157403432836	-0.000637330262964	0.000359695211544	0.997527815362	-0.0702689263417
-1.30762660832	-10.534914097	-0.00157451512478	-0.000643132918116	0.000440174656303	0.997483300395	-0.0708975180061
-1.32098224857	-10.5368349582	-0.0015746042678	-0.000657771274764	0.000536030173045	0.997402984812	-0.0720178165257
-1.33631266699	-10.5390812488	-0.00157440474132	-0.000678930066758	0.000626952872533	0.997298806393	-0.0734454678748
-1.35559350105	-10.541970648	-0.00157627500987	-0.000691338240339	0.000679238350642	0.997164243647	-0.0752497965355
-1.3709123809	-10.5443181256	-0.00157533061903	-0.000692857653914	0.000665275285883	0.997055052646	-0.0766831099469
-1.38770512961	-10.5469447564	-0.00157482850597	-0.000679665152113	0.000597572315955	0.996920312388	-0.0784160169295
-1.4034972941	-10.5494752438	-0.00157492565216	-0.00066371136806	0.000530951624413	0.996765841468	-0.0803562994421
-1.41681247335	-10.5516591924	-0.00157361610495	-0.000660345716357	0.000474495473501	0.996628859016	-0.0820381385373
-1.43652678822	-10.5549761878	-0.00157474634564	-0.000665407050262	0.000407977009123	0.996429552879	-0.0844247412596
-1.45031955509	-10.557352503	-0.00157467220392	-0.000673035919276	0.000387977991281	0.9962942574	-0.0860066809509
-1.46952032276	-10.5607349399	-0.00157491825873	-0.000677908663403	0.000404503241772	0.996102577115	-0.0881988247244
-1.48231249462	-10.5630363145	-0.00157463529291	-0.000678043558568	0.000439854531648	0.995976190225	-0.0896145930636
-1.50394463618	-10.5670110227	-0.0015742677194	-0.000676217538719	0.000509523426552	0.995766365793	-0.0919164178543
-1.51868187618	-10.5697779256	-0.00157429758597	-0.000678617449596	0.000551990182519	0.995621387469	-0.09347345933
-1.53144731166	-10.5722126939	-0.00157410913277	-0.000684156162867	0.000570993649365	0.995504602305	-0.0947089894678
-1.55157105493	-10.576107077	-0.00157438678649	-0.000694669787181	0.00052709335344	0.995373131921	-0.0960810483748
-1.56432884824	-10.5786039323	-0.00157537406439	-0.000690907243943	0.000477173376007	0.995295872438	-0.096878383868
-1.57757271901	-10.5812183232	-0.00157469450462	-0.000684138029526	0.000423130568533	0.995219446047	-0.0976606733818
-1.59620870385	-10.5849241105	-0.00157444311479	-0.000677317911343	0.000321321752324	0.995176248418	-0.0981003189426
-1.61239195951	-10.5881489327	-0.00157468754934	-0.000662512701928	0.000247168693319	0.995162583724	-0.0982391568604
-1.63445697148	-10.5925511831	-0.00157368362058	-0.00065939928419	0.000224667314855	0.995163266148	-0.0982323186483
-1.64770011098	-10.5951847928	-0.00157449262287	-0.000668990527603	0.000217472186845	0.995230591502	-0.0975478082546
-1.66832062261	-10.599220942	-0.00157603524225	-0.000682685539164	0.000174656960469	0.995475753057	-0.0950133070232
-1.68307010865	-10.6020246006	-0.00157571023354	-0.0006822880884	0.000121116442835	0.995733758518	-0.0922702658585
-1.69586898928	-10.6043809881	-0.00157591865533	-0.000674817554976	5.9939901177e-05	0.996011950251	-0.0892173524908
-1.71262993936	-10.6073323321	-0.0015746670132	-0.00065027192306	-2.93645089149e-05	0.996413753878	-0.0846120994156
-1.72990804904	-10.6102035084	-0.00157475010073	-0.000624927788769	-7.20726324899e-05	0.996819688881	-0.0796875908105
-1.74622431217	-10.6127456427	-0.00157389594118	-0.000629615807559	-8.93924008292e-05	0.997234224889	-0.0743202280907
-1.75811248814	-10.6144759342	-0.00157427517805	-0.00063989546024	-0.000113720542544	0.997565000967	-0.0697398483496
-1.78045554782	-10.6174034216	-0.001575952332	-0.00065554372322	-0.000157237112615	0.998193416428	-0.060078689556
-1.79189804153	-10.6187297406	-0.00157541275266	-0.000651332989046	-0.000157996978138	0.998484973837	-0.0550209762214
-1.81082765819	-10.6206659823	-0.00157442197507	-0.000632615311423	-0.000123459653204	0.998910845218	-0.0466552018725
-1.82628835146	-10.6220100362	-0.00157401663351	-0.000620408494828	-7.19741205064e-05	0.999205025091	-0.0398613565367
-1.84176133792	-10.6231488385	-0.00157328038968	-0.000613348467153	9.28165967662e-06	0.999435249318	-0.033597710322
-1.86174220448	-10.6243427905	-0.00157432169313	-0.000631746174509	0.000134241559004	0.999663066281	-0.0259487338875
-1.87574143536	-10.6249983345	-0.00157481309074	-0.000645935028166	0.0001869323409	0.999785291978	-0.0207103299803
-1.89825088064	-10.6257641144	-0.0015758852819	-0.000640934719145	0.000261719404993	0.999909353776	-0.0134463726221
-1.91175826792	-10.6260758238	-0.00157476769908	-0.000638567597807	0.000285371853339	0.999955066887	-0.00945383523174
-1.92726883515	-10.6263017935	-0.00157471376104	-0.000630899447941	0.000264300130971	0.999987403778	-0.00497236336821
-1.94827974005	-10.626401551	-0.00157508691057	-0.000617238270884	0.000241938926901	0.999999768398	0.000153902495169
-1.96678726621	-10.626322268	-0.00157398431454	-0.000626305074531	0.000223545037009	0.999990583028	0.00428854588577
-1.98379486069	-10.6261176022	-0.00157538950588	-0.000627254784015	0.000212040634976	0.999970127113	0.00770106946435
-1.98979660721	-10.6260189465	-0.00157568443141	-0.000625751304373	0.000222302540681	0.999961445673	0.00875592287238
-2.01480137635	-10.6254773188	-0.00157438170472	-0.000633313678373	0.000280878079599	0.999915464544	0.0129839819327
-2.02730301538	-10.6251272706	-0.00157581082879	-0.000631960352991	0.000304700909104	0.999885988824	0.0150836711734
-2.04330126088	-10.6246060906	-0.00157548282676	-0.000625285288292	0.000345348830757	0.999848440658	0.0173949839135
-2.06079164068	-10.623967086	-0.00157489395364	-0.000608177106504	0.000425255022351	0.999820618125	0.0189256664505
-2.07727761235	-10.6233246895	-0.00157469236114	-0.000608165869872	0.000500331224959	0.999799818269	0.0199925784333
-2.09775749558	-10.6224903043	-0.00157559637619	-0.00060522251172	0.000570822959592	0.99979090664	0.020431614414
-2.11274186412	-10.6218779634	-0.0015759901746	-0.000618039669702	0.00061332290791	0.99979189278	0.0203816827954
-2.12423185316	-10.6214101469	-0.00157484259707	-0.000625974510219	0.000610495153911	0.999793466187	0.0203041971514
-2.13772102111	-10.620865263	-0.00157644287927	-0.00062414747142	0.00058797231673	0.999801278989	0.0199165072564
-2.15720094881	-10.6201144981	-0.00157555126398	-0.000609626162236	0.000589193913249	0.999831323463	0.018346820671
-2.17468187194	-10.619502139	-0.00157431434217	-0.000608798095921	0.00058551180992	0.999862641077	0.0165525079338
-2.19416159175	-10.6189026495	-0.00157631833592	-0.000608801693013	0.000601055640667	0.999901414595	0.0140153196083
-2.21414527742	-10.6183949324	-0.00157493381022	-0.000627996770652	0.000620409858829	0.999935878036	0.0112898418399
-2.22813841083	-10.6181037593	-0.0015765012717	-0.000635104762636	0.000620841246252	0.999955021941	0.00944273757068
-2.24363324102	-10.617839484	-0.00157658960369	-0.000640960460562	0.000607582610033	0.99997092817	0.00757382520902
-2.259629038	-10.6176265365	-0.00157609230162	-0.000635519646001	0.000579476767068	0.999983533272	0.00567393214433
-2.27862281082	-10.6174518784	-0.00157576342232	-0.000628942320633	0.00054617010664	0.999993399813	0.00353644728993
-2.29111865148	-10.6173790724	-0.00157523162733	-0.000628416609776	0.000518018669017	0.999997111164	0.00226150661529
-2.3086129312	-10.6173296922	-0.00157610671023	-0.000629359390473	0.000491423668125	0.999999552362	0.00050762753404
-2.32660751584	-10.617342787	-0.00157549606744	-0.000634745338894	0.000489132891157	0.999998851647	-0.00128629423836
-2.34060403318	-10.6173970495	-0.00157588578998	-0.000636695864719	0.000498834378116	0.999996124924	-0.00266381677325
-2.36209827007	-10.6175551437	-0.00157592396561	-0.000636855952224	0.000534150135485	0.99998827724	-0.00477016570106
-2.37809367421	-10.6177301736	-0.00157594916109	-0.000638993048655	0.000555965418513	0.99998086046	-0.00612872775382
-2.39459229949	-10.6179446119	-0.0015764300733	-0.000653960142149	0.000523007045045	0.999977780745	-0.00661338161431
-2.41209786466	-10.6181703489	-0.00157742350028	-0.000666449866022	0.000407977578769	0.99998214503	-0.00592444263181
-2.4231039275	-10.61829383	-0.00157736035365	-0.000666084898714	0.000312851797112	0.999986746963	-0.00509552289519
-2.44811894652	-10.6184878141	-0.00157639349933	-0.000651289447352	0.000107873080146	0.999997622633	-0.00207819946843
-2.46162790053	-10.6185160191	-0.00157488480966	-0.000640134278088	1.13167591118e-05	0.999999766428	0.000239256347431
-2.47313424642	-10.6184887386	-0.00157564553014	-0.00062836517454	-2.54871264612e-05	0.999997272737	0.00224922772544
-2.49863706614	-10.6182851077	-0.00157367894541	-0.00060520677584	0.000123807260654	0.999985834012	0.005286792181
-2.49863706614	-10.6182851077	-0.00157367894541	-0.00060520677584	0.000123807260654	0.999985834012	0.005286792181
-2.52512535512	-10.6179755104	-0.00157475097917	-0.000600868724852	0.000552713423832	0.999982954715	0.00578132710873
-2.54961150571	-10.6177193421	-0.00157584874417	-0.000613467968411	0.000952996407364	0.999991158882	0.00404939656045
-2.56760336068	-10.61760547	-0.0015768056113	-0.000630917748432	0.00109832778334	0.999996980683	0.00210576442605
-2.57660062378	-10.6175764873	-0.00157650645382	-0.000635088115346	0.00109272937935	0.999998701712	0.000999589665852
-2.60008993232	-10.6176148611	-0.00157700639094	-0.000625501230554	0.000926795326702	0.999995231549	-0.00287865912941
-2.60508675971	-10.6176482837	-0.00157637894754	-0.000626706142782	0.00086825776193	0.999992308104	-0.00377320833303
-2.62457414997	-10.6178646512	-0.00157489309372	-0.000628739099103	0.000589375356364	0.999972823207	-0.00732189671964
-2.64855389377	-10.6183326442	-0.00157567394323	-0.000632708532436	0.000348998171583	0.999923779315	-0.0123253170794
-2.66054211234	-10.6186582705	-0.00157449492593	-0.000639115415153	0.000308111902429	0.999888463385	-0.0149183574475
-2.67652506216	-10.6191876178	-0.00157573995754	-0.000642554549966	0.00034310666624	0.999832015649	-0.018314198977
-2.69550024964	-10.6199533072	-0.00157541485607	-0.000646465981677	0.000493788730278	0.999753264489	-0.0221979368181
-2.70997673408	-10.6206359628	-0.00157557546054	-0.00064599229594	0.000645229571967	0.999683386658	-0.0251454332532
-2.72345003003	-10.6213482529	-0.00157562366596	-0.000645821868874	0.000781353989961	0.999610660204	-0.027883694261
-2.74440041752	-10.6225990195	-0.00157617494702	-0.000656298426633	0.000895968264387	0.999494608018	-0.0317694043941
-2.76384786753	-10.623901136	-0.00157628100103	-0.000662185569057	0.000856267892497	0.999381545647	-0.0351476106829
-2.7797988141	-10.6250678148	-0.00157603377523	-0.000665104905496	0.000743325560475	0.999285045838	-0.0377942094268
-2.79026491718	-10.6258771425	-0.0015762840223	-0.00067008066556	0.000628349013574	0.999230756433	-0.0392052492335
-2.81019678169	-10.6274943877	-0.00157591615716	-0.000658786804124	0.000389831713976	0.999131346598	-0.0416649286045
-2.82115504124	-10.6284249524	-0.00157622317584	-0.000651275187892	0.00029455936685	0.999075011936	-0.0429954602288
-2.84505492773	-10.630549208	-0.00157497352971	-0.000645216701711	0.000202544939436	0.998966342803	-0.0454509473768
-2.86645768771	-10.6325392995	-0.00157580871326	-0.000644345496002	0.000275787986521	0.998879885955	-0.0473126007922
-2.87989190349	-10.6338296961	-0.00157507895409	-0.00064966060176	0.000390516551693	0.99881823624	-0.0485958474896
-2.89829372675	-10.6356605365	-0.00157542401464	-0.000652755596941	0.000597427360273	0.998710187173	-0.0507659238848
-2.90674516651	-10.6365293146	-0.00157555322961	-0.000658487249962	0.000687811121947	0.998657447992	-0.051791841832
-2.92861187323	-10.6388594676	-0.00157563325642	-0.000672689976405	0.000829996499997	0.998516632537	-0.0544370566947
-2.94649753547	-10.6408473526	-0.00157667614956	-0.000690238288453	0.000799911274292	0.998426996485	-0.0560572600299
-2.96040782762	-10.642429771	-0.00157556880864	-0.000687078239543	0.000680191077679	0.998367733927	-0.0571045805236
-2.97232853331	-10.6438090707	-0.00157685240857	-0.000677322658063	0.0005481463181	0.998320000451	-0.0579345964754
-2.9971551009	-10.6467400884	-0.0015741654579	-0.00065029190617	0.000262220334169	0.998234846599	-0.059386020215
-3.00956373306	-10.6482311014	-0.00157522246061	-0.000637477840657	0.000169457367242	0.998192706833	-0.0600906392989
-3.0214728924	-10.6496784775	-0.00157467942502	-0.000634127289664	0.000136671656872	0.998151771396	-0.0607669356064
-3.04627888402	-10.6527421508	-0.00157484761962	-0.000646646962692	0.000230229040952	0.998070490576	-0.0620872344653
-3.0636399115	-10.6549243334	-0.0015754219983	-0.000662223183944	0.000394012551147	0.998013882233	-0.0629896585485
-3.07455120664	-10.6563116752	-0.00157544976186	-0.000671583845071	0.000504705798504	0.997981898411	-0.0634935011803
-3.09339577115	-10.6587322876	-0.00157546595491	-0.00068054229686	0.000651765881761	0.997933051978	-0.0642552397282
-3.10975711147	-10.6608578042	-0.0015758030114	-0.000680130097583	0.000705408667052	0.997891598674	-0.0648952780796
-3.12413225675	-10.6627432932	-0.00157532546136	-0.000677293745501	0.000680389455929	0.997859406846	-0.0653887032397
-3.13900372519	-10.6647039208	-0.00157591944366	-0.000680808264609	0.000567767209559	0.997860902642	-0.0653669114994
-3.16082064095	-10.6675689835	-0.00157612176504	-0.000665423288202	0.00031951250537	0.997886175187	-0.0649818166424
-3.17569682885	-10.6695116668	-0.00157532412033	-0.000653871312723	0.000175393223892	0.997910594998	-0.0646063934893
-3.18710362442	-10.6709912622	-0.00157467998463	-0.000647598052311	8.91852692275e-05	0.997940778532	-0.0641387184612
-3.20446429182	-10.67321901	-0.00157523814182	-0.000634677637776	4.11872106846e-05	0.997990544189	-0.0633598389972
-3.22728401128	-10.6761038444	-0.0015743702036	-0.000640909909808	0.000150251952466	0.998054151916	-0.0623496311246
-3.24316128663	-10.6780853774	-0.00157483769853	-0.000648112135556	0.000307632446202	0.998084028782	-0.0618688677994
-3.26300991166	-10.680542702	-0.00157519167714	-0.000667316114512	0.000520370528876	0.998117476166	-0.06132526131
-3.27095044232	-10.6815200826	-0.00157527177881	-0.000672694860158	0.000586894889486	0.998127378471	-0.0611632191991
-3.29278803804	-10.684197648	-0.00157617378253	-0.000679350644026	0.000684801862176	0.998148133222	-0.0608224767158
-3.30668547762	-10.6858952085	-0.0015754058759	-0.000677578064945	0.000659207891476	0.998160259933	-0.0606234428479
-3.32902144487	-10.6886138548	-0.00157547949737	-0.00066418698121	0.000505361682839	0.998174754643	-0.0603859475208
-3.33745933892	-10.6896388464	-0.0015753142609	-0.000659251765417	0.000430195830774	0.998178593342	-0.0603230976625
-3.36029191646	-10.6924070623	-0.00157500825133	-0.000647407562461	0.000238356584932	0.998187980161	-0.060168765243
-3.37021925422	-10.6936086205	-0.0015750781733	-0.000643749339938	0.000186712084519	0.998186944654	-0.0601861632535
-3.3900721532	-10.6960158116	-0.00157514664949	-0.000641862267295	0.000183291200757	0.998171689422	-0.0604386701921
-3.41339785944	-10.6988576095	-0.00157499010388	-0.000652269146853	0.000309009744771	0.998150711652	-0.0607835165687
-3.42530841626	-10.7003147985	-0.00157548303859	-0.000659339174278	0.000404065820663	0.998138194996	-0.0609880782849
-3.43672183664	-10.7017165387	-0.0015752749477	-0.000664683814645	0.000499068273466	0.998121589392	-0.0612584844358
-3.45805763267	-10.7043554173	-0.00157534135534	-0.000673446819757	0.000629384578789	0.998088401108	-0.061795581707
-3.4724455894	-10.7061480122	-0.00157563611742	-0.000676060090571	0.000651916226998	0.998073043664	-0.0620428679125
-3.49477565242	-10.7089306415	-0.00157518422701	-0.000679317317782	0.000534435300886	0.998094881373	-0.0616916581384
-3.50370925444	-10.7100382634	-0.00157588590501	-0.000672823497279	0.000457309265822	0.998106933285	-0.0614970560684
-3.52256798387	-10.7123659196	-0.00157520559743	-0.000655697178887	0.000296540976382	0.998124451261	-0.0612132495379
-3.54042748473	-10.7145727512	-0.00157410421255	-0.000627371171717	0.000229676929603	0.998083909907	-0.0618713377772
-3.55232775505	-10.7160618593	-0.00157458102965	-0.000626006425568	0.000253835603719	0.998039057414	-0.0625906028056
-3.57053590903	-10.7183749466	-0.00157344663215	-0.000730466765892	0.000337483130413	0.997972058425	-0.0636484338032
-3.58977334599	-10.7208436803	-0.00159537412268	-0.000999728928627	0.00040807985902	0.997972285944	-0.0636407927333
-3.60420885743	-10.7226817671	-0.00158725143816	-0.000933357002181	0.000417154021392	0.998026153011	-0.0627913428286
-3.6228572472	-10.7250146016	-0.0015751264663	-0.000692332815162	0.000401647471481	0.998104589002	-0.0615352644179
-3.63410662165	-10.7264011608	-0.0015727432222	-0.000660850247406	0.000389131368182	0.998125226429	-0.0612000344756
-3.65840130998	-10.7294059091	-0.00157288952348	-0.000635716221697	0.000449804483848	0.998067430647	-0.062135315422
-3.66482333843	-10.7302107373	-0.00157305707459	-0.000718215067621	0.000467183519282	0.998049551935	-0.0624208121517
-3.68262830807	-10.7324512017	-0.00158904062922	-0.00089767954705	0.000452642130593	0.998044575658	-0.0624981142578
-3.69404940908	-10.7338854507	-0.00158473312724	-0.000859357836063	0.000428000736349	0.998054252457	-0.0623441053506
-3.7122561879	-10.7361650577	-0.00157502275449	-0.000688176713033	0.000389802055636	0.998073521095	-0.0620372545847
-3.72452788194	-10.7376914375	-0.0015769348845	-0.000841737490742	0.000323536337496	0.998107985375	-0.061478747005
-3.73623066736	-10.7391314279	-0.00159408112735	-0.000948535960114	0.000260954967851	0.998149190207	-0.0608048211246
-3.75307123248	-10.7411744896	-0.00158151131447	-0.000859591010971	0.000227806773458	0.998214405904	-0.0597261170176
-3.77093643377	-10.743291891	-0.0015784786145	-0.000694674390635	0.000222666651823	0.998312062199	-0.0580731806883
-3.78154274224	-10.7445186215	-0.0015717322545	-0.000580582233024	0.000245387918396	0.998372353701	-0.0570284672315
-3.7955231583	-10.7461015566	-0.00156913530917	-0.000522406721173	0.000297154545435	0.998450869526	-0.0556372171578
-3.81332176385	-10.7480594841	-0.00157241999274	-0.000601544499246	0.000360017864054	0.998547645297	-0.053871222394
-3.82520768105	-10.7493316068	-0.00157753081712	-0.000686024545646	0.000395373972067	0.998610558756	-0.0526908435155
-3.83823298498	-10.7506935084	-0.00157921525416	-0.000839663070408	0.000408377735257	0.998684879172	-0.0512605141031
-3.85165004653	-10.7520478628	-0.00160320570606	-0.00136320080731	0.000334797795202	0.998805882427	-0.0488348115858
-3.86812354513	-10.7535945819	-0.00163229688718	-0.00173375903269	0.000151572768085	0.999020606048	-0.0442131179357
-3.87997043602	-10.7546033178	-0.00159963390848	-0.00131301756584	6.57345936959e-05	0.999193585872	-0.0401304076212
-3.89056763708	-10.7554105858	-0.00158392259877	-0.000784028581985	7.66578890026e-07	0.999374421533	-0.0353574728263
-3.90135905718	-10.7561183106	-0.00155579509261	-0.000275113471092	-2.33982589771e-05	0.999551088898	-0.0299590461817
-3.90840842277	-10.7565166037	-0.00155143132037	-0.000216419182751	1.78259156455e-07	0.999654630022	-0.0262787716286
-3.92202887327	-10.7571328088	-0.00159068472603	-0.000937533225599	9.39353469671e-05	0.999824386107	-0.0187165475989
-3.93173398419	-10.7574459384	-0.00160062760212	-0.00116559324414	0.000213600801115	0.999910302141	-0.0133410434307
-3.94201168458	-10.7576643888	-0.0015886092123	-0.000983669786013	0.000354053822545	0.999970086224	-0.00766379130069
-3.95015904372	-10.7577539056	-0.00157978365533	-0.000967371134083	0.000459185180168	0.999993971228	-0.00330315748296
-3.95921814738	-10.7577722759	-0.00159616592283	-0.000972369356195	0.000552781615433	0.999998304003	0.00146318874052
-3.96601289375	-10.7577300112	-0.00157968720444	-0.00085968199025	0.000566671124152	0.999987017296	0.00499049806018
-3.9775594297	-10.7575538216	-0.00158826739379	-0.000804951196063	0.000528070839348	0.999945581207	0.0103878688696
-3.98340734037	-10.7574189375	-0.00157542746007	-0.00068562278892	0.000472916632704	0.999915321298	0.0129867818955
-3.99349555288	-10.7571140086	-0.00156904020504	-0.000566527419812	0.000333984816485	0.999844639376	0.0176143297423
-3.99748081368	-10.7569667391	-0.00157245531462	-0.000768129283264	0.000272912092398	0.999801779785	0.0198931303719
-4.00532116619	-10.7566160913	-0.00161378467631	-0.00155888689163	0.00013035882761	0.999659554747	0.026044720805
-4.00989598249	-10.7563610907	-0.00163122833963	-0.00189763540962	7.09755838197e-05	0.999518654894	0.0309653429008
-4.01617704483	-10.755926632	-0.00161284396692	-0.00163063766791	0.000113362000286	0.999206692199	0.039790883806
-4.02022135034	-10.7555757138	-0.00158519075558	-0.00108706382757	0.000272960322083	0.998827819168	0.0483914397406
-4.02168120452	-10.7554299899	-0.00157679842202	-0.000842170921041	0.000350615773386	0.998627319915	0.0523702562241
-4.02475137808	-10.7550771889	-0.00156335641111	-0.000646981863222	0.000588887730106	0.997977949	0.0635550779695
-4.02593718392	-10.7549213855	-0.00156755410686	-0.000624155636252	0.000677514665993	0.997657078735	0.0684069050108
-4.02847033578	-10.7545495805	-0.00155773679353	-0.000554725364168	0.000767405225452	0.996884235915	0.0788728315286
-4.03008403667	-10.7542835501	-0.001564697742	-0.000882886485446	0.0007608149021	0.996095648991	0.0882728708759
-4.03101053442	-10.7541185657	-0.00158302365853	-0.00113189828061	0.000700740771667	0.995345773846	0.0963587995737
-4.03199784271	-10.7539225167	-0.00156493196728	-0.000858835102979	0.000581381595606	0.994397496853	0.105700249058
-4.03217491083	-10.7538911436	-0.00156028355209	-0.000719457674203	0.00052040375405	0.993418754463	0.114535539646
-4.03214513809	-10.7539017282	-0.00156049017238	-0.000563121479497	0.000498235055602	0.992671381314	0.120842721654
-4.03205816083	-10.7539281048	-0.00154963433227	-0.000315180757856	0.000502258698906	0.991587802323	0.129434457084
-4.03189869397	-10.753976642	-0.00154773002103	-0.000188315584024	0.00054985898705	0.990181508816	0.139786414899
-4.03175009384	-10.7540250038	-0.00154903470038	-0.000269989208017	0.000609080718457	0.988780569584	0.149373830838
-4.03167636779	-10.7540512424	-0.00154984338553	-0.000349813234036	0.000637719381737	0.987887420394	0.15517060151
-4.03158033202	-10.7540884745	-0.00154944472066	-0.000413972030939	0.000654856163821	0.986383224915	0.164461343169
-4.03150579165	-10.7541193583	-0.00154882469709	-0.000373525515251	0.000639195703228	0.98505672796	0.172228611466
-4.03140041801	-10.754164145	-0.00154686961187	-0.000269972541217	0.00059650814939	0.983393244573	0.181486357119
-4.03127701256	-10.7542177761	-0.00154598946936	-0.000205461790891	0.000553430480396	0.981741533157	0.190218857045
-4.03115015792	-10.7542750434	-0.0015461219717	-0.000210046255147	0.000523694058588	0.980062860696	0.198686865973
-4.03108165591	-10.7543071665	-0.00154636601037	-0.000233545085746	0.000514974791403	0.97909300067	0.203412330739
-4.03093233482	-10.754380403	-0.00154687926219	-0.000288426131587	0.000517124136413	0.976762635369	0.214323128805
-4.03084735059	-10.7544241499	-0.00154708427924	-0.000291389644361	0.000529908490181	0.975273241544	0.221001671076
-4.03074066152	-10.7544810113	-0.00154695925831	-0.000258879639792	0.000553869482635	0.973332688935	0.229397259924
-4.03065452953	-10.7545283528	-0.00154678811728	-0.000220966202409	0.000575907030961	0.971741008748	0.236048790343
-4.03051079736	-10.7546102859	-0.00154690196387	-0.000185705163602	0.000608906730808	0.969111903784	0.246620584481
-4.03039316903	-10.754680676	-0.00154724866862	-0.000189531470666	0.000624098733769	0.966819941079	0.255457973275
-4.03027703635	-10.7547543787	-0.00154739551215	-0.000204147225309	0.000614241996228	0.964028120015	0.265799482413
-4.03022682366	-10.7547874995	-0.00154766988673	-0.000209910215979	0.000602500141807	0.962727641013	0.270471961875
-4.03013960622	-10.7548466243	-0.0015478216472	-0.000213369437737	0.000577741301091	0.960416176497	0.278568463061
-4.03006462779	-10.7548986372	-0.00154774781044	-0.000212072239425	0.000560153752261	0.95855255593	0.284915143111
-4.02990958353	-10.7550099978	-0.00154792950781	-0.000193393977778	0.00054224018805	0.954626601811	0.2978048349
-4.0298063322	-10.7550872861	-0.00154818273528	-0.000178915996702	0.000549383022785	0.951858079544	0.306538517275
-4.02975788195	-10.7551245884	-0.0015482482039	-0.000173001567491	0.000557801786115	0.950440280585	0.31090662902
-4.02964689357	-10.7552125926	-0.00154850504306	-0.000168276057676	0.000586508712652	0.947052181873	0.321079106296
-4.02957294968	-10.7552732477	-0.00154869400202	-0.000169515316321	0.000607361561179	0.944734805299	0.327834943276
-4.02946433659	-10.7553652375	-0.00154904942504	-0.00016738815425	0.000628816320822	0.94134937125	0.337432864165
-4.02940823962	-10.7554142182	-0.00154902943209	-0.000160637095614	0.000632152815751	0.939533622178	0.342456051744
-4.02927928834	-10.7555305469	-0.00154903182082	-0.000141053276511	0.00062091791791	0.935285223511	0.353894257154
-4.0292220824	-10.7555838021	-0.00154905856029	-0.000135720015923	0.000611476504598	0.93338568764	0.358874303602
-4.02911903403	-10.7556824299	-0.00154906570468	-0.00013517039566	0.000593142167883	0.929881992536	0.367857458628
-4.02903891839	-10.7557616637	-0.0015492497012	-0.0001383100199	0.000580244127647	0.926954765963	0.37517263499
-4.02895303402	-10.7558495156	-0.00154912043509	-0.000140049378864	0.000570342969954	0.923468123954	0.383674704843
-4.02886473487	-10.755942831	-0.00154940432748	-0.000137836455582	0.000572581662615	0.919700750358	0.392619641564
-4.02878081479	-10.7560344936	-0.00154928656453	-0.000131211357232	0.000586534727398	0.916056605202	0.401048544227
-4.02869857164	-10.7561270012	-0.00154959267166	-0.000121093675624	0.000606785990337	0.91255729634	0.408948405111
-4.02863896733	-10.7561959642	-0.00154946669696	-0.000110472191691	0.00062069413037	0.909942184077	0.414734643081
-4.02854242936	-10.7563112179	-0.00154947896939	-9.3329185574e-05	0.000634935079951	0.905573942866	0.424187956157
-4.02847274391	-10.7563973922	-0.00154945752462	-8.53953900721e-05	0.000637539633085	0.902315166145	0.43107647488
-4.02838841188	-10.7565052454	-0.00154938543026	-8.30086558071e-05	0.000631050806257	0.898224094099	0.439537338192
-4.02833214568	-10.7565795827	-0.00154942050797	-8.08233551853e-05	0.00061966104489	0.895192586168	0.445679080906
-4.02824888009	-10.7566935443	-0.00154915137282	-7.84860662337e-05	0.000599008420415	0.890172771952	0.455622728915
-4.02821552742	-10.7567406033	-0.00154913566779	-8.06881106203e-05	0.00059309321603	0.888088120083	0.459672853992
-4.02814257282	-10.756846458	-0.00154913615021	-8.52486103852e-05	0.000587203586059	0.883268593282	0.468866974788
-4.02809598045	-10.7569164404	-0.00154903844901	-8.36647120201e-05	0.000588643042612	0.87991620676	0.475128525328
-4.02803933812	-10.7570040969	-0.00154896038919	-7.54400426081e-05	0.000596628736718	0.875662187658	0.482923773952
-4.02798586379	-10.7570897893	-0.00154885602547	-6.24614130719e-05	0.000609050218657	0.871465903141	0.490455711374
-4.02795079871	-10.7571475992	-0.0015487440029	-5.22272605716e-05	0.000618177363502	0.868597304834	0.495518251091
-4.02787815866	-10.7572723317	-0.00154858536941	-3.66612080742e-05	0.000634463019244	0.86239130544	0.506241871456
-4.02784477857	-10.7573319352	-0.00154859285941	-3.04390377139e-05	0.000636001195946	0.859169237574	0.511691133188
-4.02780308258	-10.7574092922	-0.00154821626511	-2.45570888779e-05	0.000628635737982	0.854454365324	0.519526074218
-4.02776188559	-10.7574890777	-0.00154821595558	-2.83161425677e-05	0.000618117014932	0.849531829448	0.527537001436
-4.02772316553	-10.7575676593	-0.00154795678173	-3.55152224426e-05	0.00060859732639	0.844674569633	0.535279833138
-4.02769350997	-10.7576300513	-0.00154788630832	-3.86275427849e-05	0.000604236280839	0.840998107846	0.541037721426
-4.0276543402	-10.7577159274	-0.00154765090589	-3.33352065497e-05	0.000601076578286	0.835900338224	0.548880918007
-4.02762618047	-10.757779906	-0.00154764636746	-1.80179075183e-05	0.000596554342693	0.831397359886	0.555678030674
-4.02759717811	-10.7578487677	-0.00154698403775	-4.34033571922e-06	0.000595759962124	0.826079391637	0.563553443574
-4.0275797256	-10.7578919852	-0.00154724015035	-8.96491178033e-07	0.000602158028114	0.822732622409	0.56842824475
-4.027551688	-10.7579652612	-0.00154688526957	-5.64156078697e-07	0.000618987054136	0.81699697176	0.576641626133
-4.02752503642	-10.7580389285	-0.00154697520109	5.5941610241e-07	0.00063522050055	0.811979262748	0.583685937265
-4.02749639112	-10.7581236646	-0.00154656082957	1.40692681238e-05	0.000641320734619	0.806163868911	0.591691984881
-4.02748356267	-10.7581635195	-0.00154638137101	2.22873548336e-05	0.000638027305023	0.803454719445	0.595365523208
-4.02744984512	-10.7582750449	-0.0015462096281	3.89175270598e-05	0.000623982122007	0.796166200489	0.605077672973
-4.02743704779	-10.7583204612	-0.00154592564688	3.98323532335e-05	0.000618284456211	0.793250662971	0.608894902125
-4.02741164955	-10.7584156005	-0.00154593971547	3.71985745667e-05	0.000603257378202	0.786417391405	0.617695168504
-4.02739871536	-10.7584688646	-0.00154511652566	3.8361612759e-05	0.00058432419028	0.779903189021	0.625899890436
-4.02739575894	-10.7584816494	-0.00154520190456	3.66749704958e-05	0.000582562681866	0.778299498739	0.627892944329
-4.0273842049	-10.7585355126	-0.00154533271461	2.84530971746e-05	0.000589155708357	0.771349538174	0.636411456563
-4.02737362535	-10.7585905848	-0.00154534088861	3.29814568466e-05	0.000606646173994	0.764344441539	0.644807882692
-4.02736865829	-10.7586193899	-0.00154516199231	4.39467059269e-05	0.000614675349816	0.760563050522	0.649263788012
-4.02736132776	-10.7586665816	-0.00154488891144	6.87619077827e-05	0.000621875905588	0.754261844916	0.656573436751
-4.02735570023	-10.7587091957	-0.00154469451299	9.37848924693e-05	0.000623176831781	0.747580017718	0.66417145374
-4.02735241513	-10.7587399209	-0.00154451775399	9.81181580073e-05	0.000624602445582	0.742860751694	0.669445669071
-4.02734984477	-10.7587708238	-0.00154459451977	9.39298145984e-05	0.000621229062312	0.736914294065	0.67598589368
-4.02734870558	-10.7587937717	-0.00154441629008	8.56752605279e-05	0.000613176101255	0.731088420553	0.682282447384
-4.02734822799	-10.7588152878	-0.00154432759337	7.72743220172e-05	0.000602353106207	0.725210344002	0.688527115045
-4.02735912893	-10.7585497684	-0.0015462173807	0.000200699544224	0.000467379112855	0.719063220908	0.694944476641
-4.02738846707	-10.7573145453	-0.00153990865385	0.000598016560759	5.20128781513e-05	0.712991399361	0.70117252093
-4.02740108673	-10.7558785507	-0.00153426809738	0.000707033877889	-0.000112405586391	0.707933079127	0.706279153696
-4.02739291037	-10.7542509833	-0.00153988282068	0.000385802710624	0.000110340376759	0.702482319291	0.711701081961
-4.02733813004	-10.7516475751	-0.00154996260203	9.96419131476e-05	0.000291972152318	0.696474481411	0.717581494722
-4.0271799216	-10.7476659984	-0.00154975105372	-0.00012833611874	0.00046515810316	0.688771518906	0.724978318228
-4.02698453164	-10.7443460152	-0.00155951895581	-0.000181874035864	0.000562416905884	0.682682302887	0.730715077123
-4.02664119753	-10.7398981629	-0.00154807822099	0.000165946337839	0.000310216581492	0.675979589654	0.736920260679
-4.02637127497	-10.7369661308	-0.0015387726681	0.000288964159238	0.000257222011597	0.671656345295	0.740862743133
-4.02601810677	-10.7335843865	-0.00154672393807	0.000263888510956	0.000344757050831	0.66672327639	0.745305228899
-4.02521802319	-10.7270683436	-0.00154607457993	0.000149886057347	0.000457560095213	0.658237541438	0.752810140218
-4.0244345521	-10.7215939539	-0.00156221555628	-0.000134086381553	0.000685501124338	0.65123461151	0.758876138036
-4.02407436829	-10.7192910327	-0.00156679945631	-0.000240855950162	0.000759795523237	0.648309113122	0.761376817707
-4.02274436397	-10.7116067039	-0.00156644626044	-0.000182729073119	0.000577053785665	0.639140608004	0.769089667607
-4.02147031458	-10.7050877969	-0.00154474286465	6.97039985548e-06	0.000319675676765	0.631680993192	0.77522836674
-4.02038411486	-10.6999919047	-0.00155159449936	5.0333161207e-05	0.000261181322244	0.625910414707	0.779894917288
-4.01859613342	-10.6922990922	-0.00154504011984	1.22976155987e-05	0.000304439501078	0.617625337554	0.786472408655
-4.01736731455	-10.6873909774	-0.00156029338173	-0.000144686454964	0.000507608063635	0.612336549441	0.790597034917
-4.01611243987	-10.6826433853	-0.00157058683332	-0.000290495760423	0.000708921036683	0.607237888039	0.794519704207
-4.01366464638	-10.6740018414	-0.00157257502004	-0.000176822383576	0.000630858851213	0.598475820022	0.801140601643
-4.01175911925	-10.6677234947	-0.00154899532103	2.54302865676e-05	0.000425094190866	0.592335249212	0.805691486358
-4.01050773161	-10.6637776084	-0.00155035372876	7.66094825622e-05	0.000383105853539	0.588427369915	0.808549984661
-4.00753019777	-10.6548691674	-0.00155059464994	0.000114459092741	0.000330382394548	0.579962860248	0.814642841054
-4.00430699164	-10.6458481048	-0.00156311153508	-0.000104663780225	0.000558528402697	0.571441766581	0.820642421825
-4.00223586137	-10.6403432978	-0.00157285268201	-0.000268638626449	0.000723313335825	0.566214733664	0.82425741127
-3.99902885031	-10.6322095482	-0.0015794522195	-0.000380433464358	0.000810228308911	0.558410830403	0.829564068224
-3.99538953165	-10.6234866327	-0.00157059945243	-0.00028192956265	0.000668289332744	0.549916289795	0.835219461054
-3.99245477042	-10.6167986903	-0.00156274390577	-0.000139506634182	0.000515932615429	0.543284492268	0.839548494616
-3.98780600366	-10.606757379	-0.00155767164391	-2.5318073803e-05	0.000470805308148	0.53313840187	0.846027908613
-3.9866836746	-10.6044246074	-0.00155924775695	-2.93067535604e-05	0.000504369275295	0.530751181248	0.847527538406
-3.98193741196	-10.5949100459	-0.00156855935224	-0.000103617888178	0.000694457946666	0.520948928671	0.8535875589
-3.97853355706	-10.5884024705	-0.00156901785763	-7.65201736671e-05	0.000659931318513	0.514411237387	0.85754337353
-3.97595992591	-10.5836360653	-0.00156249547826	-5.72348606389e-05	0.000617479600863	0.509602989894	0.860409442146
-3.97025155919	-10.5734955756	-0.00156431262484	-6.17450022959e-05	0.000549661479068	0.499266407859	0.866448352785
-3.966313171	-10.566814057	-0.00156140461249	-9.53458605011e-05	0.000539019873681	0.492390259642	0.870374363464
-3.96332016707	-10.561892532	-0.00156492439516	-0.000138837724632	0.00056981081485	0.487268631944	0.873251931783
-3.95689602813	-10.5517443249	-0.00156874103412	-0.00014064840042	0.000529348370621	0.476772977842	0.879026295175
-3.9518598947	-10.5441431233	-0.00155142455979	-3.58040335095e-05	0.0003578050693	0.469147585176	0.883119705373
-3.94777008022	-10.5381728416	-0.00155570666804	-3.62047562961e-05	0.000391569755632	0.463065273227	0.886324093147
-3.94245778698	-10.5306704995	-0.00156498713232	-9.55083173979e-05	0.000548148850985	0.455365452467	0.890304439566
-3.9350274526	-10.5206037977	-0.00155291855545	8.72108525938e-05	0.000220515669307	0.445719886696	0.895172456218
-3.93028092054	-10.5143973536	-0.00153286022358	0.000241563150244	-0.000101568898509	0.440162727074	0.897917983463
-3.92235436693	-10.5043707024	-0.00153503856741	0.000205389824729	-0.000130084289717	0.431349879577	0.902184694108
-3.91859292847	-10.4997480526	-0.00154149250117	0.00010689012227	-6.40317845463e-06	0.427411359617	0.904057253831
-3.90668612358	-10.4856261303	-0.00157882218039	-0.000386586544693	0.000770643331377	0.415356221609	0.909658433606
-3.89792934645	-10.475700425	-0.00158933781169	-0.000462488065541	0.000843942939332	0.407018085401	0.913419592532
-3.88971927632	-10.4667136442	-0.00155840205214	-0.000267042422154	0.000459221992111	0.399576805949	0.916699565807
-3.88193057163	-10.4584553297	-0.00154966765036	-0.000112767678744	0.000241058133261	0.392565335585	0.919724081707
-3.87320896672	-10.4495020264	-0.00155178786174	-5.37797560612e-05	0.000278736445159	0.384826947937	0.922988699581
-3.86456890049	-10.4409152382	-0.00155380835005	-8.98954379396e-06	0.000313186659335	0.37754916623	0.925989486394
-3.85254418356	-10.4293980282	-0.00156428600143	-9.37247114307e-05	0.000591684015937	0.3676654248	0.929957943421
-3.84477745125	-10.4222130566	-0.00157414994076	-0.000127233408765	0.000628147259773	0.361467397078	0.932384529093
-3.83468069335	-10.4131468004	-0.00155292154709	-7.88096554903e-05	0.000367052345264	0.353754049968	0.935338404639
-3.82279849311	-10.4028552203	-0.00155373609115	-0.000138351239068	0.000312479385607	0.344788737533	0.938680248906
-3.81128079998	-10.3932489347	-0.00156304992177	-0.000256837054499	0.000434750039539	0.336335195829	0.94174220521
-3.80590053798	-10.388878607	-0.00156440600336	-0.000298871177635	0.000491078670361	0.332486938363	0.94310768491
-3.78985095192	-10.3762643391	-0.00157195065037	-0.000363811165304	0.000651191772173	0.321178370754	0.947018425243
-3.77973867602	-10.3686303683	-0.00157283976254	-0.000323356734399	0.000636223467456	0.31420741756	0.949354090638
-3.76836686946	-10.360312651	-0.00155774293773	-0.000136045845062	0.000282334642333	0.306797623536	0.951774721229
-3.75714101781	-10.35236427	-0.00153878933707	-1.5204022532e-05	0.000124671838405	0.299608099413	0.954062351732
-3.7435050279	-10.3430448292	-0.0015566096215	-4.35125984811e-05	0.000364140763851	0.290960738943	0.95673492353
-3.73135029386	-10.3350323747	-0.00156766890258	-0.000104365436214	0.000564362190716	0.283502674844	0.958971273793
-3.71857356837	-10.3268958858	-0.0015720892442	-0.000185008949847	0.000721021716957	0.275795047721	0.961216176285
-3.70275495166	-10.3172152339	-0.00157657186673	-0.000252108512365	0.000717592709087	0.266396422578	0.963863251473
-3.68637349329	-10.3076236205	-0.00155637560192	-0.000212878000497	0.000368137654306	0.256972766951	0.966418551251
-3.67109809298	-10.299062463	-0.00155547299495	-0.000225552016254	0.000303727515622	0.248245395312	0.968697104663
-3.65819151997	-10.2921070138	-0.00156294103395	-0.000261722632961	0.000422825320319	0.240955568077	0.97053602042
-3.64160782432	-10.2835301275	-0.00157223801492	-0.000294163205504	0.000644229964181	0.231699715455	0.972787099161
-3.62570620393	-10.2756759526	-0.00157786975099	-0.000276939651926	0.000758359587005	0.222923558636	0.974835593934
-3.61762217607	-10.2718194885	-0.00157756059959	-0.000236153424478	0.000699677402583	0.218539489984	0.975827826003
-3.60126136515	-10.2642812595	-0.00156264510663	-0.000133870012563	0.000497675110909	0.209761274146	0.977752495403
-3.58341786159	-10.2564624661	-0.00156257353537	-8.79825391626e-05	0.000456450797688	0.200227495908	0.979749321916
-3.5695862262	-10.2506830416	-0.00156721577598	-0.000107254555643	0.000553658393473	0.19289081889	0.981220063975
-3.55518099082	-10.2449184863	-0.00157428474883	-0.000152402192729	0.000677602113234	0.18531381344	0.982679148134
-3.53784647372	-10.2383191228	-0.00157719265511	-0.000204894099915	0.00073466217082	0.176267897308	0.984341935848
-3.52086379844	-10.2322044554	-0.00157495352449	-0.000230342888217	0.000671621518055	0.167451797816	0.985880008558
-3.50664396295	-10.2273470522	-0.00157087981746	-0.000232053274422	0.000589513006923	0.160089667634	0.987102272788
-3.49903696249	-10.2248455255	-0.00156928190311	-0.000227922787993	0.000557015820262	0.15615851341	0.987731824168
-3.47227341971	-10.2165729574	-0.00157023653776	-0.000197230443494	0.000568892750034	0.142381223847	0.989811711669
-3.45494047565	-10.2116464896	-0.00157350811714	-0.000167278682413	0.000637152738533	0.133520964818	0.991045769886
-3.44139042172	-10.2080268219	-0.0015752247119	-0.000140723861521	0.000673968839375	0.126624916219	0.991950430493
-3.42827411066	-10.2047142095	-0.00157552691351	-0.000116128171627	0.000678900798738	0.119970125387	0.992777263349
-3.40974486896	-10.2003512832	-0.0015739663943	-9.19981192383e-05	0.000646843318137	0.110594689229	0.993865377123
-3.39065608627	-10.1962400056	-0.00157238264312	-8.99337615155e-05	0.000610691853034	0.100960910444	0.994890201746
-3.37838288658	-10.1938000432	-0.00157231344585	-0.0001014059624	0.000604165966507	0.0947674120156	0.995499252797
-3.36213681952	-10.1908134399	-0.00157309380869	-0.000126980302754	0.000616076076068	0.0865703355187	0.996245542692
-3.35127740207	-10.1889706208	-0.00157393608462	-0.000144770313653	0.000629398763646	0.0811014993514	0.996705638442
-3.32503058757	-10.185020176	-0.00157496989246	-0.000169295519862	0.000646185794622	0.0678976831101	0.997692065926
-3.30963197179	-10.1830325098	-0.00157460830344	-0.000165839763956	0.000639211847922	0.0601461192456	0.998189364923
-3.29520239176	-10.1813901359	-0.00157416863446	-0.000149437057979	0.000628922306129	0.0528890885107	0.998600183478
-3.27726190209	-10.1796435969	-0.00157374301026	-0.000117937728141	0.00062254978784	0.0438828039307	0.99903648484
-3.25929414141	-10.1782197263	-0.00157399817865	-8.02447972614e-05	0.000626649182822	0.0349446058926	0.999389051066
-3.24730210466	-10.1774486458	-0.00157434246372	-5.78753948107e-05	0.000634242702594	0.0289942120953	0.999579376564
-3.22429263177	-10.176369287	-0.00157476964723	-3.47434849825e-05	0.000643809079222	0.017607713651	0.999844764312
-3.21528270612	-10.1760892496	-0.00157484489912	-3.24698071463e-05	0.000643755713235	0.013164812155	0.99991313235
-3.19325155688	-10.1757412949	-0.0015743198078	-4.41943548473e-05	0.000636952273889	0.00230955795761	0.999997129136
-3.17522574665	-10.1758114155	-0.00157401463776	-6.14563202465e-05	0.000628638973662	-0.00645626695379	0.999978958605
-3.16621529551	-10.1759635885	-0.0015735187662	-6.09596341003e-05	0.000622751157558	-0.0106828822991	0.999942740606
-3.14119817896	-10.1767818179	-0.00157339728216	-4.18475035204e-05	0.00062780138083	-0.0223206872591	0.999750664433
-3.12369807971	-10.1777029123	-0.00157483979987	-3.35147030885e-05	0.000639915305995	-0.0306868324921	0.999528842854
-3.11870046098	-10.1780204021	-0.00157483697135	-3.42717366357e-05	0.000643609195516	-0.0331239836563	0.999451042473
-3.09672974247	-10.1797077255	-0.0015745360792	-4.13049454102e-05	0.00064499491356	-0.0438822925101	0.999036499173
-3.07679341261	-10.1816513514	-0.00157346382513	-4.28670364205e-05	0.000634569020593	-0.0536206325757	0.998561176517
-3.05938725047	-10.1836623622	-0.00157261999032	-1.21761142352e-05	0.000612515361788	-0.0615064561979	0.998106497586
-3.04995420704	-10.1848660187	-0.00157347112625	2.22411555721e-05	0.000609417150436	-0.065642535708	0.997843016522
-3.02814881548	-10.1879515357	-0.00157247161202	8.97601380368e-05	0.000617463979774	-0.075068383837	0.997178192917
-3.01430331141	-10.1901234799	-0.0015735708905	0.000145284033142	0.000613892645942	-0.080469780717	0.996756849196
-2.9980170327	-10.1928658757	-0.00157359817307	0.000226730617216	0.000613409345391	-0.0863807947027	0.996261978914
-2.98619242074	-10.1949803589	-0.00157241954754	0.000258185261252	0.000613323430235	-0.0906205018457	0.995885275431
-2.96161620178	-10.1997139499	-0.00157456056797	0.000234982130973	0.000623575541742	-0.100014613668	0.994985745119
-2.94348695151	-10.2035396971	-0.00157297299723	8.59180039128e-05	0.000650190095735	-0.108332711742	0.994114477028
-2.93273758476	-10.205963637	-0.00157330807366	-2.88522727436e-05	0.000654812485294	-0.113524254711	0.993535008936
-2.91666654417	-10.2098035259	-0.00157183232812	-0.000142874217393	0.000636055231785	-0.12076448594	0.992680972899
-2.8967879281	-10.2148864671	-0.00156937086911	-0.00015614059034	0.000618042804689	-0.129291790444	0.991606386913
-2.88808996384	-10.2172255996	-0.00156943316066	-0.000126459556943	0.0006154051358	-0.132997596699	0.991116160981
-2.86353971752	-10.2241875881	-0.00157134351968	0.000113622470437	0.000602360806871	-0.142237821476	0.989832322362
-2.84771933298	-10.2289126382	-0.00157070712709	0.00035639594324	0.000577865644913	-0.14689075684	0.989152488046
-2.83289619213	-10.233477109	-0.00157204530806	0.000565340747361	0.000551501967661	-0.150683593103	0.988581727024
-2.81715455108	-10.2384474689	-0.00157184178656	0.000728312161327	0.000515472831081	-0.153795365075	0.988102317339
-2.80144446926	-10.2434986713	-0.00157119784431	0.000817102417062	0.00049085053446	-0.155944564588	0.987765348747
-2.79145857378	-10.24674438	-0.00157118013218	0.000812538166988	0.000493423608601	-0.157132396284	0.987577088815
-2.77483084865	-10.2522011688	-0.00157111088981	0.000710433159135	0.00050941702616	-0.158566889179	0.987347850271
-2.75204734971	-10.2597429177	-0.00157112195825	0.00050324160737	0.000557313445752	-0.159836774089	0.987143171885
-2.73544269226	-10.2652777265	-0.00157162557315	0.000341681785481	0.000586311093467	-0.160562358936	0.987025464913
-2.72453551471	-10.2689263818	-0.00157263767173	0.000280841519464	0.000594111086914	-0.160917550256	0.986967633806
-2.70367741011	-10.2759274804	-0.00157057393698	0.000267605654855	0.000594690277854	-0.161542894472	0.98686547613
-2.68661900393	-10.281677715	-0.00157211486768	0.000349234732619	0.000581665611535	-0.162260850469	0.986747665873
-2.67477782252	-10.2856905216	-0.00157174470766	0.00041959672624	0.000579551823082	-0.163118182532	0.98660627739
-2.66104973669	-10.2903740234	-0.00157185657405	0.000497043268407	0.000566496721687	-0.164194103334	0.9864277614
-2.64165935432	-10.2970469953	-0.00157184553138	0.000588091999221	0.000548027246791	-0.165842637983	0.986151901707
-2.63173656949	-10.3004915266	-0.00157142608487	0.000597320707105	0.000546047219962	-0.16685884558	0.985980461618
-2.61285691	-10.3071107169	-0.00157203447555	0.000554831594117	0.000543785466591	-0.168869296696	0.985638147137
-2.59683193855	-10.3127956057	-0.00157067544231	0.000487051301167	0.00055052668623	-0.17042876694	0.985369725078
-2.57611910469	-10.3202043224	-0.00157072511368	0.000452810886567	0.0005352641584	-0.171053191856	0.985261545992
-2.56906091806	-10.3227311368	-0.00157030289256	0.00047164814123	0.000529366440669	-0.170938345787	0.985281472098
-2.55494210945	-10.3277775806	-0.00156992481003	0.000525611961894	0.00053035692431	-0.170579205499	0.985343684764
-2.53092299717	-10.3363128246	-0.00157213650783	0.000683633994233	0.000511624480708	-0.168639182521	0.98567748123
-2.52243628148	-10.3392963715	-0.00157211811119	0.000758705708348	0.000504870449656	-0.167615680616	0.985851993498
-2.4978798658	-10.3478129637	-0.00157223912085	0.000882193035103	0.000491383258162	-0.164345535363	0.986402314111
-2.48273946405	-10.3529592273	-0.00157249221986	0.000926386163241	0.000471485297095	-0.161399714028	0.986888571127
-2.46756909971	-10.3579992169	-0.00157083517921	0.00095775832846	0.000459506417538	-0.157607620138	0.98750124538
-2.45140785065	-10.3632196602	-0.00157156095361	0.000946255724447	0.000470635085393	-0.153225189187	0.988190732855
-2.43853994081	-10.3672564905	-0.00157230921638	0.000931840489101	0.000477056307572	-0.149112646765	0.988819661347
-2.42037049315	-10.3727382928	-0.00157253270368	0.000948091806252	0.000488406483103	-0.142364473768	0.989813729542
-2.40645209709	-10.3767509731	-0.00157240670409	0.000951064292009	0.000503811336335	-0.137072013783	0.990560500267
-2.40164226558	-10.3781004276	-0.00157298146271	0.000947257218757	0.000508787880228	-0.135265202902	0.990808845703
-2.37413317187	-10.3854580663	-0.0015739740687	0.000915117736299	0.000528832517694	-0.125002269486	0.99215589275
-2.36589962818	-10.3875420421	-0.00157352989661	0.000901060371375	0.000531543825737	-0.121945731944	0.992536217985
-2.34209975788	-10.3932685925	-0.00157383926127	0.000853607973113	0.000536185133755	-0.113347603074	0.993554882599
-2.32260236334	-10.3976381165	-0.00157383910965	0.000830780197719	0.000541109277237	-0.10636203469	0.994326975688
-2.31380906792	-10.399515048	-0.00157375378723	0.00082752633148	0.000544604848839	-0.103240837552	0.994655894301
-2.28932176973	-10.4044581876	-0.00157488383233	0.000786721728709	0.000575505312988	-0.0956819476175	0.995411480124
-2.27508374055	-10.4071647201	-0.001575374348	0.000747449319889	0.00058115300877	-0.0916636351214	0.995789576957
-2.26623591863	-10.4087867987	-0.00157594842341	0.000733099376893	0.000581164334207	-0.0891838003387	0.996014746161
-2.24999594949	-10.4116457818	-0.00157399450537	0.000719637006468	0.000574767009462	-0.0846338278999	0.996411695506
-2.23422611059	-10.4142764879	-0.00157443144965	0.000723771623474	0.000565315736579	-0.0802235070195	0.996776477197
-2.20904958208	-10.4181807246	-0.00157432366872	0.000765977254628	0.000570044825195	-0.0733103234845	0.997308720908
-2.1932232513	-10.4204590191	-0.00157521050634	0.000771708334325	0.000587710185816	-0.0693988853825	0.997588519266
-2.17886349443	-10.4224186972	-0.00157603455955	0.000765758658842	0.000593569875076	-0.0659241771505	0.997824164949
-2.16002759051	-10.4248341501	-0.00157540856223	0.000755096234942	0.000592235562094	-0.0612641194419	0.998121128298
-2.14167077612	-10.4270028737	-0.00157441666396	0.000783745179005	0.000565292011651	-0.0557130938358	0.99844635177
-2.1337282292	-10.427873318	-0.00157446380515	0.000820298780338	0.000555658830921	-0.0529879981737	0.998594657708
-2.11086976133	-10.4301292682	-0.00157385350389	0.000914772129339	0.000569707941567	-0.0451814081989	0.998978217469
-2.09494288394	-10.4314964584	-0.00157597294147	0.00091735846807	0.00060033075076	-0.0402298832511	0.999189849103
-2.07600732365	-10.4329172104	-0.00157720883991	0.00087787643982	0.000622859698413	-0.0344340899588	0.999406391228
-2.06653275415	-10.4335451574	-0.00157641662452	0.000842476217003	0.000625398088684	-0.0315679731711	0.999501056618
-2.04208578038	-10.4349172259	-0.00157542847102	0.000724384484235	0.000611012360487	-0.0243400303064	0.999703288409
-2.02761284042	-10.4355630603	-0.00157509276844	0.000671072845103	0.000604533479663	-0.02007922874	0.999797983982
-2.01063970085	-10.4361638487	-0.00157457328952	0.000638128001999	0.000609987849344	-0.0151938352592	0.999884177331
-1.99315825915	-10.4366189374	-0.00157570123511	0.000613512554323	0.000633017068901	-0.0107880311065	0.999941418922
-1.98366485562	-10.4368035311	-0.00157577830053	0.000609112583874	0.000638269809836	-0.00847701718709	0.999963680227
-1.96567461438	-10.4370335753	-0.00157663723885	0.000634152046658	0.000641403963568	-0.00416044364673	0.999990938539
-1.94418413575	-10.4371136288	-0.00157517214632	0.000662117460286	0.000636074884324	0.000514487818183	0.999999446156
-1.93069163914	-10.4370633074	-0.001576255082	0.000678654538372	0.000627119717857	0.00337578588871	0.99999387509
-1.91420402108	-10.4368962295	-0.00157513111152	0.000699541988388	0.000625385144842	0.0069368634694	0.99997549943
-1.89971718765	-10.4366497933	-0.00157487901167	0.00071662297166	0.000624600599482	0.0102712655879	0.999946797299
-1.8757432362	-10.4360270051	-0.00157541794172	0.000730136343713	0.000638905479508	0.0158507249422	0.999873898659
-1.8652556122	-10.4356708153	-0.00157577547685	0.000721273520461	0.000646217906221	0.0181910959764	0.999834059329
-1.84427891009	-10.4348264495	-0.00157651237124	0.000632293162011	0.000670714216836	0.0217366011706	0.999763307247
-1.82729518588	-10.4340525222	-0.00157689765404	0.000496000840343	0.000670895865527	0.0237084989671	0.999718565877
-1.80782036783	-10.4330852763	-0.00157602266357	0.000382525911642	0.000647275185756	0.0260397379081	0.999660625792
-1.7968410036	-10.4324963212	-0.00157392271161	0.000370453085322	0.000626899225156	0.0276977630118	0.999616078145
-1.78137794523	-10.4316028551	-0.00157431839508	0.000411221049143	0.000617622900495	0.030131118406	0.999545679368
-1.75893963809	-10.430173909	-0.00157536967997	0.000535027943973	0.0006405088825	0.0334373258565	0.999440467828
-1.74248368417	-10.4290400281	-0.00157583357604	0.000612227363081	0.000669609086468	0.0354113905905	0.999372408173
-1.73600071248	-10.4285758128	-0.00157626287958	0.000635974371061	0.000675125221085	0.0361687725724	0.999345265478
-1.71954648447	-10.4273530635	-0.00157719090602	0.000675449636453	0.000676916302314	0.0380769309503	0.999274353159
-1.70359563823	-10.426110223	-0.001576150352	0.000656400999067	0.000670380337424	0.0395260952905	0.999218098074
-1.67817427114	-10.4240736435	-0.00157640373408	0.000438863788915	0.000666010865331	0.0398066500138	0.999207082863
-1.66321554739	-10.4228884954	-0.00157657984946	0.000248562276054	0.00066428088533	0.0389853396167	0.999239530965
-1.65473813541	-10.4222283401	-0.00157536427441	0.000158486686439	0.000652413947421	0.0386726681812	0.999251707016
-1.62233936591	-10.4197161304	-0.00157345773809	0.00014021909207	0.000618458566924	0.0388811117853	0.999243642459
-1.6088839178	-10.4186675071	-0.00157444630818	0.000233335489721	0.000626764352603	0.0388722756118	0.999243963659
-1.59492547973	-10.4175874448	-0.0015766253919	0.000337997463502	0.000658041763085	0.038179022065	0.999270641525
-1.58045811014	-10.4164995615	-0.00157680966965	0.000401351570768	0.000688470231568	0.0366309728085	0.999328542951
-1.56048910577	-10.4150862615	-0.00157748088816	0.000412832935534	0.000684416819477	0.0340489555206	0.999419846596
-1.5465130793	-10.4141503118	-0.00157620549117	0.000429913737043	0.000648249878022	0.0329698514719	0.999456043976
-1.53503906505	-10.4133975546	-0.0015739691226	0.000458589545852	0.000617751983362	0.0326842316061	0.99946543166
-1.51360102558	-10.4119873445	-0.0015735386926	0.000534849868005	0.000595879677228	0.0332667123625	0.999446189002
-1.49615718341	-10.4108039166	-0.00157392901229	0.000613161617541	0.000617403439814	0.0347917306277	0.999394205669
-1.48768440591	-10.4102063359	-0.00157549758342	0.000653645678068	0.000638387438343	0.0357427187555	0.999360607221
-1.46924033734	-10.4088472803	-0.001576141989	0.000698820035412	0.000679802091087	0.0378617811598	0.999282510128
-1.45378375745	-10.4076528623	-0.00157837201996	0.000662240136157	0.000696897428531	0.0390765942142	0.999235755744
-1.42785053155	-10.4056072229	-0.0015769811622	0.000406685831255	0.000684276230807	0.0390041647704	0.999238730986
-1.40939656929	-10.4041802037	-0.00157581992917	0.000168599510891	0.000649082140145	0.0378448013687	0.999283403883
-1.39642817574	-10.4032107867	-0.001575703929	2.14748565993e-05	0.000637268920893	0.036386543304	0.999337587051
-1.38545209857	-10.4024245573	-0.00157424016939	-7.85460181503e-05	0.000630235176848	0.0348725000064	0.999391567594
-1.36698714616	-10.4011816138	-0.00157598691421	-0.000122086356545	0.000623843822948	0.032263115654	0.999479208029
-1.35051652049	-10.4001483907	-0.00157405798197	5.09811983365e-06	0.000621762737949	0.030587456318	0.999531900892
-1.33105020103	-10.3989879214	-0.00157517437147	0.000296019944448	0.000634294752602	0.0290844503994	0.999576712808
-1.31407608931	-10.3980218416	-0.00157560469835	0.000557465666155	0.000647508188601	0.02800094608	0.999607531476
-1.2956053822	-10.396996641	-0.0015764978516	0.000805391954139	0.000648149876305	0.0278045007595	0.999612845547
-1.27763641025	-10.3959935944	-0.00157547457057	0.000914069053521	0.000655220017867	0.0280260213127	0.99960656125
-1.26865173078	-10.3954879415	-0.00157566308579	0.000896610492478	0.000654537065203	0.0282170016037	0.999601204727
-1.24719065701	-10.3942592988	-0.00157683384504	0.00072568202668	0.000652001295984	0.0289487793088	0.999580420205
-1.23571190511	-10.3935874526	-0.00157517113346	0.000574927661728	0.000652719136855	0.0293798228386	0.999567941376
-1.21275441665	-10.3922136036	-0.00157614150212	0.000264968319223	0.000643725831804	0.0303417664938	0.999539340204
-1.19728812927	-10.3912554556	-0.00157458235689	0.000164401587353	0.000627030771422	0.0317120749331	0.999496835467
-1.18382362146	-10.3903802859	-0.00157479416456	0.00018741829827	0.000621691166559	0.033311309896	0.999444813388
-1.16787041189	-10.3892859216	-0.00157393767735	0.000309171395259	0.000629098108503	0.0353484909503	0.999374800981
-1.14644394581	-10.3876979272	-0.00157558961718	0.000619209391794	0.000635719524518	0.0392252804769	0.999229998455
-1.13349904566	-10.3866442194	-0.0015745290413	0.000856759492711	0.000643408912	0.0424471013546	0.999098141113
-1.11260659837	-10.3847504324	-0.00157527840274	0.00115859055995	0.000661039226334	0.0483584310858	0.998829155981
-1.09521671626	-10.3829708269	-0.00157595138797	0.00126292104572	0.000673095880944	0.053882789863	0.998546241758
-1.07834247519	-10.3810526766	-0.00157494352255	0.00119239810863	0.000691420403601	0.059347779919	0.998236415456
-1.06247664195	-10.3790788529	-0.00157598506364	0.000982250455248	0.000699555969286	0.0642333304877	0.997934178721
-1.04365369522	-10.3765468664	-0.00157541628316	0.000609184939756	0.000700318551991	0.0691556393816	0.997605451062
-1.03771375145	-10.3757098396	-0.00157489573672	0.000489438626754	0.000691776339026	0.0706517924206	0.997500679761
-1.01842865604	-10.3728678107	-0.00157522989209	0.000198618027091	0.000659293437355	0.0754903964566	0.997146291136
-1.00509686622	-10.3707921211	-0.00157317828249	0.000118991530473	0.000639848575389	0.0788503939243	0.996886248181
-0.982421430811	-10.367052751	-0.00157350557623	0.000243358018636	0.000635177768196	0.0845665865727	0.996417598079
-0.970117150963	-10.3649128137	-0.00157319512407	0.000419741242333	0.000653297855428	0.0876430359773	0.996151642705
-0.949961874578	-10.3612467146	-0.00157444984183	0.000734442148212	0.000700775796108	0.0921851245259	0.99574136819
-0.937685955228	-10.3589227194	-0.00157503751165	0.000891481793028	0.000719908622729	0.0948587362483	0.995490083903
-0.91758079072	-10.3549680935	-0.00157495398802	0.00101682504028	0.000734537055104	0.0991205075282	0.9950746462
-0.898972104783	-10.3511609687	-0.00157489503601	0.000895585581519	0.000735563964462	0.102033957414	0.994780241263
-0.882821433569	-10.3477829713	-0.00157564551928	0.000611996548759	0.000720364551015	0.103417576038	0.994637577966
-0.866674357846	-10.3443708803	-0.00157498753317	0.000264541780965	0.000688282565824	0.104099762589	0.994566586868
-0.856398928912	-10.3421927617	-0.00157531570752	5.01026191388e-05	0.000668588173676	0.104038960847	0.994572996369
-0.835351505919	-10.3377568354	-0.0015739180453	-0.000273727013387	0.000620518280632	0.103001431445	0.99468097657
-0.822132507438	-10.3349996394	-0.00157456929728	-0.000313384459136	0.000600553763817	0.10221626571	0.994761969594
-0.797640805612	-10.3299644929	-0.00157331558538	-9.51784779306e-05	0.000627988740426	0.0998432979999	0.995002971059
-0.78292430154	-10.3270186498	-0.00157519213926	0.000100528522871	0.000665963749692	0.097257211654	0.995259052291
-0.76670870038	-10.3238807342	-0.00157665454511	0.000283231802688	0.000706067994873	0.0933709700707	0.995631097945
-0.752924023985	-10.3213270715	-0.00157645013552	0.000355322927824	0.000719609378284	0.089339106941	0.996000943714
-0.735664116492	-10.3182973753	-0.00157609239039	0.000343160646626	0.000692156385536	0.0840663527022	0.996459859454
-0.719861899384	-10.3156893855	-0.00157476229084	0.000247473403797	0.000658261532034	0.0789922189991	0.996874984532
-0.703042669567	-10.3131072868	-0.00157344371185	3.69917365025e-05	0.000637511534334	0.0726358308658	0.997358324919
-0.694122808347	-10.3118319686	-0.0015742210932	-0.000103873321153	0.000631517984006	0.0687968352017	0.997630485632
-0.674261356479	-10.3092545156	-0.0015749352478	-0.000391006523735	0.000622075019025	0.0597433062148	0.998213502964
-0.658340105099	-10.3074523503	-0.00157440493295	-0.00049442389523	0.000608831121139	0.0526662853803	0.998611860161
-0.643394382781	-10.3059677479	-0.00157378496833	-0.000463696495445	0.000603906962472	0.0460917796164	0.998936918996
-0.623940205354	-10.3043334981	-0.0015741556293	-0.000271475558184	0.000611830651061	0.0376149911752	0.999292081627
-0.606962052944	-10.3031716939	-0.00157429306703	2.52232907596e-06	0.000628174574259	0.0307393731513	0.999527236412
-0.593468425357	-10.3024125152	-0.00157499563641	0.000221232895093	0.00065024719922	0.0253870307358	0.999677461437
-0.569457832712	-10.3014167141	-0.00157639594998	0.000455790117916	0.000664549201683	0.016051984168	0.999870833875
-0.552943995254	-10.3009818214	-0.00157615320769	0.000484982122155	0.000651536777862	0.0101360063959	0.999948299497
-0.537429829639	-10.3007477328	-0.0015743941204	0.000392703751436	0.000638086879859	0.00466159318234	0.999988854027
-0.525418722857	-10.3006825401	-0.00157460118331	0.000259398178714	0.000626922938687	0.000449194868648	0.999999668952
-0.508906899027	-10.300752332	-0.00157403875996	6.73528511016e-05	0.000612008646471	-0.00482436499135	0.999988173136
-0.48489670916	-10.3011489842	-0.00157350651181	-0.000117026807617	0.00062034821915	-0.0119483334081	0.999928416839
-0.467891575278	-10.301635428	-0.00157474206335	-0.000139667327298	0.000628451324425	-0.0167507771093	0.999859488632
-0.458390683035	-10.3019771767	-0.00157570727748	-9.6858839832e-05	0.000633609996209	-0.0193392870452	0.99981277304
-0.443391999987	-10.3026167345	-0.00157468076333	2.12981649465e-05	0.00064133580874	-0.0233969293764	0.999726048441
-0.420902918386	-10.3038047714	-0.00157583776166	0.000246264314756	0.000634534396139	-0.0294067314063	0.999567296818
-0.403924119178	-10.3048753419	-0.00157530722989	0.000411994069308	0.000619916180711	-0.0335761706099	0.999435884253
-0.387954177909	-10.3060094581	-0.00157463195106	0.000501057913945	0.000614598368054	-0.0374342687572	0.99929877751
-0.370497433133	-10.3073901593	-0.00157535308596	0.000495613969352	0.000613859619189	-0.0416514631961	0.999131889771
-0.354048971578	-10.3088258361	-0.00157533024392	0.000404396044306	0.000619868200526	-0.0456280248499	0.99895822514
-0.335619847744	-10.3105904906	-0.00157476529862	0.000240850864885	0.000625544548794	-0.050078126298	0.998745078562
-0.323674735964	-10.3118225027	-0.00157476153983	0.000134127276046	0.000626170037898	-0.0529010310839	0.998599554792
-0.306767873843	-10.3136754281	-0.0015737162764	5.3647844475e-05	0.000611439365928	-0.0561596381134	0.998421613503
-0.287892786741	-10.315855241	-0.00157313586074	0.000125666131616	0.000595353469895	-0.0586348464738	0.998279311887
-0.274488878391	-10.3174563203	-0.00157332090795	0.000240904274911	0.000599287498829	-0.0601890791321	0.998186784912
-0.259101242106	-10.3193508331	-0.00157579566903	0.000375509256968	0.000619037234033	-0.0624125838261	0.998050171668
-0.237265900367	-10.3221710412	-0.00157630576019	0.000494453453218	0.000634644738309	-0.0660602166467	0.997815313832
-0.218919292382	-10.3246656457	-0.00157570504409	0.000518745837545	0.000617408128144	-0.0689974494746	0.997616510326
-0.209506656737	-10.3259850398	-0.0015740104731	0.000514828703275	0.000594518073028	-0.0701289956742	0.997537621078
-0.188719514765	-10.3289660893	-0.00157349964078	0.000485975250991	0.000568231079453	-0.0722401735742	0.997386985209
-0.168441903399	-10.3319569008	-0.00157358363906	0.000410708657505	0.000583060641259	-0.0740666683785	0.997253037094
-0.168441903399	-10.3319569008	-0.00157358363906	0.000410708657505	0.000583060641259	-0.0740666683785	0.997253037094
-0.140757133948	-10.3361177017	-0.00157424031996	0.000429227270125	0.000594606757	-0.0743850066283	0.997229328187
-0.128892150665	-10.3378924114	-0.00157411496524	0.000493622568769	0.000590300595367	-0.0737868527578	0.997273737868
-0.111584096305	-10.3404550329	-0.00157516436112	0.00058637098536	0.000594018614247	-0.073142916951	0.997321120307
-0.0908055406063	-10.3435205869	-0.00157537951365	0.000602186310592	0.000609364027139	-0.0733076339105	0.997309007709
-0.0740308414166	-10.3460039712	-0.00157624654013	0.000571159018061	0.000637882488842	-0.0735041724489	0.997294542006
-0.0583438149396	-10.348323829	-0.0015788596189	0.000546901739985	0.000673827017346	-0.0729752021949	0.997333377923
-0.0426597100669	-10.3506121272	-0.00157703950069	0.000567722700615	0.000630125310142	-0.0714287286814	0.997445345546
-0.0264242388301	-10.3529114327	-0.00157272219495	0.000645420938893	0.000507204636506	-0.0687257121025	0.997635255327
-0.00813776745085	-10.3553725127	-0.00156564370126	0.00079474928947	0.000401452565981	-0.0643855045008	0.997924703582
0.00274095253056	-10.3567531224	-0.0015687281925	0.000899908079779	0.000426361127812	-0.0614199905262	0.998111513382
0.0270327433986	-10.3595942973	-0.00157713459926	0.00104007596265	0.000605150658669	-0.0545804201058	0.99850865283
0.040457402442	-10.3610132827	-0.00158054644345	0.00106559572031	0.000661154729824	-0.0502028054596	0.998738256854
0.0588790239841	-10.3627514311	-0.00157878103237	0.00106225698805	0.000644850421854	-0.0434506887347	0.999054800012
0.0763133177299	-10.3641601012	-0.00157447401867	0.000983522160029	0.000579574318077	-0.0368534757538	0.99932002787
0.0902592967034	-10.3651145562	-0.0015726101352	0.00091888963737	0.000532564840651	-0.0310119155808	0.999518450609
0.100718949104	-10.3657175646	-0.00157195042092	0.000900564135074	0.000522285194488	-0.0261293458556	0.999658028271
0.128638361391	-10.3668014075	-0.00157389034652	0.000934954342735	0.000597289226297	-0.0122164896929	0.999924760412
0.142118881534	-10.3670444198	-0.00157669060173	0.000972374341712	0.00064117832059	-0.00542225329773	0.999984621156
0.159104628301	-10.3670893178	-0.00157691423574	0.00102225157034	0.000666958834599	0.00313874566093	0.999994329206
0.16759792402	-10.3670025389	-0.00157636390811	0.00104022483503	0.000663358264964	0.0074268564241	0.999971659444
0.184077199732	-10.3666257084	-0.00157523455268	0.0010592147561	0.000637684177963	0.0157702249745	0.999874877886
0.201038706956	-10.3659493616	-0.00157352816472	0.00105084700459	0.000617471501753	0.0243687658129	0.999702294537
0.217981958891	-10.3649812995	-0.00157322215949	0.00101330520747	0.000623660637389	0.0329295397	0.999456967395
0.247346862809	-10.3626285424	-0.00157488766255	0.000885890812835	0.00067625377252	0.0471358957679	0.998887864181
0.259275384095	-10.3614335691	-0.0015757506392	0.000842152225958	0.000687644151354	0.0528715596548	0.998600729073
0.273174130036	-10.35986609	-0.00157467064653	0.000810888002541	0.000687827510825	0.0595861881276	0.998222598191
0.292984666544	-10.3572976732	-0.00157366064115	0.00082885101787	0.000667447853306	0.0695724417221	0.997576334359
0.307308068038	-10.3551864265	-0.00157259246109	0.000879532215839	0.000665714822622	0.0768853043586	0.997039333838
0.326025807241	-10.3521028794	-0.00157273984473	0.000951520873687	0.000681013797733	0.0864358279049	0.996256733218
0.343212739753	-10.3489458912	-0.00157341554527	0.00100576329649	0.00070793540273	0.0951946131838	0.995457921204
0.357901046017	-10.3459986789	-0.00157341938565	0.00102441424222	0.000727209306214	0.102696461694	0.994711947499
0.374493638759	-10.3423904957	-0.00157347088586	0.00100912841623	0.000736203140681	0.111174597323	0.993800104938
0.38422440661	-10.3401359537	-0.0015730593743	0.00098328135919	0.000735799558216	0.116146517375	0.993231331694
0.403130849836	-10.3354600421	-0.00157226514333	0.000909508086361	0.000729109074219	0.125831602185	0.992050930692
0.422422036152	-10.3302822717	-0.00157163079541	0.000829966109657	0.000726690810266	0.135721382624	0.990746430413
0.436342133254	-10.3262890273	-0.00157145605258	0.000784821226988	0.000730058570441	0.142841777196	0.989744955914
0.452111437063	-10.3215021108	-0.00157151558096	0.000762815394351	0.000737473992697	0.150929628713	0.988543940056
0.468749536837	-10.3161443651	-0.00157106621749	0.000774620702172	0.000747801166937	0.159429231764	0.987208772659
0.480106660965	-10.3123085482	-0.00157165350511	0.000780028291575	0.000760700409562	0.16482090859	0.986322909083
0.49800818717	-10.3059916903	-0.00157071262769	0.000758939122111	0.000766912068693	0.172810573954	0.984954486962
0.515805050484	-10.2993882607	-0.00157138853669	0.000751159219795	0.000763931900749	0.180755388493	0.983527499208
0.531164760807	-10.2934146395	-0.00156860654897	0.000782211889705	0.00075318913082	0.188361314419	0.982099198697
0.549184238729	-10.2860394803	-0.00156917742573	0.000863538931229	0.000768653017791	0.197862709448	0.980229060823
0.560658345404	-10.2811277343	-0.00156815939942	0.000902073525432	0.000789165293881	0.203990728392	0.978972086534
0.568426219794	-10.2777055017	-0.0015691028892	0.000919610806372	0.000804407481311	0.20815396616	0.978095309066
0.591555707313	-10.2670408535	-0.00156950738903	0.000925348882419	0.000842052863741	0.220622682694	0.975358429787
0.609951272086	-10.2580395577	-0.00156950578972	0.000868578717809	0.000839124629168	0.230585184347	0.973051393401
0.624177847993	-10.2507547076	-0.00156841304989	0.000804785942561	0.000823984572778	0.238320039509	0.971185992556
0.633889626036	-10.2456159786	-0.00156801243517	0.000759149352504	0.000813354403117	0.243629680184	0.969867692564
0.650964489673	-10.2362470197	-0.00156750962385	0.000696700294373	0.000804582118352	0.253044517417	0.96745405031
0.664404893567	-10.2285640451	-0.00156750244149	0.000676845483171	0.000809812579267	0.260535688992	0.965463640354
0.675585226428	-10.2219600821	-0.00156750068086	0.000682238786209	0.000820887397405	0.266809214711	0.963748776207
0.695997774913	-10.2093881311	-0.00156738334942	0.000734390246762	0.000847813957275	0.278360315634	0.960476067668
0.708182008943	-10.2015565677	-0.00156717326382	0.000775945436437	0.000863707531034	0.285318696807	0.958431997155
0.72438538294	-10.1907479117	-0.00156685197903	0.000818482222649	0.000882015788574	0.294650726589	0.955604259856
0.734250442166	-10.1839402661	-0.00156671610077	0.000828104784278	0.000890780138478	0.300378962024	0.953819165212
0.75167354291	-10.1714803958	-0.00156640445394	0.000795299091419	0.000934147651392	0.310573494488	0.950548578132
0.762427978048	-10.1635047673	-0.00157601217637	0.000628250886339	0.00125918914897	0.316707931037	0.948522064141
0.769388672144	-10.1582309598	-0.00159577045194	0.000451599528481	0.00154983628068	0.320462670829	0.947259769372
0.785988874236	-10.1453350347	-0.00158260544355	0.000382552963855	0.000953952915235	0.327789840909	0.944750106549
0.802654913911	-10.1320179647	-0.00152030741357	0.000473595307546	-0.00011010605085	0.33344248337	0.942770318725
0.813364242549	-10.123291583	-0.00152918455536	0.000372821031159	-9.35637654173e-05	0.337043577694	0.941488969126
0.827851837799	-10.1112525534	-0.00155988997173	0.000216016383484	0.000613818337941	0.342840197841	0.939393514619
0.841561835583	-10.0995514311	-0.00158876141971	0.000297784554371	0.00127709756858	0.349603482905	0.936896838017
0.849515620665	-10.0925975936	-0.00159301122483	0.000484123951146	0.00142919802089	0.353986628431	0.93524926619
0.863347150579	-10.0801678483	-0.0015777229373	0.000958938261146	0.00126812346316	0.362552596846	0.931961955672
0.870690782551	-10.073369327	-0.00156499465029	0.00120669581438	0.00107870693284	0.367505968043	0.930019754483
0.887516348795	-10.0572188283	-0.00155012216412	0.00138851240445	0.000864314658422	0.379071924598	0.925365766049
0.898678090855	-10.0460484429	-0.00156134099915	0.00114060168226	0.000974456994333	0.386601356114	0.922245705283
0.913102849735	-10.0310625678	-0.00157393101713	0.000635701883151	0.00111550043829	0.39641121422	0.918072165346
0.920888403135	-10.0227028727	-0.00157697483276	0.000387745693427	0.00109046183135	0.40176708028	0.915741160891
0.936496032149	-10.0053392045	-0.00157018796499	0.000122189817086	0.000838468239543	0.412630106183	0.910898280552
0.948462927426	-9.99144544253	-0.00156174869877	0.000155548611439	0.000668063232768	0.42113469347	0.906997849751
0.951023864968	-9.9884031498	-0.00156073228714	0.000189016367872	0.000644886221339	0.422965588494	0.906145495682
0.964604383188	-9.97184456569	-0.00155692072475	0.00044759454461	0.000697075336466	0.432757792833	0.901509848248
0.976620434253	-9.95656295832	-0.00156545344946	0.000693148498484	0.00097624056293	0.441580999486	0.897220590152
0.981168848703	-9.95061429372	-0.00156856917663	0.000776152815194	0.00109109340704	0.444960132553	0.8955493775
0.997209391284	-9.92889246991	-0.00157399542611	0.000911952112811	0.00129234472172	0.456010377155	0.889973052466
1.00705599551	-9.91502214266	-0.00157108022968	0.00079381681226	0.00118393293075	0.461746713486	0.887010676792
1.01699635689	-9.90062934903	-0.00156634421424	0.000572937478027	0.000973721518132	0.467702279058	0.883885344246
1.024515027	-9.88944389002	-0.00156390464104	0.000409889588363	0.000839668188668	0.472943736101	0.881092134473
1.03323831237	-9.87607348713	-0.00156339161397	0.000276170583861	0.000776191316224	0.479843145134	0.877353906542
1.03698787602	-9.87018035975	-0.00156495310494	0.00024124972089	0.000784141407944	0.482930960157	0.875658046638
1.05248800991	-9.84478729415	-0.00157573694598	0.000263272849076	0.00101557272736	0.496209059844	0.868202435051
1.05970183356	-9.83234737994	-0.00157329340438	0.000417143387325	0.00107813008812	0.502591653519	0.864523159574
1.06287635084	-9.82673577907	-0.00157191623064	0.000502177088048	0.00108781922403	0.505441398974	0.862860102607
1.07596712207	-9.80263625587	-0.00156131028571	0.000829265748202	0.00103880698226	0.517355879064	0.855769319149
1.08146488322	-9.79201516102	-0.0015634817735	0.000853250338586	0.00107522369414	0.522511546824	0.852631103874
1.09143489927	-9.77190504631	-0.00157070344706	0.000708039951684	0.00118127372578	0.532144884132	0.846652186889
1.09380562661	-9.76694830627	-0.00157273150561	0.000651771967896	0.0011955253735	0.534493762513	0.845171322128
1.1046487107	-9.74331778137	-0.00157541805567	0.000398935726491	0.00112381639921	0.545553908102	0.83807488403
1.11062003022	-9.72955884398	-0.00157287417148	0.000308537660129	0.00100931374659	0.551896429197	0.833911996274
1.11371717099	-9.72218910115	-0.00157106481336	0.000280458897908	0.000950507882184	0.555265651221	0.83167245623
1.1224620873	-9.70041817453	-0.00156818052692	0.000265387590571	0.000873352214532	0.565108652047	0.825015986637
1.1296474982	-9.68131598882	-0.00157093877253	0.000302302283125	0.000975574762433	0.573633931472	0.819111146018
1.13432300021	-9.66819761639	-0.00157471097558	0.000361555505003	0.00107981792521	0.579422788769	0.815026340143
1.14052744226	-9.64980982516	-0.00157482738141	0.000483281708531	0.00118076005196	0.58743371192	0.809271281058
1.14461700961	-9.63698546421	-0.00157384034797	0.000571856838847	0.00119264201992	0.592932612118	0.80525099694
1.14994265676	-9.61930306196	-0.00156946977879	0.000630459283143	0.00116728888252	0.600402045847	0.799697207261
1.15388380275	-9.60538221914	-0.00157059534765	0.000591956068106	0.00115369208603	0.606216315488	0.795298747276
1.15911020973	-9.58559808349	-0.00157340047334	0.000445274947455	0.00113730052343	0.614369500789	0.789017506002
1.16186563123	-9.57444580067	-0.00157524337011	0.000350729875196	0.0011165687132	0.618904263453	0.785465558088
1.16613808934	-9.55594488782	-0.00157602245806	0.000234596015197	0.00105832383736	0.626352656253	0.779539078507
1.16845051174	-9.54519779484	-0.00157532886552	0.000203501989063	0.00102057685439	0.630641253703	0.776073789106
1.17216375391	-9.52658425468	-0.00157341790094	0.000210657685766	0.000981329508095	0.638018548179	0.770020340508
1.17601698321	-9.50495984141	-0.00157258513047	0.000277402207705	0.00101553926382	0.646489500056	0.762922157264
1.17888690737	-9.48671517927	-0.00157370122231	0.000344107416806	0.00109940229637	0.653534529991	0.756895825735
1.18109676846	-9.47089143447	-0.00157492728501	0.00039119993206	0.00117620491093	0.659566284936	0.751645381334
1.18288080318	-9.45651884716	-0.00157572476148	0.000417755397174	0.00122329596433	0.664993266519	0.746848233922
1.1847065382	-9.43963600971	-0.00157565275711	0.000421214296999	0.00123542333874	0.671312740964	0.741173056801
1.18612020705	-9.42421908651	-0.00157515383828	0.000393971800541	0.00120846604371	0.677034924168	0.735949791666
1.18675604346	-9.41625475292	-0.0015748824904	0.000369099520981	0.0011849890557	0.679972769512	0.733236314082
1.18845477836	-9.38884606773	-0.00157457165052	0.000251840024584	0.00109301857399	0.689982708166	0.723824981828
1.18894187352	-9.37737183605	-0.0015747260485	0.000204456721723	0.00106282290643	0.694123124857	0.719855482819
1.18952826565	-9.3539086474	-0.00157507962546	0.000151214398074	0.00103654238902	0.702513029413	0.711670110528
1.18961392584	-9.34292203408	-0.00157501230263	0.000152438473957	0.00104268793571	0.706409435814	0.707802655093
1.18943325796	-9.32144973583	-0.00157470393194	0.000194867125545	0.00108467140211	0.713966000368	0.70017950258
1.18905124793	-9.30697431632	-0.00157446713101	0.00023722811049	0.00112742414916	0.71901467733	0.694993932651
1.18831121673	-9.28951472853	-0.00157444495552	0.000280178804739	0.00117948227953	0.725046831328	0.688698499129
1.18749995619	-9.27555792283	-0.00157451975142	0.000296611907298	0.00120975463942	0.72982521351	0.683632654457
1.18672595669	-9.26460013961	-0.00157465603412	0.000295655207469	0.00122148899635	0.733553844495	0.679630177213
1.18481768263	-9.24271174223	-0.00157466402857	0.000259728285976	0.001207782942	0.740947111287	0.671562247359
1.18340916916	-9.229302138	-0.00157451175172	0.000222280208706	0.00117846660375	0.745442725896	0.666568604283
1.18072769587	-9.20749363785	-0.00157403945461	0.000156015620356	0.00111793697252	0.752699073287	0.658363752761
1.17840345911	-9.1911790399	-0.00157369647902	0.000116424269736	0.00108125189278	0.758080141426	0.652160499045
1.17638390908	-9.17835351168	-0.00157345570881	9.77450431719e-05	0.00106654772394	0.762281727462	0.647244483097
1.17268071647	-9.15720289408	-0.00157320914881	9.56637683259e-05	0.00107619372614	0.769160356562	0.639054910434
1.16923329621	-9.13955960103	-0.00157301935791	0.000115909267397	0.0011109189663	0.774845716115	0.632149403734
1.16759997714	-9.13173848062	-0.00157293723499	0.000127996926758	0.00113025377238	0.777349928791	0.629067400485
1.16267378702	-9.10981415418	-0.00157272163863	0.000159257326618	0.00118237454952	0.784324842319	0.620349190657
1.1586274324	-9.09332522501	-0.00157246670414	0.000168616892056	0.00120649375456	0.789532926	0.613706994178
1.15521585227	-9.08028115517	-0.00157231337908	0.000162851386522	0.00121075567814	0.793631380293	0.608397682248
1.1509459663	-9.06488224505	-0.0015720733573	0.000141074520273	0.00119810440532	0.798443303229	0.602068796877
1.14497060539	-9.0447771169	-0.00157174393855	9.65442247017e-05	0.00116025465677	0.804680657514	0.593706732243
1.13935981959	-9.02717149699	-0.00157135724587	5.60037477237e-05	0.00112164690275	0.810101907408	0.586288016581
1.1365134832	-9.01864449732	-0.0015711671606	3.98184492155e-05	0.00110606860489	0.81271500528	0.582660360089
1.1316006264	-9.00449049308	-0.00157083069292	2.12992955683e-05	0.00108988035998	0.817034174621	0.576588214594
1.12240863856	-8.9796698807	-0.00157029817288	1.58998763171e-05	0.00109779315086	0.82454412289	0.56579659243
1.11691766495	-8.96573042984	-0.00157007597571	2.47510405874e-05	0.00112019758282	0.828730808298	0.559646309666
1.11083280293	-8.95095352268	-0.001569836986	3.69589055122e-05	0.00115013040143	0.833144035943	0.553054871787
1.10511650886	-8.93764673803	-0.00156965932205	4.53181717277e-05	0.0011748749945	0.83709697541	0.547053261917
1.09775510374	-8.92124432763	-0.00156945168013	4.6521811817e-05	0.0011936664069	0.841943447531	0.539564457833
1.09311267213	-8.91128611821	-0.0015692857695	4.07872931301e-05	0.00119588023066	0.844872381111	0.534966567033
1.08305603747	-8.89063093784	-0.00156893077088	1.42778164712e-05	0.00117791294988	0.850916354116	0.525299886364
1.07785159846	-8.88039050139	-0.00156872583542	-3.83157815869e-06	0.00116070736679	0.85389742213	0.520440049595
1.06852337547	-8.86272449134	-0.00156837841185	-3.60937558616e-05	0.00112778408398	0.859016394092	0.511946834624
1.0598299495	-8.84698577372	-0.00156806832763	-5.93115096414e-05	0.00110546263936	0.863550964219	0.504260355998
1.05161553274	-8.83269687593	-0.00156781341557	-7.17792997547e-05	0.00109807303369	0.867647627807	0.49717842174
1.040301799	-8.8138576136	-0.00156750494335	-7.53437905626e-05	0.00110985475821	0.873017925534	0.487686850594
1.03582108527	-8.80664558118	-0.00156740521882	-7.38904413665e-05	0.00111953033924	0.875064654445	0.484004743503
1.02256836766	-8.78607234703	-0.00156718660527	-6.79834003463e-05	0.0011528715097	0.880875281859	0.473347022886
1.01505491887	-8.77487366456	-0.00156743748217	-7.59831974585e-05	0.00116239548042	0.883896137205	0.467681795346
1.00568125193	-8.76131308679	-0.00156671432136	-0.000105284126352	0.00113935466143	0.88738005494	0.461037231555
0.995812867553	-8.74748850267	-0.00156776509542	-0.000131588183834	0.00110184077637	0.890887669458	0.454222334368
0.98782717552	-8.73661843047	-0.00156677645424	-0.000155083696564	0.00106897443655	0.893543044562	0.448976236295
0.978810018592	-8.72464510618	-0.00156637404763	-0.000200501121886	0.00100765761588	0.896198445614	0.443652217964
0.970268695502	-8.713564166	-0.00156680214768	-0.000231570718515	0.000947929431465	0.898575848779	0.438817150754
0.957549862781	-8.69750662173	-0.00156599270502	-0.000253176242314	0.000908704541851	0.901952181212	0.431834890862
0.944913284628	-8.68202079605	-0.00156575742281	-0.000279483236153	0.0008814520289	0.904809021953	0.425816602216
0.937878143433	-8.67357255071	-0.0015662945445	-0.000282161218935	0.000874341138089	0.90629295541	0.422649068244
0.928191078197	-8.66213231234	-0.00156656156972	-0.00027511443813	0.000891287508004	0.908263234618	0.418398167491
0.917088633639	-8.6492702227	-0.00156551986145	-0.000283856168055	0.000901388565992	0.910173613245	0.414225905367
0.903222269782	-8.63350891477	-0.00156675394566	-0.000297306026606	0.00087420362384	0.912237174978	0.409661426016
0.893558110219	-8.62270757897	-0.00156624500113	-0.000301159928627	0.000863947649216	0.913595677349	0.406622799689
0.879444336674	-8.60716615854	-0.00156510961698	-0.000338028948939	0.000807382447713	0.915148641775	0.403115612854
0.870990630905	-8.59796148377	-0.00156607627895	-0.000356504140331	0.000759494259446	0.915957881993	0.401273540727
0.858754187328	-8.58476734767	-0.00156575259365	-0.000372457194261	0.000719780994081	0.917074561153	0.398714926327
0.846792061429	-8.57199856631	-0.00156461246699	-0.00039396213422	0.00068373084912	0.917936639154	0.396726232817
0.835466043939	-8.56000342967	-0.00156621999109	-0.000395098495358	0.000667669743992	0.918684551012	0.394991257936
0.824096447528	-8.54805171884	-0.00156521369583	-0.000387359759638	0.000687267446337	0.919378198081	0.393374003347
0.810267616231	-8.53360370643	-0.00156529004984	-0.000405149131228	0.000685790653336	0.919779337876	0.392435134973
0.799536764918	-8.522413928	-0.0015664041063	-0.000422630098919	0.000652144042841	0.919849762773	0.392270072804
0.789842300844	-8.51230968921	-0.00156647390933	-0.000427799680632	0.000626896447617	0.9198731263	0.392215317777
0.776686507286	-8.49859792913	-0.00156410002182	-0.000428625203926	0.000594360327838	0.919851201499	0.392266784367
0.771494728247	-8.49318523546	-0.00156449105906	-0.000425508050619	0.000585534156775	0.919838812596	0.392295851284
0.75384719424	-8.47478362884	-0.00156435968679	-0.000410416686385	0.000603939715435	0.919882005991	0.392194545944
0.743805186223	-8.46432997134	-0.00156421693253	-0.000379324603493	0.000662441912227	0.920176921506	0.391502043943
0.729576520808	-8.44958216141	-0.00156458196242	-0.000344455041017	0.000774333210185	0.920691799138	0.390289498653
0.720879938296	-8.44060635816	-0.00156533632923	-0.000334404176554	0.000820556749154	0.920981542487	0.389605201785
0.707985404004	-8.42734030869	-0.00156596172875	-0.000342715237361	0.000836225550587	0.921290096976	0.388874967678
0.700657106159	-8.41981884607	-0.00156576753912	-0.000351890566655	0.000813554066689	0.921454287161	0.388485792501
0.685982742253	-8.40479512603	-0.00156571009546	-0.000379513395718	0.000725349597654	0.921730482456	0.387830178749
0.674092150248	-8.39264551378	-0.00156435735737	-0.000415951971714	0.000623943669399	0.921849407393	0.387547555491
0.662195999563	-8.38050317714	-0.00156540189534	-0.000445802799471	0.000542993657528	0.921953507476	0.387299930894
0.654145391962	-8.37229293861	-0.00156477075163	-0.000459672636626	0.000515011512472	0.922009323809	0.387167057319
0.63698948469	-8.35480140252	-0.00156505813722	-0.000469266503599	0.0005135120608	0.922005651235	0.387175793646
0.627186775565	-8.34480454996	-0.00156574855192	-0.000452112851455	0.000555589042558	0.921990132494	0.387212709628
0.613184676568	-8.33052208398	-0.00156496481036	-0.000412498471243	0.000642144869892	0.921965029293	0.387272387675
0.602685019478	-8.31980919945	-0.00156522873441	-0.000381823487018	0.000704947336524	0.921939908511	0.387332108602
0.591837296553	-8.30873849363	-0.00156528559191	-0.00036078290111	0.000751674534042	0.921912326267	0.38739768649
0.581341116934	-8.29802295817	-0.00156528516411	-0.000359108531879	0.000764006392975	0.921835459441	0.387580537504
0.571900422552	-8.28836957739	-0.00156601519893	-0.000390578010766	0.000725384248928	0.921533934277	0.388296960124
0.556908508264	-8.27294080125	-0.00156689135512	-0.000486830164226	0.000543127324644	0.920488636873	0.390768649456
0.546850482794	-8.26248047963	-0.00156636547733	-0.000543052245106	0.000389358604305	0.919580341104	0.392901450429
0.536158372775	-8.25124313779	-0.00156592104896	-0.000593658668986	0.000245186549003	0.918352756999	0.395762303872
0.520441675267	-8.23442844995	-0.00156472131272	-0.000636734354885	9.8144040546e-05	0.916103133277	0.400942183035
0.514683728045	-8.22816977742	-0.00156582318586	-0.000630701049521	9.76341780406e-05	0.915270195806	0.402839994729
0.500568807686	-8.2126110331	-0.00156414282083	-0.000570402399522	0.000230497189934	0.913319136807	0.407244123166
0.487595331386	-8.19804178001	-0.0015655166196	-0.000489780595441	0.000441075828401	0.911510193934	0.411276952821
0.476716721129	-8.1856237042	-0.00156645063283	-0.00042055895081	0.000619820305797	0.910020202817	0.414563227286
0.469184625601	-8.17692558498	-0.00156567843015	-0.000367034760881	0.000724502389106	0.909157557628	0.416451528741
0.454546531619	-8.15982760488	-0.00156557561344	-0.000307116147217	0.000833053768364	0.907614676116	0.419803300845
0.447112683078	-8.15104891335	-0.00156536631005	-0.000311227673031	0.000812089757533	0.906881655165	0.421384512261
0.434250304225	-8.13573099536	-0.00156615679748	-0.000344183643273	0.000716415093379	0.905881221842	0.423531085284
0.426885526048	-8.12689806194	-0.0015647532568	-0.000386948206393	0.00063642754881	0.905347351558	0.424671188401
0.413491750473	-8.11071878795	-0.0015658265282	-0.000470303009362	0.000472568875039	0.904427760679	0.426626278148
0.400795994641	-8.0952603431	-0.00156570177266	-0.000510077458056	0.000394840559935	0.903674915894	0.428218671131
0.389731138737	-8.08169701731	-0.00156514640197	-0.000509241755122	0.000395476287642	0.903030712696	0.429575506981
0.380279965304	-8.07004503786	-0.001565822491	-0.000477865585541	0.000453694197007	0.902499835977	0.430689693246
0.37179848847	-8.0595394951	-0.00156564942953	-0.00043592173865	0.000539439839489	0.902042844077	0.431645950318
0.363026304692	-8.04862588796	-0.00156546522823	-0.000391267587214	0.000635379327902	0.901570837459	0.432630868347
0.350224223875	-8.0326099391	-0.00156630223307	-0.00034156787469	0.000745948249713	0.900852152004	0.43412524359
0.344931590742	-8.0259563804	-0.00156636719146	-0.000332264705692	0.000768707967866	0.900541600946	0.434769046338
0.328181813924	-8.00477127802	-0.00156619112826	-0.00034610908948	0.000736181175634	0.899546181633	0.436824913844
0.321385618841	-7.99611862805	-0.00156607847268	-0.000368817118096	0.000684502590294	0.899123355859	0.437694626856
0.31030146263	-7.98193119301	-0.00156582040643	-0.000418139418005	0.000575481207846	0.898408712011	0.439159743333
0.297429214498	-7.96533385639	-0.00156568417535	-0.000468601818145	0.000467026364472	0.897568947567	0.440873617561
0.288882985674	-7.95424197254	-0.00156563183936	-0.000485131779165	0.000431716028972	0.897044280764	0.441940195746
0.279448636413	-7.94194279097	-0.00156536836753	-0.000463219476689	0.000456165716073	0.896676187894	0.442686561129
0.268516000912	-7.9276444443	-0.00156517209018	-0.000416761272529	0.000557548437967	0.896326115598	0.443394869104
0.257302282753	-7.91292937215	-0.00156615426814	-0.000365195211921	0.00067739018524	0.895963103144	0.444127825721
0.252157868365	-7.90616175801	-0.00156682899647	-0.000343959288919	0.000728517445572	0.895789551011	0.444477706138
0.239771179618	-7.88982253146	-0.00156641537471	-0.000311896419643	0.000803558254242	0.895370206128	0.445321738738
0.229220935382	-7.87585592822	-0.0015666413455	-0.000310797686442	0.000796040509178	0.895004267117	0.446056758235
0.220196705056	-7.86387150775	-0.00156622708295	-0.000331785100741	0.0007426141605	0.894676291196	0.446714307376
0.211190451763	-7.85187459067	-0.00156600044636	-0.000367772297589	0.000662042342872	0.894346561994	0.447374176158
0.198312331323	-7.83465681302	-0.00156577420208	-0.000422869838789	0.000549259631318	0.893914480311	0.448237014743
0.187551669385	-7.82022817043	-0.00156608595257	-0.000436850637638	0.000512248861135	0.893742602081	0.448579656236
0.1806820297	-7.81100641173	-0.00156567463529	-0.000434710346936	0.000523192870299	0.893653878618	0.448756373245
0.166656211235	-7.79214953758	-0.00156673707107	-0.000412151112624	0.00059200610902	0.893335981698	0.449388811013
0.157428013115	-7.77968879198	-0.00156705341263	-0.0004185198807	0.000620399020226	0.892682948655	0.450684582748
0.148243874439	-7.76718793402	-0.0015679259607	-0.000445559147285	0.000591546050137	0.891590626295	0.452841701539
0.141178890851	-7.75747458274	-0.00156811883333	-0.000467508519655	0.000538983088082	0.89057884687	0.454828328537
0.130375774575	-7.74243964341	-0.00156688533501	-0.000483330247759	0.000451336330114	0.88897136003	0.457962316936
0.118533622416	-7.72569680575	-0.00156537775355	-0.000488612974811	0.000387371878967	0.887176637727	0.461429544645
0.112519996429	-7.71708717332	-0.00156556023543	-0.000487936831196	0.000380994924015	0.886279440666	0.463150482903
0.0963409291674	-7.69362545384	-0.00156597395679	-0.000411426477306	0.000525466888267	0.884697737588	0.466164635853
0.093516216501	-7.68950087921	-0.00156572271925	-0.00038622221275	0.000575047098586	0.884577242405	0.466393205752
0.0813856094763	-7.67175471841	-0.00156657526916	-0.000273927492432	0.000806691455914	0.884356276271	0.466811793803
0.0700974350778	-7.65525093183	-0.00156699452053	-0.000171056499477	0.000991739598695	0.884781162933	0.46600566618
0.0607485780915	-7.64166431601	-0.00156661270797	-0.00011429814153	0.00109541279596	0.885539117843	0.464563513179
0.0544889456299	-7.63262517856	-0.00156614005996	-0.000111974613816	0.00110890005558	0.88612584811	0.463443350491
0.0473447601511	-7.62237543273	-0.00156617245508	-0.000123517339628	0.00107941041332	0.886996886833	0.461774124833
0.0326373410186	-7.60156227072	-0.00156567025377	-0.000210552661551	0.000943147781136	0.889031346368	0.457845313742
0.0233127632101	-7.5885670657	-0.00156663669757	-0.000295449871448	0.00080547250507	0.890236022336	0.455498724981
0.0124553269804	-7.57358918442	-0.00156726117764	-0.000411406437282	0.000632217649585	0.891128233909	0.453750924821
0.00391233404626	-7.56186692025	-0.00156708535045	-0.000490985803853	0.000492885991255	0.89146050037	0.45309788377
-0.00730262482211	-7.54652353345	-0.00156686338228	-0.000509881428714	0.000401343579359	0.891909181734	0.452214098059
-0.0126254873737	-7.53926814292	-0.00156524420165	-0.000476077627766	0.000421335564577	0.892281864093	0.451478317128
-0.0247940070647	-7.52278506374	-0.00156391304289	-0.000361574315619	0.000598943606163	0.893250698329	0.449558339334
-0.0358370428677	-7.50795856853	-0.00156500029604	-0.000251401096015	0.000833286346973	0.894276895051	0.447513214787
-0.0457547429346	-7.49478709727	-0.00156651711843	-0.000144546261433	0.00106818050342	0.895635152482	0.444788165012
-0.0551566205691	-7.48247936398	-0.00156562027306	-5.55015444574e-05	0.00125662112551	0.897355049989	0.441307525522
-0.0655902203843	-7.46907720791	-0.00156651063313	8.16307800153e-06	0.00137769990456	0.899661438399	0.43658607185
-0.0742955173287	-7.45813299995	-0.00156584851049	2.41297718376e-05	0.00140333343096	0.901897543254	0.431947741683
-0.0853459288826	-7.44459262824	-0.00156568011776	-7.66678120632e-06	0.00135603217732	0.905028700928	0.425348341497
-0.0969242453814	-7.43083848547	-0.00156569621723	-0.00010552020576	0.00121802043489	0.908336710554	0.418237881535
-0.10476697512	-7.42177230113	-0.00156618514168	-0.000167521397547	0.00111042025622	0.910707891526	0.413049482769
-0.118409992262	-7.40649936038	-0.00156628490099	-0.000249020816145	0.000981517736391	0.914849785822	0.403793070758
-0.128931096252	-7.39513593925	-0.00156570906095	-0.000281043219864	0.000923607668118	0.917939829005	0.39671846225
-0.141714392228	-7.38178797652	-0.00156675479214	-0.00027470776127	0.00093841539765	0.921549516908	0.388259619067
-0.156161607441	-7.36727542204	-0.00156554890894	-0.00023392389003	0.00103712911507	0.925460263181	0.378843200964
-0.16583490062	-7.35788079828	-0.00156627990128	-0.000199724603782	0.00112609246822	0.927979066506	0.372630573292
-0.179293116617	-7.34521938803	-0.00156637552195	-0.000164497385277	0.0012394368644	0.931360300722	0.3640967275
-0.188517472496	-7.33680502136	-0.00156667536497	-0.000156012655899	0.00128788675342	0.933599637385	0.35831555099
-0.204626019044	-7.32260091911	-0.00156722244295	-0.000175263838329	0.00129334839099	0.937340520508	0.348412177092
-0.211077091476	-7.31707916009	-0.00156725592775	-0.000194318420737	0.00126505321829	0.938776806631	0.344523539417
-0.231091457811	-7.30052308125	-0.00156729721948	-0.000266552930714	0.00111747588431	0.943064714812	0.332607311815
-0.243614029117	-7.29058907391	-0.00156692306247	-0.000306568605401	0.00102211021169	0.945649745538	0.325185208872
-0.253107361502	-7.28326923708	-0.00156720566695	-0.000326905062893	0.000972661816725	0.947566126241	0.319558106552
-0.266702989894	-7.27309409128	-0.00156697032651	-0.000341910668451	0.000948595624913	0.950227638384	0.311554840301
-0.282098060172	-7.26199453527	-0.00156748626478	-0.00033800787625	0.000984919848683	0.953122340777	0.302583408659
-0.296872866509	-7.25174828098	-0.00156781091565	-0.000320285505466	0.00106540279495	0.955785342087	0.294063160198
-0.306823175516	-7.24506457629	-0.00156797392831	-0.000306274473367	0.00112621533871	0.957517879282	0.288371546256
-0.324424595456	-7.2336549007	-0.00156849164378	-0.00028963218612	0.00121223188988	0.960466504242	0.278392781581
-0.333313297048	-7.22808822348	-0.00156864033177	-0.000289269372493	0.00123398670399	0.961901137709	0.273394577258
-0.34868433858	-7.21876163931	-0.00156899993381	-0.000303467747597	0.00122873726677	0.964299667806	0.264810401574
-0.360753492499	-7.21169785038	-0.00156923224706	-0.000325417711507	0.00119031178304	0.966108244463	0.258134339526
-0.377285933679	-7.20237202522	-0.00157017168257	-0.000380315846555	0.00108454289899	0.96833558194	0.249649514072
-0.393978240816	-7.19332708528	-0.00157022876146	-0.000426766985735	0.000944291907979	0.970400604363	0.241498640235
-0.40548484265	-7.18730010949	-0.00157051958569	-0.000446014569152	0.00087446998404	0.971747447397	0.236021047475
-0.424208339127	-7.17782446807	-0.00156941115961	-0.000480239491652	0.000779385044439	0.97362830883	0.228138287389
-0.434973540338	-7.17254014962	-0.00157007080043	-0.000483356378095	0.000748269691301	0.974612962146	0.223894574466
-0.453918276912	-7.16351925448	-0.00156985537073	-0.000470139793997	0.000786460706144	0.976281285945	0.216504067311
-0.467986400286	-7.15704572373	-0.00156932123682	-0.000450812667336	0.000858662360706	0.977477892875	0.211035609336
-0.483496631952	-7.150127475	-0.00157076921906	-0.000430116427289	0.000961216579337	0.9787527779	0.205041192972
-0.501851103454	-7.14223383562	-0.00157057923951	-0.000418031042747	0.0010658117254	0.980239463344	0.197811232741
-0.518008207203	-7.13556361773	-0.00157116644445	-0.000394805753201	0.00115213940752	0.981689354659	0.190484980124
-0.528214214799	-7.13150274388	-0.00157095263949	-0.000381128447435	0.00121033977478	0.982678386151	0.185314811095
-0.54594262546	-7.12474982521	-0.00157100423006	-0.000388329402006	0.00126332349304	0.984372433308	0.176094195693
-0.562855402051	-7.11866038355	-0.00157275769889	-0.000421357986066	0.00123398627322	0.985903107181	0.167312172258
-0.576086020946	-7.1141328186	-0.00157340142898	-0.000455019700158	0.00117021084161	0.987039528468	0.160472405123
-0.593189777902	-7.1085814994	-0.00157331965402	-0.000490018043826	0.00105418375472	0.988431688131	0.151662277698
-0.604167970694	-7.10519487404	-0.0015734053157	-0.000502721214519	0.000980507795686	0.989279876906	0.146027774841
-0.623827993164	-7.09946956175	-0.00157284124723	-0.000512547770746	0.000888906566805	0.990712480278	0.135969586895
-0.634422541683	-7.09656242004	-0.00157267870009	-0.000514884582489	0.000871114242865	0.991434314247	0.13060236057
-0.655701738457	-7.09107818994	-0.00157366101015	-0.000540276623748	0.000862707394606	0.992667985002	0.120868670004
-0.675137794275	-7.08643619337	-0.00157495369296	-0.00054919304891	0.000867917824239	0.993632683687	0.112663370329
-0.691227772327	-7.08284719036	-0.00157442328187	-0.000546943000017	0.000902213636365	0.994358654733	0.106064851017
-0.705404982667	-7.07986590107	-0.00157344612403	-0.000543449831502	0.000916830782466	0.994935524849	0.10050952929
-0.714710305399	-7.07799800559	-0.00157418881791	-0.000537562521923	0.000923895695329	0.99529366365	0.0968988159949
-0.742208511273	-7.07288566787	-0.00157392888457	-0.000546937601822	0.000932589506914	0.996251883391	0.0864928666143
-0.752548572363	-7.07111157261	-0.00157496079283	-0.000566085694589	0.000899627627817	0.99653953313	0.0831133510684
-0.770799218758	-7.06814327266	-0.00157589288159	-0.000595905292794	0.000785536175369	0.99696403867	0.0778571347332
-0.787103315003	-7.06565508533	-0.00157634280853	-0.000600229607408	0.000690800965753	0.997318001076	0.0731844740938
-0.801446337001	-7.06360233209	-0.00157373039852	-0.000578501343604	0.000666789147994	0.997658013595	0.0683937763168
-0.8162979273	-7.06163440366	-0.00157353816668	-0.000552323852051	0.000724849752636	0.998025932742	0.062796553288
-0.838113782929	-7.05905499492	-0.00157348157203	-0.000557971243226	0.000871026601596	0.998508451627	0.0545875627853
-0.854507748077	-7.05734572704	-0.00157566302529	-0.000590687655004	0.000945277262776	0.99879738452	0.0490157343518
-0.871423696564	-7.05577292088	-0.0015773050521	-0.000610371095462	0.000977488702632	0.999058028236	0.0433788909615
-0.886863585049	-7.05450448043	-0.00157670813108	-0.000615252707667	0.00095611988894	0.999259817718	0.0384515798385
-0.904310597458	-7.05324335685	-0.00157591241581	-0.000619247111949	0.000834383823229	0.99942987689	0.0337467259938
-0.918773662152	-7.05231704835	-0.00157592137139	-0.000611648503583	0.000697443809576	0.999546377859	0.0301027900224
-0.935735112126	-7.0513644075	-0.00157526531886	-0.000613270932357	0.000561138080205	0.999661586072	0.0260004298897
-0.955701717875	-7.05040575959	-0.00157490743975	-0.000632051989197	0.000421381727939	0.999756097033	0.0220719141378
-0.969185063991	-7.04984189551	-0.00157664090831	-0.000634043908309	0.000382328002937	0.999807599541	0.0196014212125
-0.990663559426	-7.04907923407	-0.00157528516198	-0.000636061957533	0.000437673131146	0.999873415749	0.0158920214393
-1.00215583924	-7.04873107344	-0.00157577380598	-0.000638857572497	0.00048323197796	0.999896323962	0.0143770537975
-1.02214481788	-7.04820127416	-0.00157672293873	-0.000627666588232	0.000577859719954	0.999927696742	0.0119947239177
-1.03263867555	-7.04796100497	-0.00157643396379	-0.000624838090159	0.000631631270261	0.999941429122	0.0107865167749
-1.05413030153	-7.0475363852	-0.00157589537449	-0.000636858191886	0.0006578107188	0.999956788872	0.00925105865619
-1.06512982082	-7.04733619408	-0.00157681389727	-0.00064544837257	0.000606390946802	0.999958369187	0.0090816066775
-1.08813165029	-7.04692119941	-0.00157720455131	-0.000646656475513	0.000440571725675	0.999958255851	0.00910353162144
-1.10363209159	-7.04663858832	-0.00157507282566	-0.000637603941966	0.000326197220362	0.999957190645	0.00922517930362
-1.11263134452	-7.04647232003	-0.00157519422411	-0.000628936219103	0.000273885173917	0.999956523339	0.0092995084743
-1.13862396475	-7.04598356827	-0.00157493392631	-0.000620072228674	0.000234045347761	0.999954402181	0.00952650473115
-1.1526198859	-7.04571475139	-0.00157495979022	-0.000625095917209	0.000278334159048	0.999953173389	0.00965312462367
-1.17211614929	-7.04533363254	-0.00157613287424	-0.000634165082341	0.000394811834755	0.999951363956	0.00983420967801
-1.1826150352	-7.04512548231	-0.00157623811155	-0.000636915976491	0.000466387039543	0.999950478036	0.00992059957617
-1.20411280025	-7.04469588912	-0.00157624755812	-0.000632363748296	0.000592413927958	0.999949767996	0.00998552189219
-1.21861029837	-7.04440544833	-0.00157590999132	-0.000627327732987	0.000633637257923	0.999949438759	0.0100162312903
-1.23460662447	-7.04408439573	-0.001575963503	-0.000624161411864	0.000623679785868	0.999948988653	0.0100618853923
-1.25360192012	-7.04370165854	-0.00157571594481	-0.000626381033016	0.000547318754695	0.999948340365	0.0101303844716
-1.26709898004	-7.04342833469	-0.00157581967281	-0.000629482173069	0.00046807984231	0.999947900755	0.0101774471075
-1.28859561952	-7.04298892376	-0.0015760667033	-0.00063687667281	0.000340942104775	0.999944860297	0.0104763787361
-1.30759815257	-7.04257060611	-0.00157611892485	-0.000654757434642	0.000212110387147	0.999928128649	0.0119692873303
-1.32310472106	-7.04217023816	-0.00157715473851	-0.000662019733587	0.000103572157492	0.999899206868	0.0141819288789
-1.3326084534	-7.0418878088	-0.00157660439442	-0.000656793309802	5.72509695592e-05	0.999876554059	0.0156984708817
-1.3536095279	-7.04115935659	-0.0015752162863	-0.000632417580345	5.07052018038e-05	0.999817396806	0.0190989664865
-1.36710371814	-7.04061504985	-0.00157432350058	-0.000617945173096	0.000108830537848	0.999773256109	0.0212847989864
-1.38359094318	-7.0398690195	-0.00157475483409	-0.000612620011856	0.00022509347002	0.999712333841	0.0239754790701
-1.40307179675	-7.03887163107	-0.0015752304779	-0.000625046161978	0.00037281663871	0.999628960688	0.0272288684659
-1.42105213705	-7.03783814088	-0.00157625816688	-0.00063448656721	0.000467374038904	0.999542161653	0.0302464223858
-1.43203804074	-7.03715347745	-0.00157637456157	-0.000634903466606	0.00049152194959	0.999484818523	0.0320850875919
-1.45649571203	-7.03548735816	-0.00157565454229	-0.00062105934939	0.000449139082923	0.999350119422	0.0360381932215
-1.47295665151	-7.0342577529	-0.00157479206392	-0.000613726682123	0.00036267512712	0.999251434902	0.0386789561953
-1.48641855007	-7.03318756723	-0.0015747693344	-0.000612861914146	0.000280572306883	0.999168031387	0.0407773311347
-1.50186715897	-7.03189541573	-0.00157412854023	-0.000605910011668	0.000226154455806	0.999093468245	0.0425655193533
-1.52129337654	-7.03020475257	-0.00157458919743	-0.000610085583539	0.00025312577474	0.99902132085	0.044226284149
-1.53922359774	-7.02858515933	-0.0015754301193	-0.000625543480406	0.000307953252629	0.998939561146	0.0460354975824
-1.55366745326	-7.02722525649	-0.00157607209557	-0.000639366374661	0.00034102805951	0.998850107795	0.0479368028639
-1.56910381668	-7.02570874406	-0.00157647824438	-0.000637337839115	0.000371065378142	0.998746924758	0.0500403476954
-1.58552731056	-7.02402389043	-0.00157534349037	-0.000621859938516	0.000393432027023	0.998637328547	0.0521818410359
-1.60492097827	-7.02195360684	-0.00157474859577	-0.000589959790587	0.000430148608553	0.998537215481	0.0540638161729
-1.61883612949	-7.02042564174	-0.001573831619	-0.000587917464747	0.000450317480297	0.998468736152	0.0553139629238
-1.62927054458	-7.0192568318	-0.00157380145421	-0.000593891542934	0.000451290828515	0.998416936698	0.0562411250312
-1.64963949866	-7.01692112017	-0.00157578270064	-0.00061235567512	0.000442138919605	0.998321942058	0.057902759336
-1.67149531302	-7.01434078684	-0.00157536074719	-0.000624652310686	0.000411486798661	0.998220535397	0.0596255247395
-1.68887435755	-7.01223632234	-0.00157512460865	-0.000613353254393	0.000390222432472	0.998151628498	0.0607683968079
-1.70624486965	-7.01009745368	-0.00157476236758	-0.000601392907643	0.000395180037156	0.998094217882	0.061704249363
-1.71616807868	-7.00886094811	-0.00157392834161	-0.000598338490046	0.000400840531713	0.998061936456	0.0622242100466
-1.73204248591	-7.00686115777	-0.00157473526312	-0.000598951257767	0.000417378617006	0.998013872734	0.0629902919767
-1.7508887862	-7.00446548395	-0.00157481837518	-0.000593451585996	0.000480090147218	0.998002234086	0.0631740301744
-1.7692390293	-7.00213360713	-0.00157442460795	-0.00059877867631	0.000551620904729	0.998006887469	0.0630998394848
-1.78858453573	-6.99967622515	-0.00157630877441	-0.000606321603323	0.000580665505752	0.997996788928	0.0632590269478
-1.79751379394	-6.99853837583	-0.00157591133654	-0.000610206359756	0.000572217107226	0.997985450301	0.0634376954397
-1.81785197321	-6.99593421185	-0.00157562873246	-0.000609919109002	0.000516334139251	0.997957700994	0.0638732214958
-1.83719394188	-6.99344153166	-0.0015747274338	-0.000603737208826	0.000444984253994	0.997933874449	0.0642449976041
-1.8510777522	-6.9916436141	-0.00157468578326	-0.000601245941506	0.000400491991327	0.997918063625	0.0644904365058
-1.87041359829	-6.9891279508	-0.00157456282972	-0.000605010675656	0.000368654252419	0.997896181304	0.0648283070515
-1.88330405503	-6.98744234208	-0.00157489139735	-0.000611544518931	0.00036770794001	0.997872258294	0.0651954517769
-1.89619567179	-6.98574197615	-0.00157587182655	-0.000627883648419	0.000359428009122	0.997814510405	0.0660732880956
-1.91900092575	-6.98266429463	-0.00157614803804	-0.000628819510272	0.000336980729922	0.997679573237	0.0680805418215
-1.93584729732	-6.98032755021	-0.00157525000608	-0.000621365781729	0.000339521010211	0.99755614962	0.0698657783608
-1.94921858498	-6.97842461716	-0.00157358466494	-0.000613338746348	0.000327581000045	0.997439295465	0.0715148122351
-1.97000239348	-6.97537502229	-0.00157508668771	-0.000602319016379	0.000328860373195	0.997247011549	0.0741480075189
-1.98335355443	-6.97335833606	-0.00157340714946	-0.000599999766543	0.000344135081493	0.997135805656	0.0756287422208
-1.9986738934	-6.97100288739	-0.00157398777811	-0.000584157192106	0.000404045331262	0.997064948573	0.0765570626046
-2.01250580883	-6.9688591656	-0.00157444050657	-0.000578684227838	0.00049569974856	0.997033250537	0.0769682839196
-2.03028911629	-6.9660884712	-0.00157381822491	-0.000584863088132	0.00058542662552	0.996999545767	0.0774029776659
-2.04708550075	-6.96345722057	-0.00157595868595	-0.000593686007889	0.000627770758411	0.99696693294	0.0778215141511
-2.06882179374	-6.96003187835	-0.00157509653721	-0.000600620673708	0.000600514841936	0.996925114309	0.078355568383
-2.08610899494	-6.95729192727	-0.00157502206681	-0.000594852219788	0.000528733803499	0.996902943644	0.0786376979857
-2.09993421948	-6.95510061335	-0.00157373062212	-0.000577224063695	0.000490541868987	0.996937656042	0.0781967783613
-2.11030132495	-6.95347096465	-0.0015736789427	-0.000564833667045	0.000495192967148	0.99700361943	0.0773512675451
-2.13005190241	-6.9504352597	-0.00157261021288	-0.000551194863136	0.000589066339132	0.997215573699	0.0745684166177
-2.14092172568	-6.94881933623	-0.00157381400358	-0.0005548443867	0.000673713881091	0.997363916155	0.0725565779923
-2.16664514157	-6.94520403067	-0.00157582111006	-0.000565737948118	0.000918868228039	0.997790213384	0.0664343713481
-2.18498063586	-6.9428333847	-0.00157553868273	-0.000577153233353	0.00101995481448	0.998091825564	0.0617360051264
-2.19390894452	-6.94174452388	-0.00157589397919	-0.000572027155054	0.00103930749915	0.998247900693	0.0591584430724
-2.21575030659	-6.93930069508	-0.00157459670611	-0.000549849535263	0.00106299438157	0.99866952361	0.0515533735156
-2.23463634937	-6.93747988895	-0.00157395607663	-0.000554286271198	0.00102801253105	0.999022193224	0.0441960790451
-2.2460801621	-6.93651417676	-0.00157464824644	-0.000570059985106	0.000977305988594	0.999210972191	0.0397007929022
-2.25902872194	-6.93554669189	-0.0015756088145	-0.000595465723228	0.000908246044525	0.999400059357	0.0346170747778
-2.27997062935	-6.93426207558	-0.00157590466609	-0.00062759944087	0.000796269342301	0.999650152164	0.0264300085537
-2.29893898913	-6.93338476085	-0.00157671893871	-0.000644627112164	0.000696438328792	0.999802224299	0.0198648362006
-2.31092593977	-6.9329510745	-0.00157589700443	-0.000644254346118	0.000627985457246	0.999868280055	0.0162053420382
-2.32940835865	-6.93245060311	-0.0015762268464	-0.000626748541268	0.000578928303782	0.999942665049	0.0106742045972
-2.34289465727	-6.93221482543	-0.00157441529911	-0.000615742304586	0.000596614628222	0.999977886307	0.00659483198419
-2.36137542661	-6.93207008316	-0.00157455546333	-0.000610384808967	0.000671001518477	0.999999097091	0.000991466160145
-2.37635994103	-6.93210425673	-0.00157527000854	-0.000619530233275	0.000758336776231	0.999993412862	-0.00349504496135
-2.39284497397	-6.93229441637	-0.00157557212428	-0.000638992208283	0.000835523289181	0.999965575426	-0.00823052567663
-2.4153245486	-6.93280392549	-0.00157665914952	-0.000649526866507	0.000882186423446	0.999892390279	-0.0146290028095
-2.43030689361	-6.93330281336	-0.00157596008379	-0.000651024703886	0.000860940613286	0.999824509853	-0.0187025251126
-2.44828206848	-6.93405220365	-0.00157552217471	-0.000655091929356	0.000748480993445	0.999736574281	-0.0229301695422
-2.45876477336	-6.93455769743	-0.00157574175428	-0.000650462648107	0.000666240041307	0.999679082008	-0.0253153316827
-2.48221471965	-6.93586896985	-0.00157504827864	-0.000648761480077	0.000509377149004	0.999535444824	-0.0304666076905
-2.50017079678	-6.93702295953	-0.00157530223872	-0.000656349753924	0.000404985820092	0.999434819154	-0.0336072529951
-2.51762269994	-6.93824680079	-0.00157651063463	-0.000652843201025	0.000371518251759	0.999334601346	-0.0364662902238
-2.52858825679	-6.93906635434	-0.00157569242853	-0.000653177905082	0.000392387531091	0.999271142856	-0.0381654614392
-2.55450192716	-6.94112592658	-0.00157524311321	-0.00065954437607	0.000454857773498	0.999160230753	-0.0409657343111
-2.5644662861	-6.94195261439	-0.00157644861845	-0.000656683279302	0.00048855513365	0.999122089271	-0.0418853293253
-2.57642070524	-6.94296833441	-0.00157625148528	-0.000658350445592	0.000531692440252	0.999080502177	-0.0428653012126
-2.59335606983	-6.94443923518	-0.00157524079175	-0.000668581876781	0.000538017551219	0.999049080724	-0.0435912587463
-2.61626864422	-6.94645691247	-0.00157724759979	-0.000659998371975	0.000484829021788	0.99902218746	-0.0442040530501
-2.62573110758	-6.94729812028	-0.00157596722314	-0.000658927885581	0.000455861675951	0.999015394524	-0.0443576319054
-2.64615424262	-6.94911088774	-0.00157525970766	-0.000661555334521	0.000338555299155	0.99903708673	-0.0438673804034
-2.66010464879	-6.95033132618	-0.0015764160767	-0.000652218467489	0.000260443519062	0.99906163223	-0.0433054475446
-2.67505172674	-6.95162083393	-0.00157581801467	-0.000647912191912	0.000213643009922	0.999091254038	-0.0426169059222
-2.69548694488	-6.95333531864	-0.00157529835288	-0.000654370016729	0.000162145269537	0.999170593746	-0.0407144949887
-2.7109454902	-6.95456976135	-0.00157628893519	-0.000649094120549	0.000148934330758	0.999243512631	-0.0388839164767
-2.72790422207	-6.95585656449	-0.0015759476871	-0.000649807815419	0.000182673370732	0.999327428359	-0.0366638147129
-2.74137783774	-6.95681880855	-0.00157511290506	-0.000655664391072	0.000200898300194	0.999407464047	-0.0344129416192
-2.75685409843	-6.957844296	-0.00157609599868	-0.000647998447457	0.000220590231196	0.999498100846	-0.0316714041776
-2.78082540602	-6.95926251076	-0.00157510101615	-0.000648167297303	0.000258489824783	0.999630927301	-0.0271573608132
-2.78981961408	-6.95973516551	-0.00157535214365	-0.000653654323533	0.000245065592264	0.999685650847	-0.0250621661063
-2.81281783425	-6.96075899452	-0.00157655673327	-0.00065018925204	0.000158603132804	0.999815800081	-0.0191811888927
-2.8268216471	-6.96124776555	-0.00157607497363	-0.000646201611483	0.000108513228179	0.999880733645	-0.0154301371866
-2.84833672753	-6.96177875904	-0.00157434100963	-0.000641836774253	6.61297786194e-06	0.999960441117	-0.00887153891706
-2.85684436412	-6.96190875515	-0.00157535097237	-0.000634925313542	-2.23415127564e-05	0.999980568883	-0.00620146979832
-2.87736193472	-6.96203529633	-0.0015746628525	-0.000630721483747	-3.17748429371e-05	0.999999768653	0.000252734539813
-2.89387614547	-6.96194432012	-0.00157422475729	-0.000629705588305	6.02557778753e-06	0.999985009642	0.00543911068547
-2.91289004363	-6.96162674437	-0.00157544357953	-0.000632892486029	9.27956589875e-05	0.999934577587	0.0114206558993
-2.93239976594	-6.96106608977	-0.00157477894286	-0.00063427137177	0.000193238525768	0.999849570264	0.0173319705136
-2.9434004111	-6.96065316953	-0.00157465796457	-0.000623045819574	0.000263963657351	0.999796894631	0.0201422844651
-2.9673832981	-6.9595700554	-0.00157396802628	-0.000597316340932	0.000453257300515	0.999697362976	0.024589026612
-2.97687122561	-6.95909012834	-0.00157413512022	-0.000594421554919	0.000519174234331	0.999663618849	0.0259234694804
-2.9908517108	-6.95833859858	-0.00157487735894	-0.000605360956995	0.000573198230373	0.999612294134	0.02783103302
-3.01431917252	-6.95695847273	-0.00157662310509	-0.000632158699163	0.000528319950151	0.999518565325	0.0310154610524
-3.03029560123	-6.95593490568	-0.00157616404138	-0.000638291837568	0.000427976154924	0.999453837815	0.0330368808459
-3.04925794694	-6.95465088017	-0.00157524154188	-0.000609983224681	0.000333135362855	0.999409540397	0.0343524017446
-3.0607277734	-6.95385884243	-0.00157417523982	-0.000590954516044	0.000328134107057	0.999406578231	0.0344388514608
-3.07119710812	-6.9531376484	-0.00157307701357	-0.000580907114731	0.000357371658367	0.999414639825	0.0342039842108
-3.10011303338	-6.95119976987	-0.00157542353323	-0.000595035194793	0.00056053576158	0.999479930825	0.0322366190945
-3.10559895503	-6.95084740367	-0.00157622572038	-0.000604586457027	0.000610281824536	0.999495496785	0.0317492352433
-3.12954959725	-6.94937334185	-0.00157680274622	-0.000630119589454	0.000765505969539	0.999563467933	0.0295277923944
-3.1445229812	-6.94851298871	-0.00157676345577	-0.000615532097284	0.000821290737814	0.999620827637	0.0275163143663
-3.15949373688	-6.94772601655	-0.00157524917134	-0.000590063609712	0.000866905837594	0.999696535959	0.0246117104314
-3.17546016168	-6.94699675852	-0.00157383939993	-0.000571114643831	0.000895842112817	0.999784787967	0.0207183262999
-3.19392576231	-6.94631420745	-0.00157446543804	-0.000589595317739	0.000869227650307	0.999870418735	0.0160637031475
-3.21440129716	-6.94575934044	-0.00157651824442	-0.000630490453563	0.000774843106978	0.999940120966	0.0108975493716
-3.22689342398	-6.94552461177	-0.0015767283708	-0.00064940175025	0.000703730596738	0.999968938486	0.00782336904357
-3.2493898564	-6.94527677357	-0.00157706707151	-0.000666019108484	0.000530601160033	0.999993579886	0.00348067053132
-3.2613897827	-6.94521617328	-0.00157634362342	-0.000653635129598	0.000439331574209	0.999998498857	0.00154338356911
-3.28288204605	-6.94522433367	-0.00157471863855	-0.000620696273356	0.000382179761339	0.999997482879	-0.00212200630556
-3.29237505747	-6.94527981661	-0.00157413818613	-0.000611591600974	0.000405568402685	0.999992284661	-0.00385902678394
-3.31535442639	-6.94555019824	-0.00157480215433	-0.00061613039906	0.000545002777532	0.99996694529	-0.00808898527916
-3.33084193474	-6.94583955659	-0.00157627468774	-0.000640556136781	0.000660042035265	0.999942991594	-0.0106380259119
-3.34883317708	-6.94626627156	-0.0015762107431	-0.000663690582922	0.000734338004047	0.999912960405	-0.0131564385935
-3.35782948021	-6.94651304132	-0.00157743388618	-0.000664169521592	0.00074949493047	0.999896075668	-0.014381759271
-3.37481908194	-6.94704000168	-0.00157662241964	-0.000654384494435	0.000737441945815	0.999860201171	-0.0166914970774
-3.39380041685	-6.9477223612	-0.00157519588784	-0.000635012990662	0.000657932664529	0.999813699299	-0.0192803157869
-3.40578435799	-6.94820400665	-0.00157534487993	-0.000628761936825	0.000591718186412	0.999780924944	-0.0209130735752
-3.42371775907	-6.94899818563	-0.00157486161074	-0.000659540527999	0.000493833785854	0.999727317815	-0.0233369053156
-3.44632076531	-6.95010852347	-0.00160487820395	-0.00136836334606	0.000342319197727	0.999678251307	-0.025325960263
-3.45986695877	-6.95080074196	-0.00163144079028	-0.00183618930192	0.000229153479238	0.999674314722	-0.0254527087472
-3.47778171396	-6.95170261261	-0.00162725742284	-0.00176059851289	0.000130016063943	0.999699089098	-0.0244666026429
-3.48536126211	-6.95206893663	-0.0016127081229	-0.00151258732961	0.000114718053973	0.999720248575	-0.023603463892
-3.4992791641	-6.95269440705	-0.00159245356159	-0.00112808923325	0.000113671942772	0.999783203018	-0.0207908983822
-3.50829168988	-6.95304531978	-0.00159432707516	-0.00116418478224	0.000115428790726	0.999843926763	-0.0176282008657
-3.51510804225	-6.95326666215	-0.00160375335344	-0.00134724209978	0.000113257174129	0.999897076354	-0.0142831653047
-3.52555268249	-6.95350197835	-0.00161795213415	-0.00161638447019	0.000120977460279	0.999972115988	-0.00728971273854
-3.53185278421	-6.95356455837	-0.00161584986843	-0.00160433267481	0.000147839654923	0.999997123275	-0.00177699211964
-3.53769009923	-6.95355380456	-0.00160720497021	-0.00152132141054	0.000204675390794	0.999988592493	0.00452311550909
-3.54461498845	-6.95343041723	-0.00160383232707	-0.00148823295473	0.000343632121995	0.999888775673	0.0148358809004
-3.54764125417	-6.95332503452	-0.00160283341587	-0.00152422504737	0.000440140707747	0.999767593312	0.0214998227107
-3.55059682557	-6.95317639894	-0.00159803302041	-0.00150816293488	0.000573489430997	0.999492378927	0.0318179355318
-3.55132202501	-6.95312950514	-0.00159314360767	-0.00146616529055	0.000624582547446	0.999344490177	0.0361669767683
-3.5519787891	-6.95308401309	-0.00158253700076	-0.00123726821183	0.00074666187968	0.998862388469	0.0476638286801
-3.55202758195	-6.95308130294	-0.00157237579231	-0.00092754723648	0.000778269167743	0.998609442784	0.0527040295919
-3.55192643268	-6.95309843992	-0.00154366641317	-7.56841198646e-05	0.000744219918967	0.997797199404	0.0663339224729
-3.55180172798	-6.95311766954	-0.00154360381731	-1.25150853956e-05	0.000680474964478	0.997412066201	0.0718937201332
-3.55161788382	-6.9531495207	-0.0015494089996	-0.000210970811178	0.000565953006464	0.996817496784	0.0797152011427
-3.55149261141	-6.95317542148	-0.00155450462929	-0.000510459503341	0.000451881402858	0.996162614947	0.0875190254474
-3.55142240564	-6.95319464857	-0.00155552537929	-0.000662845380112	0.000357811058292	0.995227090644	0.0975831473922
-3.55139745609	-6.95320292224	-0.00155228634317	-0.000567316189625	0.000347679080239	0.994588026682	0.103895208998
-3.55129313136	-6.95323049577	-0.00154655895831	-0.000260008814518	0.000433535903293	0.993304668131	0.115523074369
-3.55117340215	-6.9532617921	-0.00154503932335	-0.000158413408387	0.000542272944152	0.992362801937	0.123352138923
-3.55109906869	-6.95328209277	-0.00154533367107	-0.000165447916813	0.000606137443384	0.99182137574	0.1276321427
-3.55091234478	-6.95333805578	-0.0015471316407	-0.000316716754362	0.000742089169883	0.990158362624	0.139949154769
-3.55082827092	-6.95336799687	-0.00154797899297	-0.000378850604856	0.000751405908805	0.98883298781	0.149025548416
-3.55076237041	-6.95339455985	-0.00154676499302	-0.000339682214143	0.000684426755392	0.987458822158	0.157874921121
-3.55068746334	-6.95342534583	-0.00154590829487	-0.000263451944283	0.000583970078258	0.98608991387	0.166211525881
-3.55063286264	-6.95344766048	-0.00154528321426	-0.000231157374802	0.00052457541843	0.9852716884	0.170995238016
-3.55047482666	-6.95351364612	-0.00154549953546	-0.000228373560447	0.00042126105443	0.98315769027	0.182758656285
-3.55037728151	-6.95355637008	-0.0015455561703	-0.000262378306819	0.000403903301123	0.981736346383	0.190245930867
-3.5502936442	-6.95359432588	-0.00154601962974	-0.000289888080314	0.000423322037052	0.980410531156	0.196964278896
-3.55015754879	-6.95365893129	-0.00154643535555	-0.000285703422049	0.000513754274559	0.978050272578	0.20836822872
-3.55006876727	-6.95370296069	-0.00154646263439	-0.000250599598781	0.000586589847816	0.976439279947	0.215791393915
-3.55002039989	-6.9537276186	-0.00154654238396	-0.000228895805049	0.000622872239956	0.975556544846	0.219747553898
-3.5498846846	-6.95380078761	-0.00154647509135	-0.000176704706297	0.000691422840735	0.972618786535	0.232405221088
-3.54979783311	-6.95385051586	-0.00154707273685	-0.000184244252003	0.000689367355466	0.970627028733	0.24058815831
-3.54970133556	-6.95390852828	-0.00154718590209	-0.000213893954684	0.000646521972832	0.968319941974	0.24971188645
-3.54966581812	-6.95393061991	-0.00154741022641	-0.000223505873808	0.000622069207836	0.967426599254	0.253150820916
-3.54954406513	-6.95400908019	-0.00154736919615	-0.000230685818223	0.000526868333484	0.964205647965	0.265154931363
-3.54946114498	-6.95406438069	-0.00154738709084	-0.000217002058604	0.000481046866587	0.961956314354	0.273202801555
-3.54939155526	-6.95411179742	-0.00154741155762	-0.000205525677225	0.000469084431283	0.960068046186	0.27976612449
-3.54929289939	-6.95418073526	-0.00154761908461	-0.000197802435251	0.000493815422999	0.957334899546	0.288980288483
-3.54921539493	-6.95423721628	-0.00154816997856	-0.000188869650255	0.000545492067808	0.954729158705	0.297475881853
-3.54916424921	-6.95427592995	-0.00154804274437	-0.000181445186607	0.000589674596509	0.952738052564	0.303792400429
-3.54910350185	-6.9543233771	-0.0015486301334	-0.000172652563312	0.000639120319736	0.950228582668	0.311552888603
-3.54902660053	-6.95438562647	-0.00154864562361	-0.000163751895091	0.000675018974825	0.947092140568	0.320961048742
-3.54898514049	-6.95442010707	-0.00154894834585	-0.000159201596576	0.000679020230938	0.945452872328	0.325758161513
-3.54889183624	-6.95450040776	-0.00154885586354	-0.000149011173103	0.000650517360358	0.941677584672	0.336515796286
-3.54884071789	-6.95454594409	-0.00154894133822	-0.000146138896735	0.000618841097125	0.939525548033	0.342478233283
-3.54874390251	-6.95463580257	-0.00154875865895	-0.00015184547675	0.000548606401389	0.934906739927	0.354893031226
-3.54871999907	-6.95465858138	-0.00154893083023	-0.000156331921389	0.000536326824047	0.933725640032	0.357988990138
-3.54864169773	-6.95473519805	-0.00154917743886	-0.000166401316893	0.000520845569765	0.929459006417	0.368925001079
-3.54859304046	-6.95478492308	-0.00154906951429	-0.000157825177704	0.000535245535765	0.926008949361	0.377501144775
-3.54854947267	-6.95483054712	-0.00154946125783	-0.00014385262628	0.000568588916493	0.922773477395	0.385342400249
-3.54851863417	-6.9548635304	-0.00154940282984	-0.000134631846238	0.000597456993107	0.920586250956	0.390538832219
-3.5484724046	-6.95491384358	-0.00154965314891	-0.000120885353951	0.000638491251158	0.917471721739	0.397800474515
-3.5484257734	-6.95496628574	-0.00154966507058	-0.00010545575354	0.000667894350904	0.914199946135	0.405262879231
-3.54838127846	-6.95501795565	-0.00154967801032	-9.29587423913e-05	0.000675864122148	0.91097382795	0.412463597613
-3.54831771588	-6.95509465838	-0.00154964443957	-8.54262622141e-05	0.000655391088005	0.906207478214	0.422832791531
-3.54828686219	-6.95513317972	-0.00154948730911	-8.88052536698e-05	0.000635304506061	0.903836324487	0.427877888
-3.54823656528	-6.9551977818	-0.00154956365317	-9.84524461659e-05	0.000592943673876	0.899559396383	0.436798043843
-3.54820252174	-6.95524351682	-0.00154912884942	-0.00010287047179	0.000556805739298	0.89551023952	0.445040549051
-3.54817212802	-6.95528526522	-0.00154933878351	-0.000108815956465	0.000543493398413	0.891729032323	0.452569360083
-3.54814302021	-6.95532627462	-0.00154925428061	-0.000109145483272	0.000552797805352	0.887770121653	0.460286751495
-3.54811869533	-6.95536120736	-0.00154926722271	-9.39787648444e-05	0.000579508485689	0.883646537845	0.468154303079
-3.54808943545	-6.95540462285	-0.00154915847712	-6.82704152341e-05	0.000625280584275	0.878369159309	0.477982451915
-3.54813628493	-6.95532776567	-0.00155027333142	1.62019781693e-05	0.000611373139065	0.874817647299	0.484451968657
-3.54830467654	-6.95505470296	-0.00155123444399	0.000193591199794	0.000522806421019	0.87282652887	0.488030265145
-3.54892475493	-6.95402194028	-0.00154330519885	0.000629509632143	0.000264289126445	0.868914928938	0.4949609885
-3.55004320319	-6.95207438594	-0.00154392477127	0.000469637427686	0.000223456474734	0.863003594164	0.505197511838
-3.55131228199	-6.94976533606	-0.00154457798385	0.000111442882444	0.000272726402931	0.858313869154	0.513124950883
-3.55245548404	-6.94760102928	-0.00155219220103	-0.00032271844333	0.000414622575377	0.854225891253	0.519901770198
-3.55381281656	-6.94491863251	-0.00156159306459	-0.000535329475215	0.000497461415009	0.849570711313	0.527474238645
-3.5559163749	-6.94053535982	-0.00154458803512	-6.75768299622e-05	0.000321192451843	0.843223800182	0.537562568521
-3.55689879975	-6.93838898409	-0.00154517476293	5.27637860691e-05	0.000338500101275	0.840068704216	0.542479911914
-3.55797911697	-6.93594697957	-0.00154861308127	9.21793626812e-05	0.000410558603574	0.836588726229	0.547831293457
-3.55995330992	-6.93128578249	-0.00154309241984	0.000203192692234	0.000436101311397	0.830901051351	0.5564199955
-3.56189619365	-6.92642755245	-0.00155662609428	-9.46220745464e-05	0.000624674937919	0.825122032953	0.564954185367
-3.56309699996	-6.92327345448	-0.00156603991252	-0.000311109654182	0.000719615607281	0.821482618718	0.570233015975
-3.56501225513	-6.91799568438	-0.00156179814278	-0.000234150769732	0.000569676614554	0.816059997498	0.577966868537
-3.56656106221	-6.91348256491	-0.00155439591367	-0.000176323627842	0.000448936307692	0.811463988867	0.584402226329
-3.56815508572	-6.90857263972	-0.0015587063542	-0.000180134652423	0.000383714295491	0.806524245699	0.591200863848
-3.56928829109	-6.90491131572	-0.00155529377496	-0.000139672563048	0.000329525791354	0.803051856301	0.595909043391
-3.57130440926	-6.89798326276	-0.00155931753344	-0.000264045732428	0.000424399923729	0.796490647052	0.604650642373
-3.57261989973	-6.89312884536	-0.00156806292505	-0.000333510155125	0.000512115899079	0.792012846282	0.610504117785
-3.57466405578	-6.88499746108	-0.00155196362545	-0.000122511889496	0.000437470880135	0.785113437111	0.619351826087
-3.57540841447	-6.88182858133	-0.00155369747928	-0.00011265028429	0.000461265790175	0.782419165179	0.622751976717
-3.57722590609	-6.87350901316	-0.00156563216879	-0.000223253413207	0.00059582566076	0.775390823309	0.631481326943
-3.5779345371	-6.870007887	-0.00156772303142	-0.000160882585611	0.000549258546612	0.772656450305	0.634824134887
-3.57907472673	-6.86402763716	-0.00155201458727	-4.96262985599e-05	0.000443437180761	0.768120131002	0.640305603013
-3.58103303857	-6.85245218954	-0.0015647737524	-0.000160318081846	0.000433001964365	0.759413014146	0.650608684813
-3.58197146086	-6.84613611234	-0.0015573791623	-0.000182292956092	0.000382396857832	0.754897483851	0.655842671238
-3.58329315052	-6.83599303062	-0.00156810130231	-0.000368524139631	0.000457675601865	0.747632809054	0.66411206701
-3.58417205979	-6.82803616561	-0.00157412231627	-0.000441237355977	0.000503225790911	0.742019835598	0.670377591848
-3.58502280917	-6.81886603972	-0.00156015937051	-0.000259445392398	0.000383221953597	0.735855943838	0.677137959169
-3.58540413889	-6.81401722538	-0.00155669068322	-0.000208882588211	0.000377080874635	0.732578172494	0.680682771461
-3.58597043595	-6.80531681107	-0.00156449106832	-0.000220693859679	0.0004656741407	0.726674300246	0.686981947218
-3.58656971425	-6.79152756087	-0.00155823549936	-0.000133869464862	0.000473143955076	0.717735855304	0.696315302306
-3.58668602507	-6.78715995607	-0.00156101945365	-0.000163865762835	0.000511462392656	0.714908290401	0.699218025991
-3.58682378958	-6.77395352856	-0.00157401805973	-0.000312174674179	0.000625276186095	0.70636018798	0.707852241935
-3.58679119946	-6.76870012023	-0.00157414787353	-0.000233269047232	0.000518962359936	0.703116560305	0.711074383513
-3.58648695044	-6.75509051926	-0.00154545782586	-3.03966682144e-05	0.000218328917772	0.694926850855	0.719080401186
-3.58604341834	-6.74465075991	-0.00156099263451	-0.000128584872933	0.00023638673372	0.688671978519	0.725072985009
-3.58531774384	-6.73265596542	-0.00155102975441	-7.37394326671e-05	0.000102143040234	0.681979880605	0.731370922705
-3.58478155062	-6.72550710762	-0.00154704499358	-0.000128365017511	0.000130309660465	0.678046688868	0.735018812179
-3.58346215243	-6.71103361478	-0.00157273287856	-0.000378969773265	0.000379909076528	0.670153423822	0.742222406419
-3.58188766707	-6.69697009814	-0.00156664468275	-0.000380660921346	0.000425468071948	0.662793127945	0.748802339488
-3.58058245007	-6.68685641095	-0.00157106214347	-0.000379427689247	0.000484116847183	0.657474100345	0.753476893502
-3.57871514275	-6.67401321271	-0.00157147768711	-0.000283091420694	0.00045349401372	0.650736121101	0.759303769842
-3.57658984096	-6.66103028222	-0.00156082226688	-0.000195623385828	0.000411986503855	0.643900315757	0.765109257144
-3.57451375561	-6.64956413378	-0.00156677889218	-0.000232235443943	0.000472880117776	0.637799830451	0.770201985668
-3.57224607497	-6.63807947929	-0.00157176338351	-0.000310495161044	0.000548020632822	0.631673520958	0.775234265359
-3.56976898475	-6.62649029755	-0.00156877289546	-0.000194073669704	0.00036561775433	0.62575124075	0.780022572339
-3.56594587179	-6.61007587789	-0.00155205839033	-0.000146834382847	0.000224779156044	0.617406158732	0.786644495991
-3.56307715856	-6.5986868426	-0.00156467469922	-0.000249645372843	0.000289077445917	0.611615451047	0.791155101198
-3.56026296832	-6.58814407268	-0.00156257018541	-0.00027100233323	0.000265304432998	0.606406976352	0.79515434678
-3.55587847563	-6.57271395713	-0.00156535916987	-0.000382916669717	0.000373947785719	0.598753662944	0.800933058782
-3.55117674786	-6.55729656386	-0.00157514724081	-0.000483283639306	0.000520214219615	0.591060553089	0.806626876813
-3.54666133825	-6.54339087347	-0.00156799965807	-0.00028121533661	0.000302309035345	0.584332311549	0.811514373999
-3.54212980201	-6.53016824022	-0.00154441009736	-0.000111229669977	0.000135414814409	0.57796453821	0.816061861541
-3.53802862058	-6.5187510947	-0.00155456826827	-0.000151301256559	0.000234875333307	0.572369573634	0.819995727501
-3.53342820139	-6.506500056	-0.00157408520376	-0.000463487527759	0.000689806835025	0.566011591187	0.82439686316
-3.52568676209	-6.48707854816	-0.00159689013008	-0.000686447281183	0.000989626857563	0.555746796239	0.831350736993
-3.52147168304	-6.47705727321	-0.001584126961	-0.000569496877401	0.000817568291465	0.550376222458	0.834916176037
-3.51558638538	-6.46364069559	-0.00156647402753	-0.000320014474182	0.000467062960381	0.54304897133	0.83970083612
-3.50932365772	-6.45003073769	-0.00155233600981	-0.000149419174322	0.000243002206492	0.535446814975	0.844568900065
-3.50545938985	-6.44194391695	-0.00155290387983	-0.00014579492027	0.000252982491348	0.530860388483	0.847459239541
-3.49864672263	-6.42820804849	-0.00156494804689	-0.000282909588997	0.000476459269918	0.522988033519	0.852339844044
-3.48953259041	-6.41076267765	-0.001577834284	-0.000441488599959	0.000714181476544	0.5128873328	0.858455519457
-3.48188809584	-6.39685889693	-0.00157528545319	-0.000420924253663	0.000671192430286	0.504719102062	0.863283267727
-3.4761525199	-6.38682176468	-0.00156850148513	-0.000346869187366	0.000554378888997	0.498727655204	0.866758500553
-3.4713862522	-6.37871986312	-0.00156339607957	-0.000285723923085	0.000464590236506	0.493824289469	0.869561541035
-3.46085570382	-6.36152659921	-0.00155983344485	-0.000201897912583	0.000359598733441	0.48330906106	0.875449702395
-3.45408938864	-6.35094732233	-0.00155656182443	-0.000201627385319	0.000379733747733	0.476805961185	0.879008470111
-3.44836552687	-6.34225889683	-0.00156251972011	-0.000247884351547	0.00047011511815	0.471407368199	0.881915421542
-3.43724091772	-6.32600370631	-0.00157071477783	-0.000306195219613	0.000566221780856	0.461263160799	0.887263141423
-3.42873838638	-6.31409371076	-0.00156293217017	-0.000284721507747	0.000513969297542	0.453804717943	0.891100966637
-3.42057346687	-6.30304136123	-0.00156409827366	-0.000280499862559	0.0004950243303	0.446771328219	0.894648007069
-3.41109363545	-6.29065018719	-0.00156495020118	-0.000269233905558	0.000466795750972	0.438803812203	0.898582730755
-3.39979540003	-6.27645166826	-0.00155497388193	-0.000221476400143	0.000374778060245	0.429666968049	0.902987323863
-3.39316626799	-6.26838841311	-0.00155909225207	-0.000240528279252	0.000417855679744	0.424394281447	0.905477366596
-3.37913054127	-6.25192282513	-0.00156485236692	-0.000255704677149	0.000453866489163	0.413594134291	0.910461213177
-3.37388460008	-6.24596620038	-0.0015590009519	-0.000247732034955	0.000440218858862	0.409676095664	0.912230914559
-3.36544579474	-6.23659616715	-0.0015610976136	-0.000259657494594	0.00047064759184	0.403439594363	0.915006122804
-3.35136197497	-6.22151268668	-0.00156731868213	-0.000290925458694	0.000540819383554	0.393238114582	0.919436462251
-3.34014307865	-6.20996253485	-0.0015633742788	-0.000282353514083	0.000524417307662	0.385306746206	0.922788359588
-3.32668859706	-6.19662083597	-0.00156531328618	-0.000285463194589	0.000540404681162	0.375940061714	0.926643780788
-3.31492249913	-6.18538395647	-0.00156583385184	-0.000253838643577	0.000476847518855	0.367967330295	0.929838562342
-3.30355476282	-6.17488347855	-0.00155571918855	-0.000216439116952	0.000403088647478	0.360450928083	0.932778065307
-3.2938328936	-6.16616781603	-0.00156017253285	-0.000229157815482	0.00044473547535	0.354092709599	0.935210191725
-3.27984947054	-6.15403973804	-0.00156669209808	-0.00025937593473	0.00051996385581	0.345120689154	0.938558134736
-3.26550943861	-6.14207474938	-0.00156439077329	-0.000273916386023	0.000550469598787	0.336116482221	0.941820222937
-3.2547906489	-6.13342961169	-0.00156759003182	-0.000287849472667	0.000580978747185	0.329466165058	0.944167159823
-3.23837059275	-6.120658399	-0.00156631455137	-0.000268629473368	0.000527217782929	0.31946343374	0.947598419365
-3.22763030491	-6.11260035794	-0.00156172462084	-0.000252166312386	0.000492757327854	0.313012443506	0.949748863549
-3.21354839913	-6.10237494572	-0.00156469942085	-0.000254127699706	0.00052109700392	0.304630073924	0.952470567492
-3.20744966405	-6.09806293334	-0.00156607758924	-0.000258659003364	0.000545051862787	0.30103155812	0.953613987434
-3.1859572738	-6.08340289415	-0.00156727112022	-0.000258315133831	0.000586078868522	0.28853068977	0.957470433405
-3.17421892422	-6.07573768416	-0.00156882693074	-0.000257707010679	0.000604299907182	0.281782196416	0.959478171816
-3.16407075003	-6.06929866299	-0.00156926203789	-0.000254681960107	0.000610092809728	0.275986887075	0.961161173314
-3.1469871232	-6.05884093256	-0.00156890948289	-0.000244909954555	0.000602150898967	0.266302861984	0.963889186127
-3.1336069436	-6.05097538027	-0.00156833849367	-0.000237090781915	0.000591210264333	0.258779435246	0.965936228823
-3.11660509449	-6.04137953261	-0.00156851327772	-0.000230358976663	0.000586834929979	0.249304385485	0.968424971765
-3.10649168854	-6.03587722115	-0.00156884179829	-0.000228028440324	0.000591586719648	0.243712066171	0.969847424511
-3.08786055149	-6.02613099266	-0.00156966827721	-0.000225773369501	0.000605708472108	0.233482084514	0.972360888947
-3.07801930399	-6.02118245768	-0.00157017082036	-0.00022412978882	0.000611267596502	0.228111840416	0.973634718146
-3.05681414255	-6.01097583166	-0.00157044592185	-0.00021772590435	0.000613315521081	0.216610300414	0.976257934254
-3.04635112728	-6.00616427766	-0.0015704456015	-0.000213342604686	0.000610801382309	0.210970740265	0.97749216271
-3.02940597049	-5.99867885123	-0.0015705267508	-0.000205583473194	0.000607553548837	0.201891345281	0.979407715568
-3.01278918995	-5.9916987121	-0.00157080635049	-0.000197361041765	0.000609458537078	0.193060646689	0.981186616454
-2.99884737214	-5.98611112732	-0.00157113089252	-0.000191394695237	0.000614487774149	0.185692597907	0.98260767596
-2.97825005593	-5.97829534022	-0.00157180554553	-0.000184134104605	0.000621592790108	0.174866356083	0.98459196484
-2.9664714305	-5.97405689061	-0.00157199042593	-0.000180532382476	0.000623485810183	0.168704638179	0.985666436342
-2.94799338458	-5.96773991318	-0.00157218664848	-0.000175617707075	0.00062292460347	0.159079804284	0.987265514941
-2.93130923931	-5.96237833983	-0.00157218888619	-0.000168856738577	0.000620417102955	0.150508502583	0.988608505537
-2.91741791385	-5.95815426958	-0.00157257567065	-0.000156245761779	0.000620684115952	0.143488511848	0.989651775781
-2.90009260225	-5.95318503694	-0.00157247997783	-0.000142356780558	0.000625316966453	0.134780961867	0.990875209616
-2.88946250554	-5.95029821287	-0.00157299294604	-0.000135384098877	0.000628329311771	0.129484714775	0.991581209742
-2.8734641054	-5.94617584758	-0.00157263740796	-0.000100812209582	0.000625157471095	0.122095408235	0.992518166233
-2.85399898833	-5.94148806057	-0.00157303747844	-2.9404485853e-05	0.000634695779951	0.113593998107	0.993527050407
-2.83543568613	-5.93734037953	-0.00157335923675	1.76973906349e-05	0.000640086018003	0.105824893774	0.994384574415
-2.82221157506	-5.93456239621	-0.00157412614884	7.10140982089e-05	0.000639994173039	0.100897206206	0.994896647469
-2.80552337415	-5.93124507362	-0.00157329271018	0.000124267110669	0.000652193207957	0.0949029320225	0.995486309647
-2.78485366261	-5.92742212754	-0.00157476195138	0.000134172947905	0.000652446204296	0.0877528837465	0.996142051971
-2.77647383788	-5.92595644993	-0.00157456152229	0.000143191701286	0.000647431175826	0.0851797391001	0.99636538096
-2.75228359565	-5.92196478368	-0.00157345235063	0.000152089708875	0.000647991905568	0.0780809800167	0.996946797745
-2.74288845509	-5.9205090147	-0.00157410273392	0.000140316479288	0.000646330107502	0.0753850288339	0.99715428094
-2.72259375164	-5.91752976215	-0.00157464621146	0.000152358648692	0.000636591574199	0.0704175415543	0.997517389011
-2.70227599846	-5.91473661146	-0.00157378936376	0.00019691351735	0.000645239124653	0.0660283236872	0.997817521074
-2.68689700802	-5.91274125621	-0.00157492870284	0.000224858077046	0.000647324419529	0.062965129382	0.998015492311
-2.67299895646	-5.91101342754	-0.00157553655244	0.000278370664462	0.000645977655599	0.0607204060366	0.998154565943
-2.65362973355	-5.90870480975	-0.00157410243183	0.000339996277082	0.000656632479262	0.057794869804	0.998328205682
-2.63971436051	-5.90711642001	-0.00157553304335	0.000356478235299	0.00065641580583	0.0558215367146	0.998440482994
-2.62778435179	-5.90579468667	-0.00157551891006	0.000379290496856	0.000649084416777	0.0545929495472	0.998508409923
-2.60342451889	-5.9031686968	-0.00157427326451	0.000425081838611	0.000649781083699	0.052778702246	0.998605931126
-2.58452686082	-5.90118845631	-0.00157541769983	0.000421322940774	0.000648804272007	0.0517294501117	0.998660836086
-2.57955378879	-5.90067293316	-0.00157545196194	0.000425736283698	0.000646679911792	0.051624984019	0.998666241333
-2.55667854069	-5.89830709762	-0.00157467085037	0.000451698342256	0.00065513579553	0.051432859629	0.998676137552
-2.54424478038	-5.89702361209	-0.00157489807886	0.000448051563763	0.000656905358491	0.0514092995751	0.998677351121
-2.52186917954	-5.89469946223	-0.00157544502093	0.000485437174148	0.000646491640612	0.052410165086	0.998625315619
-2.50795311	-5.89322085843	-0.00157460087177	0.000530243094646	0.000650652204638	0.0534642569525	0.998569411069
-2.49162489313	-5.89144627809	-0.00157487144792	0.000561608943546	0.000696918045575	0.0548939421892	0.998491789657
-2.4793127891	-5.89007201386	-0.00158002043091	0.000599005592558	0.000734692931386	0.0564666339415	0.998404036786
-2.4591317869	-5.88772438106	-0.00157672298913	0.00066173687298	0.000722689355811	0.0593953327673	0.998234057859
-2.43814768788	-5.88515113429	-0.00157665438713	0.000668317954727	0.000729973467955	0.0628498168666	0.998022505262
-2.42360582437	-5.88326892786	-0.00157962139818	0.000691277861746	0.000729434125088	0.0660356390115	0.99781675895
-2.40666375198	-5.88095010117	-0.0015741052599	0.000705589081092	0.000689731705602	0.069994809609	0.997546867592
-2.39280323539	-5.87894855899	-0.00157450804086	0.000693256199286	0.000739288326352	0.0735197329712	0.997293247602
-2.37856884321	-5.87678035937	-0.00158225656304	0.000708701300258	0.000786829888077	0.0777929404946	0.996968974969
-2.35867805897	-5.87353197792	-0.00157489628471	0.000737360107064	0.00073679366148	0.0840636739783	0.996459839709
-2.35255420667	-5.87247937413	-0.0015739634396	0.000738962423002	0.000716723636027	0.0860268719556	0.996292285197
-2.32769348969	-5.86792793166	-0.00158434305448	0.000766792871428	0.000849476852314	0.0953104253393	0.995446941449
-2.3121221142	-5.86482006189	-0.00157543798843	0.00079714585065	0.000784637018924	0.101540508999	0.994830776532
-2.29335390839	-5.86079620518	-0.00157679275438	0.000799600905966	0.000855056099677	0.109709143998	0.993963044203
-2.28983233051	-5.8600039893	-0.00158076656077	0.000803386338848	0.000877236167482	0.111379092076	0.993777280318
-2.27402103454	-5.85629017296	-0.00157948937604	0.000823161570634	0.000864188844534	0.118994165927	0.992894236089
-2.25505750048	-5.85149073677	-0.00157212172591	0.000807030541302	0.000845974701344	0.128553355622	0.991701904701
-2.24126588852	-5.84774524268	-0.00158586284872	0.000788369997282	0.000938528681181	0.136104739675	0.990693695082
-2.22505656222	-5.84304947175	-0.00157403046371	0.000773779767626	0.000828507133919	0.145085343615	0.989418494829
-2.21494911841	-5.83995505083	-0.00157063030475	0.000752461483335	0.000843513590238	0.151005657221	0.988532252268
-2.20192371737	-5.83576765476	-0.00158342373611	0.000730203331765	0.00093223687863	0.159046819442	0.987270331248
-2.19054383204	-5.83191438431	-0.00157557010545	0.000730669603735	0.000875551954776	0.166144405676	0.986100773751
-2.17962654353	-5.82804457356	-0.00157029767007	0.00074276368054	0.000755431468842	0.172983650749	0.984924126113
-2.16300970287	-5.82182266099	-0.001563836692	0.000756806384357	0.000631970740137	0.18346839592	0.983025114407
-2.15227372714	-5.81758557929	-0.0015646862267	0.000751460573379	0.000649878050372	0.190282515844	0.981728871496
-2.13830972323	-5.81181217391	-0.00156840016741	0.000714363834349	0.000851467847369	0.199149271211	0.979968536466
-2.13222206237	-5.80920314289	-0.00157730335177	0.000645680832821	0.00112644333039	0.202920907742	0.979194270522
-2.1166694987	-5.80229379366	-0.00162238164889	0.000335068671759	0.00192834910332	0.211915790576	0.977285969869
-2.10587870674	-5.79730916987	-0.00162528772662	0.000151084023613	0.0018960520395	0.217490008803	0.976060693928
-2.09517208171	-5.79222857887	-0.00158113127871	0.000113946345126	0.000957762791253	0.221680092611	0.975118970304
-2.08445302796	-5.78704737436	-0.00153874257474	0.000112008535084	1.44629265263e-05	0.224460653978	0.974483146114
-2.07687898374	-5.78335186791	-0.00153391692164	7.15468062211e-05	-0.000173578674019	0.22553011491	0.974236178768
-2.06636928438	-5.77820194224	-0.00153675518157	6.24862298799e-05	-0.000159387730107	0.225811080431	0.974171097213
-2.06080043748	-5.77547490003	-0.00153844159803	5.11792920611e-05	5.41555555686e-05	0.225471329729	0.974249800574
-2.04399683972	-5.7673082547	-0.00158806280816	3.73361686422e-05	0.000904752851851	0.222756925253	0.974873598104
-2.03854781788	-5.76468929442	-0.0015874903207	0.000107559285698	0.00084728924264	0.221458569564	0.975169407077
-2.02180266787	-5.75676970438	-0.00153697528891	0.000376207655264	4.28123713177e-05	0.216481105786	0.97628673425
-2.01048372566	-5.75154608075	-0.00153244313581	0.000408441808699	-0.000169694427718	0.212731685535	0.977110553801
-1.99597206414	-5.74500515098	-0.00153294770532	0.000291808413019	-0.00017455812476	0.207232299166	0.978291704227
-1.98351282164	-5.73955477368	-0.00154814715128	2.0246858033e-05	0.000255467650518	0.201943643398	0.979397110072
-1.96821731629	-5.73308460794	-0.00158943238078	-0.000303328359498	0.000835533027594	0.195376686442	0.98072787269
-1.95000158692	-5.72569702038	-0.0015697291833	-0.00040916765484	0.000502868524199	0.186981979322	0.982363129965
-1.93417233628	-5.71959192915	-0.0015502019459	-0.000429220735997	0.000171025669328	0.178843805163	0.983877370344
-1.92202559539	-5.71511404727	-0.00155547889478	-0.000422635034726	0.000188465779271	0.172488030617	0.985011505087
-1.90602862144	-5.70948551	-0.00156629326262	-0.000374603527107	0.000482361805064	0.164162225991	0.986433165783
-1.89559147237	-5.70597495375	-0.00157718083678	-0.00031297265988	0.000701921131163	0.15877524987	0.987314453142
-1.87357782875	-5.69898175908	-0.00158565074946	-0.000111508441061	0.000895623414424	0.147506188193	0.989060721022
-1.86202665739	-5.69553169235	-0.00158139313479	1.26703775208e-06	0.000824347245776	0.141617904066	0.989921052255
-1.8470743667	-5.6912870973	-0.00157192665747	0.000105300141868	0.000653459532983	0.133998370088	0.990981331164
-1.82773782524	-5.68616394274	-0.00156565283535	0.000116234919537	0.000505621916175	0.124146622341	0.992263748707
-1.81026618065	-5.68188460593	-0.00156804757141	6.4618231319e-06	0.000535928239351	0.11527459995	0.993333518686
-1.79465591312	-5.67833815058	-0.0015736017308	-0.000140913469616	0.000631848661372	0.107389081039	0.994216860742
-1.77798536935	-5.67483620698	-0.00157803888955	-0.00028495383256	0.000699901744389	0.099013780923	0.995085775261
-1.75927471813	-5.67125311444	-0.00157718597181	-0.000367564124288	0.000677595776199	0.0896529133441	0.995972771159
-1.74644158247	-5.66900629607	-0.00157447271074	-0.000361622930435	0.000624751462828	0.083244842682	0.996528863145
-1.73507409689	-5.66715830006	-0.0015723214898	-0.000317228705513	0.000582463339217	0.0775722219708	0.996986514694
-1.71576574746	-5.66432315033	-0.0015711760746	-0.000185018641697	0.000567466277531	0.067948591168	0.997688645174
-1.69491353428	-5.66168689721	-0.00157363432453	-2.47129679516e-05	0.000626807339838	0.0575733347004	0.998341082814
-1.67748627389	-5.65981851686	-0.0015759743242	7.60291321316e-05	0.000676279198451	0.0490907532465	0.998794090297
-1.65952663832	-5.65819548413	-0.0015769267714	0.000145829969413	0.000680791164971	0.0408633732144	0.999164500964
-1.64754127318	-5.6572759792	-0.00157523581807	0.000151940498078	0.000665662277455	0.0354318652176	0.999371861088
-1.63205073823	-5.65628080258	-0.00157422412821	0.000107537526013	0.000634025881422	0.0284642453313	0.99959460442
-1.61055682512	-5.65524413805	-0.00157328822774	3.6072435435e-05	0.000599370723212	0.0196765991737	0.999806216673
-1.59305472236	-5.654670056	-0.00157288519441	-1.22904238192e-05	0.000611545114774	0.0128467282036	0.999917290298
-1.58204762747	-5.65443097004	-0.00157401701653	-3.67684591955e-05	0.000624503693844	0.00866934596109	0.999962224828
-1.56052880828	-5.65421316744	-0.00157574278694	1.32932851378e-05	0.000635613989804	0.00152621749609	0.999998633238
-1.5415107931	-5.65426427286	-0.00157433976015	0.000116155105566	0.000642108429751	-0.00436315173316	0.999990268509
-1.52799840353	-5.65443678579	-0.00157550510705	0.000185032647237	0.000637171086186	-0.00853724894469	0.999963336906
-1.50948625984	-5.65485575295	-0.00157530903323	0.000259363062566	0.000634065767293	-0.0142658747057	0.999898002553
-1.49348053463	-5.65538854721	-0.00157479697686	0.000275906209393	0.00063194275226	-0.0192154171385	0.999815129046
-1.4789810136	-5.65600684706	-0.00157514476433	0.000260180650367	0.00062713425022	-0.0235288641247	0.999722927396
-1.46299205521	-5.65682388979	-0.00157453468108	0.000253698673386	0.000610540459748	-0.0274618880437	0.999622632588
-1.44352202118	-5.65796504306	-0.00157341132995	0.000300938493158	0.000594645146374	-0.030873812109	0.999523068047
-1.42955077842	-5.65885572602	-0.0015742514007	0.00035816743558	0.000597087977807	-0.032759490498	0.999463021319
-1.41558287878	-5.65979285903	-0.00157422575209	0.000427223311218	0.000600690761945	-0.0340416129873	0.999420144502
-1.39313904526	-5.66134630941	-0.00157560746094	0.000579176655072	0.000608335054768	-0.034795830136	0.99939408878
-1.37518289396	-5.66260335598	-0.00157520773928	0.000650609374798	0.000614244290939	-0.0349255773393	0.999389515384
-1.36371172313	-5.66340368155	-0.00157605247916	0.000681666765256	0.000603682872492	-0.0344804412672	0.999404957996
-1.34276921596	-5.66481460662	-0.0015742915966	0.000743979192337	0.000585574186152	-0.0323698036797	0.99947551216
-1.33179896835	-5.66551130833	-0.0015743530048	0.000757280089726	0.000584840605221	-0.0308965834516	0.999522128629
-1.31134819224	-5.66672002238	-0.00157581613955	0.00073164594074	0.000601165854619	-0.028016830037	0.999607003041
-1.30286519696	-5.66718628247	-0.00157599970285	0.000704430419265	0.00061296989648	-0.026816027537	0.999639949538
-1.27590477385	-5.66853452252	-0.00157694808462	0.000572135142108	0.000641710168285	-0.0233266667714	0.999727526623
-1.26491525557	-5.66903618904	-0.0015769399009	0.000492963698239	0.000649825427174	-0.0224064848915	0.999748610476
-1.2464307267	-5.66983950464	-0.00157653962489	0.000374805797859	0.000637081577883	-0.0210358140816	0.999778449544
-1.23494179977	-5.67031358432	-0.00157609906773	0.000340153650399	0.000627079477095	-0.0201908899872	0.999795888683
-1.20996949644	-5.67127190576	-0.00157492865186	0.000379984262042	0.000607908601833	-0.0180447300976	0.99983692359
-1.20147910531	-5.67157311217	-0.00157523240411	0.000425489678172	0.000608941743524	-0.0172979428512	0.999850103426
-1.17350316115	-5.67247795711	-0.00157641060587	0.00060174544692	0.000632169308148	-0.015106757117	0.999885505522
-1.16450667984	-5.6727466342	-0.0015773038379	0.000629581169654	0.000646075271368	-0.0148168757128	0.999889817134
-1.14150958692	-5.67341852724	-0.00157749466492	0.000607176233698	0.000646211926842	-0.0144180582452	0.999895661229
-1.1295121003	-5.67376256807	-0.00157712053828	0.000563578653872	0.000638096891651	-0.0143336432089	0.999896905628
-1.11801564864	-5.67409111486	-0.00157512995543	0.000498204432939	0.000629239252892	-0.0143272199079	0.999897038009
-1.09652616254	-5.6747064898	-0.00157577048364	0.000369839684793	0.000614179843954	-0.0143541505014	0.999896716849
-1.07603770283	-5.67529633366	-0.00157519138619	0.000290117222488	0.000626803842167	-0.0146053465992	0.999893097686
-1.06454174536	-5.67563520321	-0.00157531395734	0.000262839413048	0.000636219003223	-0.0149139301934	0.999888544202
-1.04554650443	-5.67621229716	-0.00157677762665	0.000278632197045	0.000641522309438	-0.0154650207016	0.999880164794
-1.03255015256	-5.67661894583	-0.00157586474686	0.000326912969817	0.000637762401761	-0.0157592683307	0.999875558181
-1.00906153115	-5.67736550196	-0.00157588268049	0.000472679728627	0.000617845619489	-0.015907531708	0.999873164594
-0.997569019487	-5.67773244826	-0.00157502703454	0.000541537404198	0.000614635090696	-0.0159537500681	0.999872395268
-0.978580795218	-5.6783414712	-0.0015760659	0.000609572357046	0.000620521654771	-0.0161183898572	0.999869711954
-0.960589500148	-5.67892600837	-0.00157600337445	0.000603493389668	0.000631379874239	-0.0163801784129	0.999865454404
-0.940097475939	-5.67960295105	-0.00157647973332	0.000524254515722	0.000634466545256	-0.0166885702317	0.999860397372
-0.931601090097	-5.67988683196	-0.00157614541929	0.00047980371838	0.000632240374094	-0.0167602482264	0.999859222161
-0.910113551362	-5.68060551892	-0.00157571664829	0.000385684364066	0.000619882834812	-0.0166698518902	0.999860781825
-0.901619499301	-5.68088807665	-0.00157521592802	0.000360192388325	0.000618801442487	-0.0166120558169	0.999861753918
-0.877135762607	-5.68169844367	-0.00157572157545	0.000335556469074	0.000626256032945	-0.0165739498905	0.999862390227
-0.863142700086	-5.68216486873	-0.00157575735302	0.000346324219075	0.000636346651948	-0.016776465733	0.99985900272
-0.844649940586	-5.68279158155	-0.00157652984959	0.000388393753129	0.000637607204006	-0.0170846140579	0.999853768593
-0.82965666196	-5.68330772343	-0.00157590327185	0.0004395297292	0.000631401020473	-0.017260797767	0.999850725362
-0.810168641283	-5.68398223517	-0.0015758243726	0.000513326439646	0.000617551859243	-0.0172674838223	0.999850583401
-0.795679271947	-5.68448296945	-0.00157522315731	0.000551670927258	0.000615431062959	-0.0172501652011	0.999850863231
-0.777191929235	-5.68512167097	-0.00157598172792	0.000558408172269	0.000622985173803	-0.0173552063559	0.999849037046
-0.759701005031	-5.68573369675	-0.00157585525164	0.000510916570594	0.000634534205207	-0.0176834070217	0.999843304447
-0.753703616219	-5.68594633818	-0.00157608009941	0.0004873582057	0.000635869139807	-0.0178046468389	0.999841163737
-0.73071461129	-5.6867742085	-0.00157590489938	0.000395777283711	0.00063168493206	-0.0181693677479	0.999834645534
-0.712228275507	-5.68744250531	-0.00157543270454	0.000373902390585	0.000613619131059	-0.0178719415657	0.999840025891
-0.695743170666	-5.68802631775	-0.00157449797558	0.000395512869195	0.00061306842035	-0.0175018640877	0.999846564464
-0.686251168233	-5.6883571262	-0.00157476341866	0.000416832486598	0.000616114038164	-0.0172838989428	0.999850345548
-0.66276767799	-5.68915803792	-0.0015762190691	0.000493550418605	0.000630817648302	-0.0167560738748	0.999859286333
-0.643277422915	-5.68980372985	-0.00157623419541	0.000545767279616	0.000635065405092	-0.0163154655908	0.999866543301
-0.634281456374	-5.69009624798	-0.001576399312	0.000558741446596	0.000633408160723	-0.0161740839015	0.999868834204
-0.610288516737	-5.69088364451	-0.00157616076188	0.000486330417853	0.0006450525149	-0.0171267589944	0.999852999954
-0.595289005868	-5.69141817412	-0.00157706708088	0.000351184038219	0.00065286794458	-0.0188469902577	0.999822104872
-0.582789736996	-5.69190839853	-0.00157646220924	0.000223834404425	0.000650341209198	-0.0206068809623	0.99978741911
-0.563293951311	-5.69277459445	-0.00157595307415	3.25528817011e-05	0.00065049596265	-0.0243365784529	0.999703609449
-0.542805695366	-5.69386439357	-0.00157497225796	-0.000108306273353	0.000636150773079	-0.0290864818331	0.999576690483
-0.532317986911	-5.69449941173	-0.00157572506242	-0.000113755636391	0.00062950037144	-0.0315621637089	0.999501586097
-0.515845707542	-5.69560249518	-0.00157360473846	-3.94030229914e-05	0.000624674609749	-0.0354325702219	0.999371873327
-0.491403257112	-5.6974775148	-0.00157531745071	0.000194370253975	0.000624001645243	-0.04118593417	0.999151285676
-0.477444530656	-5.69867677178	-0.00157556675929	0.000335070213937	0.000630618903498	-0.0446471332593	0.999002564331
-0.469470698474	-5.69940620465	-0.00157545003482	0.000395503721307	0.000633328520077	-0.0466845634603	0.998909402301
-0.443078287711	-5.70205531065	-0.00157586641511	0.000470663334866	0.000622346072512	-0.0534881416421	0.998568179878
-0.430643763058	-5.70342778426	-0.00157474817855	0.0004352273263	0.000612545943011	-0.0565547220465	0.998399218138
-0.414248049196	-5.70534616857	-0.00157376740845	0.000371124346596	0.000588294198432	-0.0598213278279	0.998208858363
-0.394893735144	-5.70773629888	-0.00157319130139	0.000305511902803	0.000589076364058	-0.0631112910829	0.998006274825
-0.379022962878	-5.70979307443	-0.00157413005862	0.000240415554079	0.000610515749183	-0.0659497465723	0.997822729947
-0.363654632572	-5.71187730635	-0.00157516949695	0.000183437216937	0.000636925001973	-0.0689754299533	0.997618138739
-0.346314575129	-5.71434457417	-0.00157555538974	0.000153393817877	0.000645527320143	-0.0724303541762	0.997373251877
-0.329982061425	-5.71678016443	-0.00157444479697	0.000171504742797	0.000629392222689	-0.0755531149665	0.997141565311
-0.309223820892	-5.72002215543	-0.00157380027286	0.000259854755276	0.000599503703735	-0.0793122263824	0.996849609428
-0.302311189985	-5.72113726416	-0.00157328672411	0.000295379388146	0.000594045873571	-0.0805577671625	0.996749720848
-0.277152926955	-5.72534483332	-0.00157396491053	0.000412532284666	0.000593436016269	-0.0849806601535	0.996382338789
-0.265325380487	-5.72739972494	-0.00157456727566	0.000453682068169	0.000597274073712	-0.0869185774644	0.996215136568
-0.2461202249	-5.73083603739	-0.00157435388992	0.000469668979457	0.00060365821135	-0.0900353964764	0.995938272379
-0.232344628989	-5.7333762415	-0.00157449518036	0.000445339851497	0.0006004814626	-0.092137818453	0.995745983424
-0.214651557235	-5.73672029238	-0.00157426778784	0.000408177710314	0.000589463864501	-0.0944752018487	0.995526957023
-0.202375430367	-5.7390897566	-0.00157294543263	0.000374627939776	0.000589338171385	-0.0960513352724	0.995376136607
-0.187654064	-5.74198447319	-0.00157341092825	0.000333057406515	0.000593246136816	-0.0979226797019	0.995193793154
-0.167062501648	-5.74612025474	-0.0015734385044	0.000333454767156	0.000591049773823	-0.0998493038672	0.995002339688
-0.150893998417	-5.74941844903	-0.00157331380759	0.000380393611665	0.000594319659041	-0.101080989999	0.994877950075
-0.131794489219	-5.75336613179	-0.0015738565138	0.000451850396871	0.00058671301062	-0.102226762637	0.994760845932
-0.115152504712	-5.75682790147	-0.00157399059125	0.000566643512956	0.000562007065094	-0.102174396836	0.994766181419
-0.100470408078	-5.75986598874	-0.00157238304484	0.000695396954641	0.000538245177144	-0.101175575762	0.994868197092
-0.0823550151366	-5.7635587791	-0.00157364417921	0.000833745581904	0.000526790769163	-0.0992413970833	0.995062898748
-0.075986862412	-5.7648374966	-0.00157328660367	0.000872086205375	0.000524097658131	-0.0983005702992	0.995156250378
-0.0544133717185	-5.76905759794	-0.00157465192442	0.00096987264032	0.000527731752297	-0.0941380270828	0.995558543082
-0.0367319087695	-5.77236673105	-0.00157426998777	0.000950900769816	0.000550465219717	-0.0904617303892	0.995899326293
-0.0209909876875	-5.77520347986	-0.00157651342681	0.000840019611999	0.000578542159919	-0.0875948057289	0.996155665378
-0.00572485283288	-5.77786784263	-0.00157541349225	0.000687674740405	0.000594546614299	-0.0849300298847	0.996386503141
0.0144860184821	-5.78126736997	-0.00157491719427	0.000496784556858	0.000602514870983	-0.0815863652532	0.996665969714
0.0332363858568	-5.78431368458	-0.0015744973677	0.000346301455336	0.000618280078319	-0.0795103100172	0.996833791766
0.0470604283817	-5.78651597154	-0.0015748794707	0.000287496043272	0.000618094197248	-0.0782672999771	0.99693217676
0.0584190820287	-5.78829986011	-0.00157547438373	0.00029689700827	0.000615641858649	-0.0772897350258	0.997008440133
0.0796647651302	-5.79158844463	-0.00157461153644	0.000377185737108	0.000619814022596	-0.0763954533672	0.997077333142
0.0900443712012	-5.79318852621	-0.00157519994868	0.000416213184916	0.000619452892173	-0.0764288908069	0.997074755319
0.109320060557	-5.79616623213	-0.00157610357918	0.000504736074597	0.000606821222977	-0.0767004700943	0.9970538676
0.132052722173	-5.799710843	-0.00157433611242	0.000525948108184	0.000608746398437	-0.078154690879	0.996940919563
0.146378712115	-5.80198789317	-0.0015755942502	0.000483227238843	0.000601207424951	-0.0793933776575	0.996843065194
0.164645760602	-5.80494516905	-0.00157450315682	0.000409449387033	0.000604088051308	-0.0811693659078	0.996700055918
0.177476114507	-5.80706539039	-0.00157317425281	0.000335605782766	0.000608666682091	-0.0825916945925	0.996583227271
0.192765403886	-5.80964243748	-0.00157509209622	0.000266024661884	0.000609432248953	-0.0843253103036	0.996438056211
0.210508512383	-5.8127025548	-0.00157392679638	0.00022962636139	0.000616239849209	-0.0864683293437	0.996254382947
0.227255365554	-5.81566879515	-0.00157365029204	0.00022218654924	0.000620667353859	-0.0887643137445	0.996052439388
0.245464062503	-5.81898650924	-0.001574812817	0.000266978421393	0.000614223436517	-0.0913120021312	0.995822107466
0.264146160773	-5.82249072506	-0.00157360843617	0.000343485784442	0.000604026892559	-0.0939264440023	0.995578897067
0.27298893094	-5.82418493495	-0.00157369439233	0.000381279849318	0.000597990722389	-0.0951664798999	0.995461118345
0.292623337085	-5.82802841037	-0.00157402257556	0.000450346427554	0.000589325345024	-0.0979253562876	0.995193485951
0.305864458079	-5.83068380755	-0.00157391017314	0.000471657345937	0.000588266495507	-0.0997643266661	0.995010809291
0.324973345734	-5.83460129419	-0.00157390854799	0.000473896959563	0.000584978135116	-0.102164828752	0.994767199393
0.344552352762	-5.83871250376	-0.00157350373306	0.00043665645749	0.000589386374945	-0.104564639493	0.994517821923
0.358246042234	-5.84164579821	-0.00157358334963	0.000397233605594	0.000591691658655	-0.106156690304	0.994349158601
0.379256870853	-5.84623305419	-0.00157340299596	0.000349777127133	0.00059642121412	-0.108500763331	0.994096125279
0.392438786352	-5.84916402202	-0.00157329205822	0.00033022494779	0.000598475459708	-0.109961837915	0.993935574864
0.407075090767	-5.85246525027	-0.00157336896333	0.000331884401275	0.000595756896976	-0.111424883001	0.993772625088
0.423162972072	-5.85614133371	-0.00157357398617	0.000375444667992	0.000587391568016	-0.112762257134	0.99362175267
0.445572220716	-5.86133594776	-0.00157313259465	0.000453170882704	0.000581974189964	-0.114564816395	0.993415501584
0.45579671556	-5.86373443925	-0.00157374531678	0.000485784967583	0.000579950738556	-0.115366255673	0.993322734423
0.470396744462	-5.86718882968	-0.00157372842192	0.000521089908003	0.000578653466295	-0.116484168729	0.993192243254
0.488393543506	-5.87149412495	-0.00157347287733	0.000529019091636	0.000577646018248	-0.117853494701	0.993030684446
0.502004692212	-5.87478463794	-0.00157361311217	0.000511898712337	0.000576491129206	-0.118839763776	0.992913146334
0.518522598511	-5.87881139789	-0.00157313190889	0.000488706662321	0.000569798229173	-0.119704731542	0.992809253453
0.537459988918	-5.88346237912	-0.00157248182748	0.000460350867853	0.000574329003479	-0.120603803936	0.992700448625
0.552507349379	-5.88718281272	-0.00157306725693	0.000443468966765	0.000577037294105	-0.12112318014	0.992637217515
0.568520736317	-5.89114921818	-0.00157308807001	0.000483078365013	0.000562676553453	-0.120808112656	0.992675601567
0.587934057377	-5.89592671407	-0.00157243606496	0.000591189010205	0.000552535178717	-0.1197614429	0.992802368045
0.598130949049	-5.89841814594	-0.00157261499979	0.000639853313313	0.000551765082228	-0.119200229151	0.992869876426
0.619021790162	-5.90348793786	-0.0015743458727	0.000695313404442	0.000563232757512	-0.118277869489	0.992980133184
0.62922930115	-5.90595030753	-0.00157417089196	0.000694157883876	0.000567894218586	-0.117845311621	0.993031559504
0.648192457496	-5.91050008376	-0.00157430064048	0.000643734005891	0.000571040880433	-0.117143463454	0.993114630085
0.666673809783	-5.9149123266	-0.0015732474039	0.000541995552839	0.000575342876554	-0.116735200732	0.993162760141
0.68758839077	-5.9198876361	-0.00157340245239	0.000434372490468	0.000580485952851	-0.116314031295	0.993212223284
0.696830570927	-5.92208088156	-0.00157294351624	0.000401661097367	0.000585401756882	-0.11621471214	0.993223860293
0.714831076317	-5.92635525559	-0.00157345423772	0.000348875098158	0.000604463838611	-0.116546690148	0.993184968636
0.732343828505	-5.93053108446	-0.00157446209937	0.000345876674015	0.000605457201636	-0.117016435292	0.993129733551
0.749852225542	-5.93472631436	-0.00157365322903	0.000387002959025	0.000601818878499	-0.11780859269	0.99303606356
0.760548834863	-5.93730818734	-0.00157315389738	0.000405045082891	0.000599615939445	-0.118577329351	0.992944557044
0.776099473909	-5.94109524139	-0.00157416730643	0.000436491062045	0.000586152353312	-0.119775065446	0.992800785454
0.797949021706	-5.94648276278	-0.00157231950848	0.000484046811485	0.000573613141881	-0.121405750872	0.992602679989
0.817840204015	-5.95145138094	-0.00157334674257	0.000505419804045	0.000568352198166	-0.12281028753	0.992429873998
0.830931553872	-5.95475381924	-0.00157313643084	0.000504848390078	0.000571806263728	-0.123732412725	0.992315327004
0.846440503782	-5.95870020595	-0.00157327711043	0.000483583311706	0.000580657741987	-0.124952450401	0.992162443415
0.856614247751	-5.96131410669	-0.00157402044117	0.000446378559495	0.000595750471008	-0.126156522002	0.992010069396
0.877912071327	-5.96688633923	-0.00157348056513	0.000312515752625	0.000614092993252	-0.12930787003	0.991604255725
0.894825713764	-5.97141691133	-0.00157305170562	0.000238253824367	0.000608232499536	-0.131819696375	0.991273494519
0.912194811901	-5.97616392096	-0.00157128379203	0.000215776472366	0.000594743346819	-0.134320165216	0.990937784595
0.925203723511	-5.97978162394	-0.00157195781863	0.000239567641159	0.00058686466126	-0.136194132427	0.99068196536
0.935793139963	-5.98276561894	-0.00157204100598	0.000283229442604	0.000585118047166	-0.137692394505	0.990474826492
0.95742815878	-5.98895680453	-0.00157240816164	0.000438399521023	0.000567973992896	-0.139967405177	0.990155851722
0.969436547935	-5.99243524314	-0.00157259558255	0.000535210274509	0.00056230644533	-0.141063834637	0.990000197939
0.991994269227	-5.99904546244	-0.00157304799468	0.000642675376144	0.000548539176769	-0.142927348333	0.989732822115
1.00973529724	-6.00429766172	-0.0015729612321	0.000672440496866	0.000536932750406	-0.14389473341	0.989592625894
1.02123721749	-6.00772128511	-0.00157161561285	0.000647873988272	0.000539350697211	-0.144473771907	0.989508271108
1.03608817909	-6.01216292737	-0.00157252138641	0.000575784997368	0.000548237572449	-0.145161028551	0.98940772369
1.05715705939	-6.01848977758	-0.00157241629464	0.000482925917163	0.000558968440853	-0.145489305832	0.989359548509
1.07343583219	-6.02338494782	-0.00157149816294	0.000429261939812	0.000572744774909	-0.145619815769	0.989340364563
1.08253288279	-6.02612262313	-0.00157228119195	0.000412660928867	0.000576995130169	-0.145656552688	0.989334961197
1.10599351754	-6.03317909511	-0.00157262644917	0.00045240446128	0.000572339518282	-0.14540348292	0.989372172093
1.11892278635	-6.03706142054	-0.00157186529541	0.000500962256663	0.000565804995123	-0.14522466118	0.989398416558
1.13233249401	-6.04108332915	-0.00157273436396	0.000556415344422	0.000557525126534	-0.145117985904	0.989414043631
1.150053612	-6.04639768265	-0.00157243366691	0.000604257648347	0.000555364964686	-0.145222050747	0.989398747937
1.16633742082	-6.05128555821	-0.00157301233758	0.000614673731871	0.000552259832021	-0.145356570713	0.989378989334
1.18166158052	-6.05588946336	-0.0015724924878	0.00059759644252	0.000551941928187	-0.145487428531	0.989359765898
1.19602644822	-6.06020909337	-0.00157235541875	0.000559287807446	0.000554298589687	-0.145611233495	0.989341573285
1.21278351661	-6.06525290243	-0.00157232837262	0.000507214736246	0.000561023177345	-0.145756897447	0.989320147795
1.2285817222	-6.07001274624	-0.00157211428335	0.000466064621749	0.000567710662026	-0.145838819278	0.989308091183
1.24150707244	-6.07390817672	-0.00157248389031	0.000451797740846	0.000570131916779	-0.145838058165	0.989308208608
1.26209229843	-6.0801118011	-0.00157215130565	0.000464711909323	0.000570700789163	-0.145818122656	0.98931114087
1.27884827314	-6.08516207152	-0.00157281417437	0.000495836519528	0.000568787300397	-0.145914286409	0.989296948165
1.29560341839	-6.09021819755	-0.00157234097739	0.000527421728485	0.000564545757879	-0.146110774213	0.989267933764
1.30469821534	-6.09296585759	-0.00157270999904	0.000543102738229	0.000561085936936	-0.146224265337	0.989251158427
1.32001389637	-6.09759812111	-0.00157246011568	0.000561529125721	0.000556510758816	-0.146455143779	0.989216996337
1.33771957964	-6.10296528506	-0.00157220033678	0.000554995839809	0.000556869571837	-0.146851159656	0.989158288033
1.35542063608	-6.10834706979	-0.0015725865902	0.000530867868986	0.000559422089676	-0.147269375871	0.989096120787
1.37263887455	-6.11359776	-0.00157218076468	0.000498872136357	0.000564751405077	-0.147703227015	0.989031439799
1.38985260127	-6.11886491172	-0.00157228905873	0.00046677677239	0.000569608186609	-0.148192672307	0.988958234477
1.40514919189	-6.12356137038	-0.00157231810904	0.000451348331916	0.000571475346536	-0.14863366791	0.988892058045
1.41853019309	-6.12768240018	-0.00157212814608	0.000448924429368	0.000571993472881	-0.149082779531	0.988824451628
1.43668409811	-6.13330041237	-0.00157200072532	0.000444780294162	0.000576681452714	-0.150005922316	0.988684829902
1.45196345865	-6.13805941717	-0.00157270658643	0.000450015040603	0.000573436915346	-0.150834183134	0.988558808496
1.46294012361	-6.1414953111	-0.00157225076061	0.000461482912362	0.000569550467651	-0.151387754233	0.988474183029
1.48774312084	-6.14928580526	-0.00157217218193	0.000548634862938	0.000535818914877	-0.151485228832	0.988459223916
1.49871233509	-6.1527274942	-0.00157137926062	0.000600344985847	0.000531655599582	-0.151331589296	0.988482729748
1.51302308786	-6.157211312	-0.00157155113227	0.00064698258325	0.000531524197539	-0.151013143821	0.988531400254
1.53402090376	-6.16376394418	-0.00157321099866	0.000695105710285	0.000537176143265	-0.150232250255	0.988650342261
1.54786831584	-6.16806382527	-0.00157215827342	0.000684677622189	0.000543979366751	-0.14968130744	0.988733908342
1.5564661128	-6.17072520157	-0.00157289924535	0.000662744922742	0.000546391899036	-0.14935702885	0.988782959076
1.57844459052	-6.17750585325	-0.00157213334103	0.000565331671806	0.000559528937796	-0.148848047107	0.988859760633
1.59182549346	-6.18162320919	-0.00157246656768	0.000496302131701	0.000564460318749	-0.148579559283	0.988900171722
1.61333318066	-6.18822548726	-0.00157189426414	0.000425675600469	0.000572206621923	-0.148208700665	0.988955849584
1.62528376865	-6.19188749571	-0.00157191804202	0.000413137644672	0.000574230505582	-0.148033099976	0.988982153979
1.64153870506	-6.19686149566	-0.00157244067288	0.000437615767222	0.000573171784759	-0.147801307779	0.989016811478
1.66066590763	-6.20270630659	-0.00157273519579	0.000498818922503	0.000571654091375	-0.147802053301	0.989016671968
1.67166470398	-6.20607153562	-0.00157259064268	0.000522861492594	0.000572645904317	-0.148059951755	0.988978083366
1.69413476579	-6.21296872678	-0.0015731386564	0.000557719476336	0.00056049656773	-0.148674219634	0.988885914152
1.7079935668	-6.21723682237	-0.00157167747784	0.000565831850059	0.000550956777139	-0.148936415747	0.988846459439
1.7156382661	-6.2195939888	-0.00157161347896	0.000567338657839	0.000545211552078	-0.14902816318	0.988832638746
1.73713500454	-6.22622935084	-0.00157177846368	0.000557874339664	0.000545977621383	-0.149256867207	0.988798148398
1.75385362329	-6.23139714254	-0.00157224828688	0.000534275394612	0.000556860976198	-0.149429818012	0.988772033355
1.76627310731	-6.23524014194	-0.00157257209198	0.000515525931689	0.000565294068807	-0.149558504034	0.988752582068
1.78776750811	-6.24189960846	-0.00157248497231	0.000487653188683	0.000570949483469	-0.149777545502	0.988719435975
1.80400521699	-6.24693538143	-0.00157184995807	0.000488199237396	0.000561336221055	-0.149684617161	0.988733514122
1.82024229873	-6.25196113789	-0.00157228160519	0.000527327594925	0.000548048914426	-0.149293231396	0.988792674238
1.8350496195	-6.25653118222	-0.00157139762992	0.000568057700678	0.000544220425954	-0.148899517886	0.988852018609
1.8512953058	-6.2615312565	-0.00157286855429	0.000604070171999	0.000548055511121	-0.148553465443	0.988904041168
1.86754632139	-6.26652155738	-0.00157262777131	0.000618236554224	0.000554661920511	-0.148261023645	0.988947915212
1.87758601144	-6.26959922675	-0.00157288791788	0.000613787564492	0.000556343889242	-0.148083619487	0.988974496833
1.90087485104	-6.27672477551	-0.00157526083222	0.000580928122665	0.000642302598571	-0.147862261526	0.98900758419
1.91317206126	-6.28048581979	-0.00157886042496	0.000540587846468	0.000672977593115	-0.147882505076	0.989004559928
1.93397105461	-6.28684891313	-0.00157371411926	0.000470501548879	0.000606801421929	-0.147943696017	0.988995486961
1.94095085289	-6.28898634095	-0.00157162127483	0.000461135047639	0.000639984256139	-0.147978666171	0.988990238644
1.95705537521	-6.29391593206	-0.0015832700666	0.000466200564131	0.000756359223553	-0.148073225974	0.988976000885
1.97269008963	-6.29870696893	-0.0015780469478	0.000477586615913	0.000699911739077	-0.148171711008	0.988961286447
1.99389758872	-6.30521447643	-0.00157410744797	0.000530030082702	0.000732945470103	-0.148590711836	0.988898367991
2.00050309523	-6.3072461877	-0.00158315685362	0.000548966134212	0.000804498784854	-0.148844665443	0.988860109918
2.01898925961	-6.31295566751	-0.00158146894237	0.000556822977637	0.000749454082083	-0.149605658507	0.988745303508
2.03516945181	-6.31797901373	-0.00157047567825	0.000534506293872	0.000574007394553	-0.150236057578	0.988649842878
2.05003262019	-6.32260555578	-0.00158146245798	0.000608468739501	0.000908006664082	-0.150029969239	0.988680845177
2.05627930623	-6.32454476086	-0.00159959198166	0.000682250933636	0.00117997371625	-0.149528542318	0.988756470132
2.07306021689	-6.32970003515	-0.00162830044221	0.000913460016624	0.00173433181248	-0.146635813299	0.989188604838
2.07982653165	-6.33174186326	-0.00162930696582	0.000981975408193	0.00170622489078	-0.144818367786	0.989456297606
2.09461088017	-6.3360888853	-0.00160154314613	0.00103907290994	0.00120216212781	-0.139172716543	0.990266847927
2.10191244423	-6.33815581756	-0.00159127208439	0.00104065778791	0.000996823272557	-0.135019794083	0.990841853466
2.11178332775	-6.34082442449	-0.00159605322282	0.00104512383847	0.00109230670664	-0.126869666648	0.991918243741
2.11686012909	-6.34212034195	-0.00160580351722	0.00103422643919	0.00128329546359	-0.12106379174	0.992643360859
2.1243237812	-6.34389544361	-0.00161678945236	0.000928956483435	0.00156806507842	-0.110038328884	0.993925673473
2.12933250761	-6.34497859646	-0.00161082439809	0.000658092507815	0.00152554576144	-0.101423915759	0.99484191153
2.13210887299	-6.34553677062	-0.00159953276099	0.000421210929365	0.00119779680942	-0.0964589060793	0.99533615794
2.13605887336	-6.34628167313	-0.00155596152351	0.000120856565606	0.000515095415235	-0.0887870657064	0.996050489199
2.13808140965	-6.34663484118	-0.00155307635464	7.79071815967e-05	0.000501786533221	-0.0830487894452	0.996545353063
2.1408770855	-6.34708363915	-0.00157134555847	0.00022718553883	0.000679983417079	-0.0735580899923	0.997290676486
2.14355971723	-6.34746397033	-0.0015663432822	0.000467616211704	0.000689154287146	-0.0644209734736	0.997922464212
2.14557389769	-6.34771627318	-0.00156436665081	0.000646333869096	0.000581856773603	-0.0575663532091	0.9983413037
2.14764628333	-6.34794556866	-0.00155784394291	0.000791098689204	0.000439555356489	-0.0504584207734	0.99872575251
2.15034475725	-6.34819795126	-0.00155387659309	0.000871727021429	0.000383868948174	-0.0408181677067	0.999166137297
2.15157490111	-6.34829321394	-0.00155771199377	0.000854881482138	0.000603804774243	-0.0352430319129	0.999378223346
2.15435711371	-6.34845706206	-0.00156632395748	0.000605036207081	0.000785763662187	-0.0223011772008	0.999750805952
2.15596448745	-6.34851665175	-0.00155885367329	0.000375992362607	0.00064217088104	-0.0144541426329	0.999895256518
2.15780015659	-6.3485520243	-0.00155343938711	0.00012940188792	0.000424418494793	-0.0048603580661	0.999988089951
2.15916388921	-6.34855569659	-0.00155042000279	3.45565772215e-05	0.000331239852439	0.00245678267491	0.999996926648
2.16017004619	-6.34854594185	-0.00155079307276	3.32726586168e-05	0.000349620800074	0.00801741623924	0.999967798329
2.16119886792	-6.3485256621	-0.00156498780994	0.000186570731601	0.00107129054738	0.0197552030221	0.999804255583
2.16127713753	-6.3485275282	-0.00157889160967	0.000323883986629	0.00138858094795	0.0274294143467	0.999622725917
2.16135784179	-6.34852629177	-0.00155997528193	0.000452522759341	0.000927639412903	0.0363449462991	0.999338771182
2.16126721353	-6.34853380331	-0.00154200579313	0.000515632932904	4.02913232992e-05	0.0467273305181	0.998907547815
2.16115628021	-6.34854367288	-0.00153927148717	0.000514227367998	-0.00018229517628	0.0512742061602	0.998684463743
2.16095082816	-6.34856430607	-0.0015400412984	0.000487177946159	-0.000189237477372	0.0583369017138	0.998296815955
2.16069532272	-6.34859488559	-0.00154643378604	0.00039733844395	0.000398867344301	0.0703919239352	0.997519252983
2.16063476181	-6.34860375368	-0.00155060495939	0.000327279057758	0.000722394676036	0.0794390756286	0.996839407476
2.16062702058	-6.34860487714	-0.00155050159225	0.000306521432064	0.000740466186035	0.0827204340275	0.996572469793
2.16055618271	-6.34861687366	-0.00154537432639	0.000265707706659	0.000413921915485	0.0957500066057	0.995405291478
2.16044943595	-6.34863702734	-0.00154267668955	0.000267485317533	0.000185669565838	0.103419686359	0.994637754387
2.16032669791	-6.34866239552	-0.00154248802177	0.000284147541706	0.000109873538344	0.110543218132	0.993871271399
2.16019907083	-6.34869029621	-0.00154304430715	0.000319189495761	0.000211440002711	0.119328372881	0.992854769257
2.1600947517	-6.34871550633	-0.00154576189683	0.000376727706039	0.000441303263522	0.130087741772	0.991502316068
2.16005568733	-6.34872524833	-0.00154595193635	0.000424978966705	0.000506504138218	0.139121857702	0.990275048436
2.16002546185	-6.34873288109	-0.00154543410927	0.000448346919298	0.000444120496936	0.146911541356	0.989149432977
2.15997526303	-6.34874653984	-0.00154450534919	0.000441972428522	0.000341723383282	0.154942647684	0.98792330867
2.15990428652	-6.34876749706	-0.00154407004875	0.000407285616882	0.000291395267265	0.162218627011	0.986754714333
2.15981064706	-6.34879727223	-0.00154461534667	0.000351128362546	0.000309346864755	0.170004485007	0.985443177505
2.15971994108	-6.3488275441	-0.00154507307334	0.000290859521999	0.000367087361595	0.17828757233	0.983978313887
2.15965255023	-6.34885024199	-0.00154591109432	0.000247263347988	0.000398397950603	0.189010747812	0.981974906681
2.15962714267	-6.34885883033	-0.00154523003074	0.000246282699495	0.0003850313273	0.195697013708	0.98066430032
2.1595966357	-6.34886998182	-0.00154569793526	0.000265988529368	0.000366313587392	0.20286404624	0.979206808497
2.15957507002	-6.34887830056	-0.00154554921211	0.000295535985388	0.000352407315801	0.209039170877	0.977907159963
2.16059723444	-6.34839853293	-0.0015440126662	0.000508981118736	-0.000231415889179	0.221535787991	0.975152081485
2.16144272743	-6.3479865906	-0.00154002575704	0.000616097412377	-0.000513383581403	0.226028282878	0.974120409498
2.16404287617	-6.34667259544	-0.00153649756001	0.000791513557581	-0.0007650942523	0.235462126378	0.971882901989
2.16809622227	-6.34452296155	-0.00153666412065	0.000852686057908	-0.000367581726286	0.245564381697	0.969379838996
2.17162404049	-6.34257283554	-0.00154881413978	0.000747017519472	0.00045905432627	0.253449308126	0.967348272053
2.17598039396	-6.34006551471	-0.00157635725295	0.000556900126448	0.00125276247706	0.262828572241	0.964841573556
2.17923846075	-6.33811722799	-0.00158128386385	0.000450710918443	0.00131339427046	0.269736660886	0.96293312625
2.18188418635	-6.33648707566	-0.00157393292376	0.000390950812571	0.00105555094089	0.275401576839	0.961328614181
2.18525304863	-6.33434698024	-0.00155758303866	0.000326009155062	0.00055274362814	0.28276930176	0.959187734583
2.19034716979	-6.3309738842	-0.00153557634016	0.000314016970248	-0.000178956951508	0.293009014375	0.956109610276
2.19488523994	-6.32783818051	-0.00154040894107	0.00023662298364	4.23258468922e-06	0.301986455042	0.953312186517
2.19685417207	-6.3264394067	-0.00155252629628	0.000195037102895	0.00029118421383	0.30586403661	0.952075137939
2.20464921627	-6.32068122586	-0.00156972009895	0.000406771249185	0.000692257874231	0.31955891455	0.947566069173
2.20974864644	-6.31673164564	-0.00155575563172	0.000652112470168	0.000608475352575	0.327873156959	0.944721333226
2.21384736189	-6.31345327861	-0.00156093034066	0.000783399144921	0.00055891590149	0.334424500441	0.942422053755
2.22093926245	-6.30756261106	-0.00154104314978	0.000909017632632	0.000332710877421	0.34475338509	0.938692796638
2.22636957425	-6.30287134029	-0.0015554610196	0.000749463299022	0.00056449982753	0.352644367336	0.935756950191
2.23087150725	-6.29886215778	-0.00157002091346	0.000545410948952	0.000803267839924	0.359081604874	0.93330566179
2.238936867	-6.29140725259	-0.00155929911395	0.000381003087787	0.000659515020015	0.369744858315	0.929133015034
2.243740488	-6.28680232246	-0.00156094689255	0.000288232116265	0.000622979732256	0.376122050435	0.926569874319
2.24986903374	-6.28073823323	-0.00156884423519	0.000138596814377	0.00082540035224	0.384686860577	0.923046758732
2.2526862362	-6.27787383901	-0.0015789221372	9.83720087764e-05	0.000934762526653	0.38873984127	0.921347085713
2.26020137529	-6.26998120816	-0.00157571930636	0.000186778946597	0.000960350988353	0.399682221556	0.916653241205
2.26542610631	-6.26426671786	-0.00156878916918	0.00040114924745	0.000712102068856	0.407208875337	0.913334694314
2.27136667872	-6.25754196883	-0.00153633386356	0.000748983885481	0.000181920410959	0.415101800233	0.909774643179
2.27658027379	-6.25144193602	-0.00153053142316	0.000837335726217	0.00018082292312	0.422017342143	0.906587353266
2.28305404148	-6.24360148262	-0.00156010935819	0.000697587808776	0.000638626506842	0.430551769868	0.902565387654
2.28968557549	-6.23526134065	-0.00156365990035	0.000592843086046	0.000901242425892	0.43886565993	0.898552040136
2.2944266997	-6.22909971408	-0.00157351628921	0.000490995774092	0.0010548076419	0.444857699524	0.895600509981
2.29961234529	-6.22216127021	-0.00157829162646	0.000383571398373	0.00112523648025	0.451542467824	0.89224883663
2.3070090551	-6.21186298181	-0.00158688165421	0.00021442824118	0.0011675552375	0.461732994186	0.887018169439
2.31189093256	-6.20478130744	-0.00157407113716	0.000211844493206	0.000971251957252	0.468660851568	0.883377619141
2.31573375881	-6.19903342338	-0.00156574884119	0.000266375082785	0.000744489598163	0.474151284661	0.880443032816
2.32339040869	-6.18711625156	-0.00153706548739	0.00047032038189	0.000292811800954	0.484705429238	0.874677277587
2.32798366709	-6.17965351902	-0.0015501294336	0.000429364721833	0.000468248919535	0.491163711236	0.871067049747
2.33079432394	-6.17496369076	-0.00156133407382	0.0003639812837	0.000694340055298	0.495161316304	0.868800699957
2.33921564509	-6.16031829654	-0.0015704176744	0.000403665700038	0.00101611460303	0.50683133543	0.862044547568
2.34432111151	-6.15097320958	-0.00157375091436	0.000469978074286	0.00107778675014	0.514046717595	0.857761382685
2.34892663917	-6.14220605302	-0.00157086032839	0.000586688312544	0.000940355900722	0.520639741095	0.853775750136
2.35340670426	-6.13335700265	-0.0015482220802	0.000830365983452	0.000514906571038	0.526808710884	0.84998331013
2.36027482671	-6.11915554705	-0.00151989167293	0.000976890786807	0.000140699194334	0.536004714628	0.844214411027
2.36430118725	-6.11044620701	-0.00154059832027	0.000772023626423	0.000378039684891	0.541427395014	0.840747070762
2.37085087531	-6.09565195679	-0.00155786892698	0.00056150404137	0.000631368243304	0.549813015703	0.835287336101
2.37578680853	-6.08396419947	-0.00155522641085	0.000488807753371	0.000756087420801	0.556013511953	0.831172764186
2.38044612585	-6.07245934164	-0.0015704509353	0.000413657096173	0.00092933500039	0.561961020151	0.827163089756
2.3868215874	-6.05592015795	-0.00156723168692	0.000436860051519	0.00101038590094	0.570151000135	0.821539180635
2.39242584277	-6.04050729658	-0.00157389277238	0.000447857655707	0.00109954659555	0.577650189979	0.816283558844
2.39646432367	-6.02881762506	-0.00157399476673	0.000473916383792	0.00110943478459	0.583261142511	0.812283807665
2.40167451656	-6.01291419274	-0.00156483034704	0.000562103945274	0.000999254907396	0.590738725326	0.806862097219
2.40671964183	-5.99647356706	-0.00156628630126	0.000525173273637	0.00100071438747	0.598377875282	0.801213230755
2.40944735268	-5.98708900946	-0.00156985850385	0.000459325960802	0.0010407649393	0.602688679714	0.797975601866
2.41514428186	-5.96616097172	-0.00157071060113	0.000370940672482	0.00103655100196	0.611971048757	0.790879398802
2.41781486071	-5.95562646397	-0.00157243938895	0.000324700928384	0.00104435275545	0.616571812017	0.78729791345
2.422513362	-5.93568956187	-0.00157518576389	0.000334206644756	0.000986192229454	0.625132762003	0.780517742016
2.42625629804	-5.91825355846	-0.00155169572134	0.000567177821744	0.000717811950684	0.632259631202	0.774756040188
2.42959311858	-5.90120657378	-0.00155655519353	0.000562197199194	0.000794401254543	0.639133876052	0.769094884487
2.4323814165	-5.88556276044	-0.00157213100965	0.000385714532421	0.00109125257029	0.645329831908	0.763903180018
2.43530284241	-5.86735384707	-0.0015891078682	0.000215744574488	0.00137690574402	0.65238831566	0.757883594739
2.43722615444	-5.85399966991	-0.00158931074516	0.000213999831197	0.00140935942013	0.657504172962	0.753449554017
2.43865939288	-5.84309651285	-0.00158386487494	0.000282796060244	0.00132577413801	0.66164538028	0.749815679419
2.44100802068	-5.82274808629	-0.00156831391132	0.000439855790779	0.0010657748839	0.669263677106	0.743024091909
2.44289205145	-5.80291421882	-0.00156468439602	0.000428170802993	0.000952815956599	0.676614378383	0.736336805937
2.44394094202	-5.78950658893	-0.00156902185227	0.000323738471883	0.000990535618963	0.681545171271	0.731775302637
2.44481124195	-5.77606478346	-0.00157578380348	0.000202612521063	0.00107269609769	0.686455430888	0.727171059432
2.44586209772	-5.7535920014	-0.00158148210133	0.000109749065366	0.00116599026349	0.694579352639	0.719415145315
2.446167486	-5.74359100567	-0.00158059623789	0.000131882909376	0.00116535518762	0.698150739579	0.715949837195
2.44649091169	-5.72110229137	-0.00157408481713	0.000255969392169	0.00111213273361	0.706088666555	0.708122512425
2.44647355978	-5.71111971069	-0.00157170615212	0.000305785087997	0.00109560828503	0.70958400549	0.704619929672
2.44622890898	-5.69466122649	-0.00157072649012	0.000337999714081	0.00110610963225	0.715305004006	0.698811429158
2.44547292532	-5.67221985545	-0.00157454831101	0.000254466013216	0.00115542229513	0.722546652122	0.691321152398
2.44493630621	-5.66124410229	-0.00157641857784	0.000193289019783	0.00115892337717	0.725946629684	0.687750034814
2.44364734863	-5.64079366079	-0.00157791111496	0.000115052444382	0.00112488384302	0.732177634944	0.681112789695
2.44204340587	-5.62086545026	-0.00157529502032	5.72433905819e-05	0.00102784914861	0.737643984331	0.67518907917
2.44098049357	-5.60942344919	-0.00157438493851	3.68012438884e-05	0.000962831475256	0.740640962789	0.671900316892
2.43860988266	-5.58707787792	-0.001572895239	1.52028823941e-05	0.000910219920689	0.74631049718	0.665597335532
2.43688985025	-5.57269777802	-0.00157307576084	-1.72553805856e-05	0.00090873132833	0.749551235454	0.661945707244
2.43476605866	-5.5563494827	-0.00157574940945	-3.14797114656e-05	0.000928456989906	0.753110046541	0.65789390845
2.43311076208	-5.54447235337	-0.00157596814852	-2.01597671299e-05	0.000960936992394	0.755663867723	0.654958926355
2.43076413938	-5.52865306216	-0.00157508423264	-5.0638090472e-06	0.00099230692083	0.75873958233	0.651393323198
2.42714606764	-5.50594987597	-0.00157538874964	1.13964309025e-05	0.000984510296233	0.762753398461	0.646688706988
2.42573867938	-5.49757324188	-0.00157501426077	1.66466527478e-05	0.000980726240877	0.764207617376	0.644969577146
2.42148576188	-5.47346223915	-0.00157357785019	-3.71893644279e-05	0.000935470356067	0.767725327616	0.640778389812
2.418578899	-5.45773539323	-0.00157511138302	-0.00010091358002	0.000872808668245	0.769663359411	0.638449325476
2.416147653	-5.44496965326	-0.00157548500491	-0.000142488338222	0.000833096600503	0.771167445241	0.6366318065
2.41288528415	-5.42828845864	-0.00157411984195	-0.000205711245925	0.000776361206214	0.772652006461	0.634829293478
2.41015141655	-5.41455630988	-0.00157510605548	-0.000262102438218	0.00071283185194	0.773363763876	0.633962074493
2.40640182505	-5.3959278978	-0.00157524217406	-0.00029875703517	0.000650199747221	0.774068171807	0.633101850716
2.40311512913	-5.37975952194	-0.00157326926747	-0.000289404864341	0.00064289359498	0.774609045431	0.63243998108
2.39909655121	-5.36017199206	-0.00157375152504	-0.000235428909588	0.000690371318845	0.77525418368	0.631648967898
2.39534626152	-5.34206138482	-0.00157423434954	-0.00017934668118	0.000774715131983	0.775675411792	0.631131541909
2.3935158636	-5.33324948428	-0.00157446887354	-0.000172999347046	0.000805607209843	0.775628316476	0.631189381842
2.38925962878	-5.31267765282	-0.00157568314942	-0.000188625035636	0.000809653054323	0.775195764276	0.631720536259
2.38553546444	-5.29454938905	-0.00157539231272	-0.00020662273035	0.000772163735185	0.774769563351	0.632243216473
2.38213439942	-5.27788986926	-0.00157341475466	-0.000228999923112	0.000714193073536	0.774408433223	0.632685558584
2.37954714027	-5.26515035038	-0.0015739212334	-0.000247677059873	0.000674279413006	0.774132158529	0.633023605511
2.37539017978	-5.24456922542	-0.00157320769133	-0.000270798517323	0.000646298588703	0.773820612067	0.633404427919
2.37262544603	-5.2308473041	-0.00157417410849	-0.000262518436882	0.0006657152416	0.77379348477	0.633437550856
2.36847856041	-5.21026155942	-0.0015742694222	-0.000231627826783	0.000724953106905	0.773791331918	0.633440127747
2.36581292894	-5.19702589098	-0.00157504233066	-0.000204627707356	0.000763641068374	0.773750053498	0.633490512708
2.36246451101	-5.1803547055	-0.00157495173627	-0.000194884776413	0.000788489961957	0.773373922753	0.633949616223
2.35836137605	-5.15975295207	-0.00157541402777	-0.000201800381946	0.000762865945826	0.772781376329	0.634671822056
2.35497072804	-5.14258273261	-0.00157378726757	-0.0002128772948	0.00073012567698	0.772384952395	0.635154238681
2.35217492068	-5.12835567907	-0.00157378449811	-0.000222192429499	0.000707033542064	0.772163850239	0.635423039493
2.35130925286	-5.12394028022	-0.00157398371706	-0.000225941199598	0.000702199440893	0.77209843	0.635502533637
2.34670676483	-5.10038792366	-0.00157401310125	-0.000243612220797	0.000693530648052	0.771825738182	0.635833696456
2.34249397372	-5.07879651226	-0.001574897665	-0.000219962638312	0.000729804163599	0.771922637777	0.635716021734
2.34000011312	-5.06603817528	-0.00157402845951	-0.000200338967848	0.000757497877739	0.772009766335	0.635610184582
2.33682948845	-5.04984555024	-0.00157471833125	-0.000173099929832	0.000786800452722	0.772167036373	0.6354190892
2.33316538105	-5.0312038818	-0.00157443594353	-0.000143882777505	0.000817871188869	0.772439172622	0.635088210395
2.32996976971	-5.01501798629	-0.00157411662044	-0.000138598402953	0.000823542601857	0.772687683857	0.634785826704
2.32783220638	-5.00422879177	-0.00157456745922	-0.000143922079884	0.000817692159653	0.772858854009	0.634577420371
2.32412550074	-4.98559577925	-0.00157440385365	-0.000166342887071	0.00079500812753	0.773171313229	0.634196705047
2.32039996872	-4.96696567869	-0.00157437236292	-0.000197401143435	0.000760070620757	0.773488358884	0.633810020429
2.31655851309	-4.94784821602	-0.00157468553503	-0.000229343342785	0.000725972340956	0.773669636919	0.633588757219
2.31488297113	-4.93951384417	-0.00157496160483	-0.000254459703288	0.000706641852142	0.773544481571	0.633741564787
2.31105712497	-4.92038712061	-0.00157473580823	-0.000301868427819	0.000649656193488	0.773103588277	0.634279377416
2.30648201695	-4.89733303487	-0.00157357881148	-0.000293927204446	0.000633385736087	0.772759916761	0.634698056934
2.30473365807	-4.88850550742	-0.00157323630301	-0.000265643512828	0.000651747758105	0.77279754824	0.634652230826
2.30055093265	-4.86742218668	-0.00157339568849	-0.000191071631546	0.000739572761189	0.772945070072	0.634472485751
2.29713874716	-4.85026141585	-0.00157439973262	-0.000144069129955	0.000815699659308	0.773069101291	0.634321273889
2.29420784556	-4.83555099169	-0.00157506303743	-0.000120115211728	0.000864291172433	0.7731729251	0.634194659758
2.29136934591	-4.82132994073	-0.00157493840732	-0.000115212949727	0.000877277342017	0.773274947781	0.634070242359
2.28774001882	-4.80318760816	-0.00157492052806	-0.00012952864118	0.000847591744182	0.773485195671	0.633813787235
2.28378677608	-4.78358795166	-0.001573533706	-0.000120857633233	0.000813173052526	0.774458242791	0.632624497088
2.28157897393	-4.77282018542	-0.00157267164239	-9.86462423843e-05	0.000821563352566	0.775430448327	0.631432446988
2.27756992979	-4.75375644291	-0.0015724730963	-4.92693769501e-05	0.000884237981012	0.777682120913	0.628657088171
2.27416633174	-4.73813930514	-0.00157288389543	3.81824907397e-06	0.000966518586352	0.780090287659	0.625666212071
2.27074367387	-4.72303738621	-0.00157393662832	6.22942796854e-05	0.0010665261755	0.782777436301	0.622300846745
2.26753721639	-4.70942065315	-0.00157329350729	9.13566037061e-05	0.00112886179989	0.785260123122	0.619164966999
2.26226536503	-4.68807907579	-0.0015740238146	0.000126816956398	0.00116202296794	0.789685382629	0.613510904615
2.26089759351	-4.68275746638	-0.00157404332974	0.000131690379606	0.0011662199495	0.79086530021	0.611989133492
2.25561737274	-4.66297129517	-0.00157124763966	0.000101184819881	0.00113220786433	0.795278299406	0.606243461293
2.25061194035	-4.64517886953	-0.00157358777307	1.02748392419e-05	0.00104818710937	0.798905632386	0.601455477771
2.2441000472	-4.62313503048	-0.00157282185462	-0.000120361152727	0.000908397916984	0.80316147921	0.595760689068
2.24072703432	-4.61214729957	-0.00157287355301	-0.000162021262053	0.000854472426649	0.80525310359	0.592930588505
2.23545296211	-4.59546985524	-0.00157204249048	-0.000209225180155	0.00079631240997	0.808032325145	0.58913757615
2.22925179893	-4.57646351641	-0.00157193883068	-0.000234209974951	0.000754959199928	0.810712603424	0.585443805871
2.22417020553	-4.56130029879	-0.00157203471214	-0.000210427267624	0.000779553655293	0.812726375281	0.582644992202
2.22061932112	-4.55089442768	-0.00157146375885	-0.000198002909792	0.000807558798414	0.813858768806	0.581062142186
2.21341677857	-4.53011052885	-0.00157253464174	-0.000201600526046	0.000825882263772	0.815417463439	0.578872730048
2.20977777342	-4.51973051473	-0.00157304892889	-0.000200074687751	0.000826933607737	0.816063812841	0.577961183404
2.20344543099	-4.50181648257	-0.00157207529204	-0.000223825478954	0.000804949797368	0.816745157984	0.57699796262
2.19775441035	-4.48579457239	-0.0015716302	-0.000260423035289	0.000737930494711	0.817063747047	0.576546807207
2.19036782936	-4.4650727406	-0.00157174989572	-0.000293313898685	0.000675377783614	0.817347734473	0.576144199644
2.18750985432	-4.45706799583	-0.0015706630833	-0.000309807090356	0.000654934740555	0.817379997594	0.576098441773
2.18128863789	-4.43964553909	-0.00157192982965	-0.000325073184646	0.000629523354984	0.817415742956	0.576047742114
2.17607533196	-4.42504930776	-0.00157198194556	-0.000317353564355	0.000646603286735	0.817421928671	0.576038949828
2.16850897641	-4.40385830079	-0.00157150639059	-0.000288194873505	0.0006940604986	0.817367760176	0.576115769484
2.16329959102	-4.38925899462	-0.00157220754816	-0.000255943898691	0.000736501457095	0.817321003738	0.576182062293
2.15926768939	-4.37795655737	-0.00157177934682	-0.000231660456526	0.000766357778781	0.817341094741	0.576153533251
2.15119280965	-4.35535916183	-0.00157168024222	-0.000183122210146	0.000821367908029	0.817639317534	0.575730178333
2.14596384942	-4.34077067622	-0.00157125595698	-0.000178456986765	0.000832557564964	0.817858964421	0.575418099574
2.14123165446	-4.32759608558	-0.001572160113	-0.00019554607274	0.000820142464919	0.817973293492	0.57525557821
2.13514532464	-4.31065390551	-0.00157166893982	-0.000254646976667	0.000760970227138	0.817855632498	0.575422905757
2.12889920248	-4.2932354377	-0.00157280999256	-0.000310616695029	0.000674922714352	0.817683525094	0.575667526257
2.12485330419	-4.28193635616	-0.00157195629843	-0.000333285869494	0.000630700074479	0.817605624726	0.575778198227
2.11777737617	-4.26216547836	-0.00157114116832	-0.000333583113549	0.000601908743682	0.817625627722	0.575749823552
2.11423911308	-4.25228174764	-0.00157105582745	-0.000321654849257	0.000616757580255	0.817647307977	0.575719025138
2.10867730046	-4.23675039004	-0.00157105024114	-0.000291905694731	0.000668459926341	0.817716783799	0.575620299716
2.10192688351	-4.21792621123	-0.00157212450614	-0.00023712757232	0.000762565872297	0.817904647886	0.575353238655
2.09600868242	-4.20145715235	-0.00157183735335	-0.000195102096163	0.000831032679301	0.818082332397	0.575100485776
2.09109682971	-4.18781386976	-0.00157227583844	-0.000172620640775	0.00085950397733	0.818249299201	0.574862866962
2.08634556093	-4.17464546464	-0.00157185468041	-0.000162761406604	0.000863500295273	0.818470305311	0.574548159165
2.0807321584	-4.1591317881	-0.00157131334976	-0.000177447497829	0.000836723738398	0.81874589026	0.574155410658
2.07236931122	-4.13610692233	-0.00157156062141	-0.000236126325744	0.000756532932074	0.819153925009	0.573573202864
2.06740425478	-4.12248497166	-0.00157146902007	-0.000275729961369	0.000707356161222	0.819392729957	0.573232045261
2.06259952678	-4.10933590289	-0.0015715070829	-0.000304494652109	0.000670609122513	0.819623932579	0.572901445896
2.05743961753	-4.09525186343	-0.00157151847066	-0.000315257748061	0.000653498347878	0.819916448921	0.572482742396
2.04879791782	-4.07179790627	-0.00157128354425	-0.000267440652535	0.000705459597844	0.820712755865	0.571340531699
2.04532246167	-4.06242404027	-0.00157060064702	-0.00024104331919	0.000743607269833	0.8210495683	0.57085637015
2.03868963976	-4.04462350325	-0.00157170351681	-0.000199468782291	0.000815357370565	0.821587814551	0.570081361198
2.03290701864	-4.02917038174	-0.00157150665548	-0.0001932496538	0.000844971567114	0.821855391074	0.569695501861
2.02605502207	-4.01091203876	-0.00157234322017	-0.000202321936698	0.000831553952781	0.82213663755	0.569289571995
2.02130186917	-3.99827557477	-0.00157181006396	-0.000224158273006	0.00079707219493	0.822212782706	0.569179632791
2.01479426807	-3.98095362654	-0.00157137713227	-0.000301329384859	0.000695264453477	0.82183895494	0.569719367716
2.01076368469	-3.97017949478	-0.00157183263804	-0.0003478106596	0.000620689461392	0.821515013689	0.570186439734
2.0039583359	-3.95190178019	-0.00157132091149	-0.00039837454077	0.000536175782025	0.820965268663	0.570977741653
2.00013514202	-3.94158618942	-0.00157041908009	-0.000407238929146	0.000515735735565	0.820673088438	0.571397628702
1.99217686887	-3.92000578026	-0.0015714186384	-0.000375642873152	0.000554780004132	0.820061117326	0.572275558592
1.98855932307	-3.91014828554	-0.00157124354562	-0.000345598825285	0.000602925726212	0.819786225808	0.572669242249
1.98031509065	-3.88760898927	-0.00157174051633	-0.00023379870503	0.00075695022522	0.819577461202	0.57296785028
1.9748223709	-3.87258285982	-0.00157130458322	-0.000166654153348	0.000858750858168	0.819563243595	0.572988066649
1.96829768339	-3.85473949306	-0.001571593985	-0.000121945502646	0.000918674045977	0.819718132395	0.572766378718
1.96382277341	-3.84253679243	-0.00157231726101	-0.000106130050321	0.000935337991365	0.820014460105	0.572342029819
1.95725681005	-3.82471172404	-0.00157073121544	-0.000136777311872	0.000899134499277	0.82049717132	0.571649861983
1.95361474704	-3.81486520438	-0.00157146430084	-0.00017192791211	0.000851394839274	0.820785698891	0.571235574929
1.94489746005	-3.79143900509	-0.00157129414642	-0.000258704756474	0.000732867213947	0.821619339451	0.570036013789
1.93963322591	-3.77739514507	-0.00157091344378	-0.00030208794356	0.00067245896245	0.822137863266	0.569287967839
1.93734424207	-3.77131231447	-0.00157117967533	-0.000313821999749	0.000654928702595	0.822361804842	0.568964440471
1.93045099745	-3.75307358626	-0.00157155620534	-0.00032924632835	0.000639236429816	0.822895953261	0.568191634117
1.92228480791	-3.7315724021	-0.00157141947004	-0.00030923128188	0.000668152274869	0.823354803205	0.567526498049
1.91765437392	-3.71942579426	-0.00157148933832	-0.000276706488517	0.000710939208103	0.823624633093	0.567134800344
1.91068512522	-3.70121664266	-0.00157097454063	-0.000216718975404	0.000787604111865	0.824117331737	0.566418534516
1.9065600291	-3.69048434175	-0.00157104302781	-0.000187548548424	0.00082902018393	0.824414064582	0.565986508382
1.90044119571	-3.6746271034	-0.00157109974843	-0.00016478092025	0.000867374880238	0.824849049681	0.565352337705
1.89231300325	-3.65364684958	-0.00157183709631	-0.000204601543331	0.000840977444827	0.82503070997	0.565087230879
1.88725269209	-3.64059016842	-0.00157163526694	-0.00025170152096	0.000773231266845	0.825012799848	0.565113456614
1.88291621036	-3.62939878226	-0.00157228200627	-0.000290317413889	0.000709864627015	0.824988122935	0.56514954554
1.87460809289	-3.60795020624	-0.00157025591651	-0.000346127262015	0.000604782364113	0.82494972562	0.565205683477
1.86847073205	-3.59209817733	-0.0015708360841	-0.000359530129595	0.000574440807666	0.824920600244	0.565248214547
1.86143352671	-3.57391458819	-0.00157059283865	-0.000344569236314	0.000604948232124	0.824888184744	0.56529549616
1.85656276999	-3.561324251	-0.00157106355484	-0.000317000509773	0.000655451231152	0.824865129867	0.565329096565
1.8512540084	-3.54760281439	-0.00157267000039	-0.000421197566147	0.000825802121556	0.824856838255	0.565340903374
1.84717757123	-3.53705909413	-0.00159220837773	-0.000661154963173	0.00106468138594	0.82483955293	0.565365493508
1.84013187384	-3.51880539172	-0.0015837243523	-0.000295834096661	0.000853339318391	0.82429762287	0.566155997252
1.83232841547	-3.49836316394	-0.00154494059268	0.000153693844353	0.00037652681612	0.822627511578	0.568580523586
1.82936060399	-3.49047496628	-0.00154825715848	0.000108665076421	0.000292084181428	0.821727014637	0.56988122999
1.82161563886	-3.46946818578	-0.00156685388041	-0.000446187418845	0.000313517843541	0.818615186289	0.574342127482
1.81756346053	-3.45815855939	-0.00158261876434	-0.000781055661107	0.000357300631563	0.816577850503	0.577234680487
1.81015936823	-3.43678727826	-0.00158980418747	-0.000976142481698	0.000323959597203	0.812555012977	0.582883601659
1.80477867155	-3.42057755445	-0.00157750836944	-0.000782962335345	0.000215310963011	0.808945423873	0.587883187212
1.79963390607	-3.40435010745	-0.00156535943492	-0.00053015356011	0.000134207772159	0.804741507364	0.593625140346
1.794321463	-3.38665423371	-0.00156359766448	-0.000381446743009	0.000214655865381	0.799824286605	0.600234053498
1.79252577186	-3.38041653644	-0.00156488221184	-0.000384542550709	0.000275429280776	0.797943148096	0.602732534937
1.78648160511	-3.35821597842	-0.00157591015617	-0.000502827849775	0.000483173753694	0.791055681063	0.61174375613
1.78244732016	-3.34217045668	-0.00158105272888	-0.000562786155027	0.000552901280261	0.786023941518	0.61819555234
1.77845301322	-3.32507367337	-0.00157764144795	-0.000553930563667	0.000495689496876	0.780640409327	0.624979998703
1.77599186118	-3.31381109811	-0.00157492893429	-0.000522570166203	0.000413226414747	0.777068344832	0.629415874938
1.77155479107	-3.29173037221	-0.00156936198134	-0.000497452114102	0.000265808416234	0.770004583956	0.638038104328
1.76878720719	-3.2764758839	-0.00156980550581	-0.000537190912375	0.000227504575588	0.765081478753	0.643933219004
1.76712572467	-3.26660973008	-0.00157163371012	-0.000575992799747	0.000234674795651	0.761881957433	0.647715598159
1.76353385249	-3.24284629548	-0.00157626009991	-0.00063518743966	0.000305196136395	0.754197440524	0.65664733617
1.76132044482	-3.22595589554	-0.00157685164481	-0.000584508169214	0.000372853847189	0.748988782035	0.662582314672
1.75953332687	-3.21052990101	-0.00157498274746	-0.000499889958835	0.000429562638628	0.744248662693	0.667902308475
1.75834988247	-3.19907336137	-0.00157397540288	-0.000437022529523	0.000460629558753	0.740722848074	0.671810433957
1.75657030884	-3.1791336244	-0.00157303311924	-0.000335349295319	0.000520029862106	0.735051699075	0.678010779263
1.75511057502	-3.15917444957	-0.00157327879703	-0.000294949286591	0.00058647219822	0.729706867219	0.683759794803
1.7543836434	-3.14718532931	-0.00157448791167	-0.000310239722487	0.000597830467053	0.726538898349	0.687125007212
1.75344773799	-3.12818812183	-0.00157622531568	-0.000326647949245	0.000592198575038	0.722090407278	0.691798371145
1.75282050662	-3.11168424452	-0.00157513639685	-0.00033076368152	0.000581973439195	0.718608113783	0.6954149342
1.75224613851	-3.09017415611	-0.00157451692393	-0.000339499124941	0.000542617334435	0.714375515675	0.699762254563
1.7520234489	-3.0776711244	-0.00157503540672	-0.000313516236584	0.000548371425989	0.712411465871	0.701761714752
1.75180213856	-3.05867093853	-0.00157356679116	-0.000246871946195	0.000613713897371	0.710057874747	0.704143008855
1.75171624379	-3.04466905965	-0.00157457254639	-0.000206510425801	0.000674002898295	0.708497667083	0.705712801932
1.75168566564	-3.02416533461	-0.00157639555012	-0.000119179862426	0.000771757291413	0.707014362027	0.707198757121
1.75169910192	-3.01016527364	-0.00157527417243	-4.10551918513e-05	0.000845606583902	0.706692755413	0.707520058168
1.75171929466	-2.99116960429	-0.00157521589662	5.72278726519e-05	0.000925774464692	0.707014759357	0.707198182773
1.75171239241	-2.97817673162	-0.00157527812389	0.000112998702917	0.000968597473526	0.707780760887	0.706431485403
1.75162320092	-2.95669146209	-0.00157505938152	0.000134280175753	0.00101014391797	0.709461948682	0.704743006315
1.75156271543	-2.94869566941	-0.00157521468949	0.0001133208244	0.00100248129429	0.710133590656	0.704066236665
1.75134120689	-2.92920581375	-0.00157665553167	6.0450017463e-05	0.000956766594607	0.712353880816	0.701819798403
1.75100398523	-2.91122195681	-0.00157471867559	4.90324737384e-05	0.000932582915201	0.715336487789	0.69877953399
1.75049629477	-2.89324722699	-0.00157440026534	6.70969330475e-05	0.000939128066904	0.718957543595	0.695053353379
1.75006792952	-2.88176952909	-0.00157420104765	0.000101101739611	0.000967420666489	0.721668246134	0.692238395639
1.74879714247	-2.85683786529	-0.00157433365671	0.000211336664457	0.00110602100594	0.728407324995	0.685143416336
1.74825093888	-2.84836646372	-0.00157414748526	0.000239880783972	0.00115222409481	0.73081667235	0.682572784582
1.74632015412	-2.82397555775	-0.00157571985048	0.000335044566836	0.00126543079836	0.738568739722	0.674176907893
1.74485142168	-2.80906897822	-0.00157376591803	0.000357217229884	0.0013066008047	0.743536108098	0.668694415368
1.7432810068	-2.79517602337	-0.00157405985172	0.000334707337764	0.00129402555114	0.748148679059	0.663529778904
1.74091009086	-2.77685317031	-0.0015748539575	0.000259934514952	0.00123457990249	0.754181454066	0.656664863221
1.73874118339	-2.76202925755	-0.00157353882755	0.000174283715199	0.00115807357783	0.759033843096	0.651050115986
1.73601830096	-2.74526806718	-0.00157421303512	7.89002153251e-05	0.00106570255745	0.764373102324	0.644773307835
1.73293550276	-2.72805919571	-0.00157326620914	-1.10991758141e-05	0.000978949567147	0.769498472151	0.638647902127
1.72997843202	-2.71285899192	-0.00157383843837	-4.63054779231e-05	0.000934417177085	0.77394936613	0.633246795007
1.72617280454	-2.69477505445	-0.00157254010345	-3.15645138583e-05	0.000948073367285	0.779120580209	0.626873369713
1.72231243382	-2.67772378125	-0.00157292878844	-1.58441093818e-05	0.000985198198755	0.783430953014	0.621478053509
1.71894207844	-2.66363377756	-0.0015732881425	6.03757959748e-06	0.00101742697628	0.786793909707	0.617214961301
1.71429733522	-2.64522722671	-0.00157340548707	3.51020858293e-05	0.00106701403084	0.790965169311	0.61186024645
1.7100698635	-2.62928999567	-0.0015721294616	2.57607159803e-05	0.00106604235664	0.794244179124	0.607597767292
1.70675476316	-2.61724671542	-0.00157359540133	1.47492783528e-05	0.00104813296189	0.796673739092	0.604408681804
1.7002621738	-2.59468123269	-0.00157161535709	-2.5186325025e-05	0.00100151627158	0.80111962313	0.598503421684
1.69638777396	-2.58175815461	-0.00157249922507	-7.90125112068e-05	0.000951509459778	0.803290717162	0.595586359908
1.69123272658	-2.56504317182	-0.00157271051825	-0.00014883435971	0.000870309803237	0.805881071256	0.592076785055
1.68608768383	-2.54884843628	-0.00157268461391	-0.000190147790533	0.00081821751699	0.808266548737	0.58881616873
1.68222436117	-2.53696553412	-0.00157140550532	-0.000211754483219	0.000790991862986	0.809863539481	0.586617743433
1.67798157822	-2.5241554148	-0.00157164397857	-0.000210650988353	0.00077815055728	0.811549837007	0.584282647494
1.67156260335	-2.50522579459	-0.00157144623451	-0.000175749649485	0.000818836449032	0.813982729857	0.580888469599
1.66977021081	-2.5000292795	-0.00157105220307	-0.000167903569602	0.000835036280074	0.814569812103	0.580064906484
1.6600040083	-2.47220106734	-0.00157250196712	-0.000169330287133	0.000868425124002	0.816986799996	0.576655690857
1.6544464939	-2.45666785803	-0.00157261713957	-0.000171666993682	0.000867340953909	0.818145552373	0.575010498498
1.65036845425	-2.44538287842	-0.00157158672446	-0.000192748181742	0.000843636677081	0.818774753064	0.574114235036
1.64592521466	-2.43316611036	-0.00157103688742	-0.000216807355199	0.000795770980936	0.819391649983	0.573233498394
1.63765643603	-2.41064093897	-0.00157119371897	-0.000252123343451	0.000730788059679	0.820457272189	0.571707326256
1.63106184208	-2.39282368482	-0.00157108008977	-0.000305312003338	0.000679647894504	0.820803271217	0.571210499573
1.6246300466	-2.37547498401	-0.00157256591228	-0.000340584204046	0.000634450409647	0.82089486481	0.571078893327
1.61784823106	-2.35718903352	-0.00157177019721	-0.000348717027656	0.000627499041227	0.820768801871	0.57126006207
1.6142038339	-2.3473382834	-0.00157100150917	-0.000355576576432	0.000619995810229	0.82049813244	0.571648759146
1.60832680025	-2.33138119452	-0.00157246670642	-0.000344035978793	0.000616890440336	0.819991640062	0.57237506175
1.6040248202	-2.3196429393	-0.00157219105675	-0.000327660907097	0.000634739422928	0.819549659984	0.573007717718
1.59872155005	-2.30507376796	-0.00157107979468	-0.000334921157519	0.00064232260356	0.818627748278	0.574324024396
1.5906188119	-2.28247009253	-0.00157350754864	-0.000357478112467	0.000610859295121	0.816824958669	0.576885158377
1.58629055884	-2.27020537034	-0.00157251881728	-0.000366293565452	0.000597654700996	0.815743571243	0.578413290488
1.57989662339	-2.25176975205	-0.0015716815934	-0.000411926442334	0.000541437009119	0.813596109145	0.581430054561
1.57460074961	-2.23613026895	-0.00157343981729	-0.000439505639567	0.000487017601623	0.811599146413	0.58421434011
1.57003693986	-2.22235806946	-0.00157249680285	-0.00045303526653	0.000463715689501	0.809733939367	0.586796836362
1.56420257224	-2.2042599255	-0.00157190940061	-0.000490641996826	0.000426981518982	0.806735307559	0.590912616633
1.55958684621	-2.18944781724	-0.00157386314496	-0.000502788662509	0.000404947204604	0.804097060191	0.59449768798
1.55496199321	-2.174116156	-0.00157315067591	-0.000494274507942	0.000415301668743	0.801273029712	0.59829851669
1.55007991995	-2.15729146717	-0.00157263039227	-0.00050095786044	0.000419106313913	0.797683708891	0.603075678469
1.545800215	-2.14185454935	-0.00157421025827	-0.00050033451824	0.000411587611968	0.794176439293	0.60768689597
1.54258213925	-2.12976151172	-0.00157430671118	-0.000491913303716	0.000417937945225	0.79137283929	0.611333470851
1.53803220917	-2.11180621266	-0.00157299830565	-0.000508244468923	0.000409082184511	0.786719079056	0.617310833365
1.53310442472	-2.09084689868	-0.00157497292945	-0.000540721614974	0.000359479236089	0.780831612628	0.624741203312
1.53042373939	-2.07862039484	-0.00157444666463	-0.000551474755671	0.000342400482056	0.777296849796	0.629133678907
1.52642983681	-2.05899360044	-0.00157261919385	-0.000579023433611	0.000307365410012	0.771292638456	0.636480350146
1.52272775238	-2.03880131822	-0.00157485542676	-0.0005781231886	0.000299729528494	0.764995124356	0.644035740971
1.52082473879	-2.02744410389	-0.00157356723087	-0.000567683049217	0.000314133705428	0.761460104937	0.648211452881
1.51816256814	-2.01012503684	-0.00157367342294	-0.000521017408	0.000359804689286	0.756313659163	0.654208871878
1.51590061619	-1.99376094057	-0.00157426982193	-0.000469551544532	0.000427685257527	0.751490722413	0.659743352171
1.51452818538	-1.98285097667	-0.00157403218388	-0.000452783127905	0.000472823500619	0.748234783607	0.663433704319
1.51278472429	-1.96749703927	-0.00157758727723	-0.000466512159941	0.000523441864825	0.743414514792	0.668830597066
1.51073730725	-1.94615816297	-0.00157661316156	-0.000470543754628	0.000497258420247	0.736584635071	0.676345035245
1.50960900546	-1.93184597635	-0.00157487960462	-0.000515570081018	0.000480249931993	0.731870781583	0.681443073641
1.50842354462	-1.91278341393	-0.0015826072295	-0.000630648943884	0.00046536312527	0.725280394	0.688453147134
1.5076236046	-1.89419897559	-0.00157692829984	-0.000615955729547	0.000364540570835	0.718760754977	0.695257121368
1.50723699747	-1.87928785762	-0.00157479586955	-0.00065736804361	0.000385100311783	0.713390494071	0.70076631093
1.50711066996	-1.8697415238	-0.00158173598205	-0.000674445338905	0.000415452253849	0.709903346014	0.704298666647
1.50721842822	-1.84540941415	-0.00157533240996	-0.000543524538443	0.000416265476832	0.700924506367	0.713235141926
1.5074513027	-1.83509720217	-0.00157300770528	-0.000532219156743	0.000482066083178	0.697007069732	0.717063894711
1.50810981631	-1.81753630951	-0.00158623626203	-0.000548101625408	0.000624456727906	0.690187210167	0.723630378412
1.50886422229	-1.8036878054	-0.00157940600683	-0.000469113489485	0.000614539668399	0.68475618387	0.728771823636
1.51016882307	-1.78554891923	-0.00157401075896	-0.000448252964491	0.000623910721348	0.677437345221	0.735580079328
1.51158016913	-1.77000495176	-0.00158500465132	-0.000498997199584	0.000642687371932	0.670971285376	0.741482887298
1.51305636898	-1.75626924277	-0.0015762424099	-0.000467377863782	0.000548149047507	0.665198075807	0.746666592954
1.51450880104	-1.74438354609	-0.0015715449318	-0.000436345161544	0.000455474444225	0.660134869242	0.751146827562
1.51583045402	-1.73458507213	-0.00157190469025	-0.000537445854656	0.000526758443165	0.655801078596	0.754933360628
1.5185129544	-1.71687391407	-0.00158626749463	-0.000628828721571	0.000598988864237	0.647836428573	0.761778975557
1.52013450482	-1.70723264195	-0.0015781203119	-0.00058420708019	0.000565029953606	0.643445242965	0.765491710438
1.52289036736	-1.69221834564	-0.00158210143466	-0.000568124022326	0.000628134999364	0.636345466773	0.771403739685
1.52582256375	-1.67774248435	-0.00157570299261	-0.000428743744368	0.000576250573123	0.629384985709	0.777093317355
1.52836511985	-1.66616119604	-0.00156859129099	-0.000296444807212	0.000509434258897	0.623728948984	0.781640486922
1.53199727141	-1.65087428381	-0.00157710717953	-0.000406384118991	0.000733012583526	0.615852516652	0.787861012665
1.53579204156	-1.63620351031	-0.00158514037975	-0.000448476702881	0.000804118368145	0.608114474836	0.793848812909
1.54051683197	-1.61941097431	-0.00157788352443	-0.00043734412821	0.000754919664383	0.598925448764	0.800804311708
1.54265179863	-1.61228023324	-0.00158167926112	-0.000415381346535	0.000699257968616	0.594910791598	0.803791321511
1.54564120712	-1.60270775033	-0.00157115084741	-0.000343946175044	0.00057049705979	0.589463403954	0.807794807877
1.55125454957	-1.58585399181	-0.00156267822587	-0.000247213107073	0.00040225985659	0.579697682163	0.814831500599
1.55483650483	-1.57575622784	-0.00156288550849	-0.000260094753801	0.000413594960193	0.573755142752	0.819026737937
1.55922721681	-1.56397256243	-0.00156849328658	-0.000317463033824	0.000506710026175	0.566748115465	0.823890900593
1.56418653645	-1.55135248837	-0.0015719405309	-0.000411702907811	0.000683840003617	0.559201023503	0.829031711201
1.56813163267	-1.54175561445	-0.00158563671022	-0.000448461551309	0.000848058744124	0.553853368975	0.832613671131
1.57275910469	-1.53090211793	-0.00157910359419	-0.000280615196181	0.00083201033034	0.54860499906	0.836081206594
1.57811640704	-1.51874707368	-0.00156545662135	7.38170713339e-05	0.000626156766025	0.543801568624	0.839213594051
1.58201392688	-1.51011735072	-0.00154968071506	0.000423250814667	0.000285093407282	0.540942806945	0.841059224547
1.58759180598	-1.49801915805	-0.00151926190108	0.00077469067071	-0.00016688530495	0.537210438653	0.843447874267
1.59525318429	-1.48183315403	-0.0015252553838	0.000570678966695	-6.41395527302e-05	0.532366319534	0.846513893588
1.59877069583	-1.47455793696	-0.00154509916152	0.000326033638085	0.000117637893793	0.530041837265	0.84797142087
1.60810290758	-1.45574786073	-0.00156688308727	-0.000387419793697	0.000565315942212	0.523752221153	0.851870378145
1.6161491733	-1.44006219586	-0.00159242864016	-0.000736639783809	0.000702036691412	0.518492354081	0.855081658829
1.62217578782	-1.42861862267	-0.00157128749628	-0.000609453463983	0.000355715641107	0.514762099411	0.85733277264
1.63047048678	-1.41325330354	-0.00154542422098	-0.000349011293399	1.89522918558e-05	0.509695007911	0.86035508759
1.63916357056	-1.39760195561	-0.0015494292051	-0.00020518735896	0.000152035065003	0.504687713729	0.863301943931
1.64556064969	-1.38633663274	-0.00156046996295	-0.000145946841501	0.000470680420414	0.501648934755	0.865071155119
1.65406526202	-1.37160728963	-0.0015763622368	-2.62994892613e-05	0.000913948226082	0.498553283018	0.866858574393
1.6657556004	-1.35169828198	-0.00157950931461	0.000229963044136	0.00113399927232	0.495251520221	0.868748866406
1.67292818169	-1.33962949056	-0.0015719559502	0.000392860633808	0.00103476561715	0.493943068266	0.869493542376
1.67959576965	-1.32846584842	-0.00156330996574	0.000490006231609	0.000893056157163	0.493298888534	0.8698592811
1.69087688985	-1.30963333756	-0.00155800556219	0.00039788408955	0.000730367323855	0.492789524957	0.870148143907
1.69754416989	-1.2985096026	-0.0015620372803	0.000240856199953	0.00071440076531	0.493102071093	0.869971136937
1.70471485923	-1.28650709428	-0.0015674236776	7.65673578767e-05	0.000752940168071	0.494058636848	0.86942825499
1.71237465807	-1.27360697674	-0.00157105684758	-5.02000115274e-05	0.000794930804712	0.495378307598	0.868676981349
1.72353490694	-1.25462272037	-0.00157178560374	-3.16400950154e-05	0.000786989315133	0.49823942172	0.867039133079
1.73055263014	-1.24250774334	-0.00156778441714	0.000123063948805	0.000791023767669	0.500892223248	0.865509295055
1.74188957265	-1.22252959572	-0.00156373502514	0.000428873296521	0.000877035163551	0.506024236088	0.862518706677
1.7484192312	-1.21074407734	-0.00156584111244	0.000592388112833	0.000977617668429	0.50971904822	0.860340156695
1.75625496917	-1.1962561837	-0.00156831866244	0.000723340881803	0.0011252360656	0.514622193504	0.857416006717
1.7618519446	-1.18565492836	-0.00156965771943	0.000740382963669	0.00119413881652	0.518266010773	0.855218315954
1.77119636154	-1.16742032735	-0.00157309901964	0.000693661890184	0.00119718525476	0.525298141792	0.850917121588
1.77955968264	-1.1503776775	-0.00156953028658	0.000619915360531	0.00112293661913	0.5329498973	0.846145827671
1.78656053466	-1.13546075496	-0.00156893013694	0.000516067016789	0.00104031315206	0.53984999921	0.841760434908
1.79088712252	-1.12591137011	-0.00156938356333	0.000439671751158	0.000996354446737	0.544233406533	0.838933139875
1.80020943671	-1.10437615472	-0.00157073876914	0.000296328269421	0.000955141792106	0.553992980845	0.83252073672
1.8049647902	-1.09283014007	-0.00157162623771	0.000262349148956	0.000958765040112	0.559156256598	0.829061694116
1.8115614783	-1.07609958861	-0.00157268179575	0.000283310985562	0.000984698748758	0.566549381347	0.824027152828
1.81836868591	-1.05784713132	-0.00157182287973	0.000376000473534	0.00103379605875	0.574503613507	0.81850130602
1.82433592036	-1.04088959769	-0.00157152829187	0.000477304879456	0.00109073300158	0.58179381166	0.813335443218
1.82562055013	-1.03710752447	-0.00157159442219	0.000496722547631	0.00110386858886	0.583406853702	0.812179153755
1.83404385054	-1.01097227014	-0.00157249051739	0.000559243206539	0.00117581672309	0.59442892564	0.804147099146
1.83889342383	-0.994701543713	-0.00157343650615	0.000528944526286	0.00118308205966	0.601193419019	0.799102492464
1.8412151296	-0.98653492314	-0.00157384482458	0.000498116387162	0.00117287668352	0.604562318951	0.796556827065
1.84602929347	-0.96869308017	-0.00157398636157	0.000410850456195	0.00112432470557	0.611859622736	0.790965466478
1.85109674495	-0.948337192998	-0.00157403529429	0.000303273579448	0.00105096526613	0.619894747477	0.78468420753
1.85369999039	-0.937147726072	-0.00157385047904	0.000237800373178	0.00100959763599	0.624002605303	0.781421571714
1.85754178923	-0.919581174539	-0.00157442665102	0.000172322547762	0.000958377442579	0.630323428337	0.776332034318
1.86194475391	-0.897541470228	-0.00157382269078	0.000164617234761	0.000959520304875	0.637949747145	0.770077380748
1.86490873753	-0.881325748302	-0.00157406231762	0.000172145257029	0.000977105276114	0.643026580349	0.76584321672
1.86766121103	-0.865072656967	-0.00157554110033	0.000209319367988	0.00100848559416	0.647994003652	0.761644740265
1.86914998663	-0.855699657573	-0.00157487655481	0.000236358281098	0.00103273515539	0.650810869691	0.759239151707
1.87213733774	-0.835436587565	-0.0015749399717	0.000244917641534	0.00105905729162	0.656209598596	0.754577882742
1.87466222605	-0.816618608519	-0.00157617678738	0.000209439009845	0.00103296192461	0.660775157574	0.750583160121
1.87661333179	-0.800749631477	-0.00157572307459	0.000162486348871	0.000999932766823	0.664374987644	0.747398721919
1.87775880289	-0.790821093549	-0.00157505079224	0.000110425954824	0.000964611647423	0.666340490105	0.745646973156
1.88030426951	-0.766968415226	-0.0015767707279	1.94678342531e-06	0.000861713127754	0.67081463447	0.741624557055
1.88178911425	-0.751640835781	-0.00157615510414	-7.4462795559e-05	0.000867871279052	0.673491592516	0.739194369612
1.88321204394	-0.735840006605	-0.00157962907218	-0.000132203243238	0.000861403159162	0.67583710773	0.737050503237
1.88481553517	-0.716573693124	-0.00157796671509	-8.8749052184e-05	0.000829071647107	0.678572143924	0.734533287369
1.88546682273	-0.708213488791	-0.00157563235331	-6.32668554596e-05	0.000839424198792	0.67972094442	0.733470332789
1.88700358865	-0.687150946698	-0.00157788288931	-4.47159287518e-05	0.000882238891577	0.681968692435	0.73138083253
1.88839361706	-0.666576345019	-0.00157695155481	-6.35526102067e-06	0.000875444121462	0.683821357253	0.729648946359
1.8889227976	-0.658313039248	-0.0015757011283	-2.07704442798e-05	0.00090073611036	0.684525954867	0.728987932243
1.89009558027	-0.639173912523	-0.00158806152952	-0.000185180800703	0.00100735870005	0.685565063869	0.728010641501
1.89122903743	-0.620040075889	-0.00158266781175	-0.000202749984535	0.000881737391744	0.686178257035	0.727432870445
1.89201931335	-0.606391804011	-0.00157608341468	-0.000234442602194	0.000825096394784	0.686472291578	0.727155455971
1.89312748744	-0.587119588537	-0.00158986619704	-0.000379500275574	0.000835363669293	0.686437018654	0.727188680859
1.89371029922	-0.577035242553	-0.00158437763462	-0.000348024960098	0.000770065255427	0.686371277771	0.727250819821
1.89481443114	-0.558055796962	-0.00157622285805	-0.000286305901222	0.000724452235477	0.685983692734	0.727616496858
1.89556196413	-0.545539657802	-0.00157984160499	-0.000265339419922	0.000712893011198	0.685349289096	0.728214098541
1.89644519388	-0.531248490272	-0.00157607356727	-0.000197141407783	0.000690091807893	0.684543936543	0.72897125036
1.8972374083	-0.51885412115	-0.0015735012747	-0.000181889675225	0.000735139635622	0.683773710806	0.729693729517
1.8984760016	-0.500432672526	-0.00159471738141	-0.00039086793611	0.000966796592642	0.681962536168	0.731386362869
1.89942987406	-0.487169862286	-0.00158925292341	-0.000358872503308	0.000910248760511	0.680503569537	0.732744112569
1.90038850712	-0.474541194167	-0.00157777371105	-0.000300743161968	0.000818224704483	0.678964162433	0.734170897131
1.901553225	-0.460177765449	-0.00158400320753	-0.000336843370546	0.000748434258488	0.676549411754	0.736396781524
1.90270567342	-0.447083056732	-0.00157600608536	-0.000311455387457	0.000609283086263	0.674087208781	0.738651451449
1.90430695001	-0.430354743053	-0.00156986760259	-0.000262797949276	0.000491145611841	0.670886035982	0.74156025813
1.90570039572	-0.416915775647	-0.00156957867807	-0.000258447930874	0.000492132930828	0.668305096631	0.743887080696
1.907049071	-0.404701943617	-0.00157403005462	-0.000268613217094	0.000565375670919	0.66594574503	0.745999914794
1.90871222566	-0.390531222594	-0.00157585009399	-0.000303336653244	0.000712686711462	0.663240864395	0.748405609186
1.91017888956	-0.378684200717	-0.00159196206866	-0.00051908664538	0.00110135981047	0.661350847218	0.750075712472
1.91197989564	-0.364659196911	-0.00162681479442	-0.00077588464024	0.00167111032507	0.659991439505	0.751270860059
1.91286746989	-0.357856781669	-0.00163130258342	-0.000764328806218	0.00181408512684	0.659744597741	0.75148731902
1.91459395031	-0.344636659987	-0.00161400971167	-0.000409266260284	0.00167585495483	0.660127590184	0.751151508479
1.91548678832	-0.337702459022	-0.00159892526156	-0.000186018915583	0.00149984890628	0.661030375497	0.750357620419
1.91643532849	-0.330113896536	-0.00159384561985	-0.000112621041628	0.00142295198937	0.66305026217	0.74857351834
1.91720708963	-0.323583447875	-0.0016034215445	-0.000275600988554	0.00152647272312	0.666219109867	0.745754444555
1.91778685365	-0.318244314603	-0.00161486809949	-0.000500924932029	0.00163056654306	0.670305522897	0.742083281243
1.91819069369	-0.314080201284	-0.00161605293645	-0.000664861367229	0.00157989395206	0.674687944704	0.73810110362
1.91844850176	-0.311038345375	-0.00160806120133	-0.000637482324412	0.00131078807313	0.679492475761	0.733681027992
1.91854670297	-0.309720745301	-0.00159680376952	-0.000479498839424	0.00106014592691	0.682029359858	0.731323867014
1.91875242597	-0.306289591631	-0.00154487733174	2.65191568016e-05	0.000436048005865	0.690324713279	0.723499550377
1.91883010293	-0.304325778459	-0.00155412791275	5.51243678774e-05	0.000451801910026	0.696304461003	0.717746397012
1.91888058534	-0.302102032029	-0.0015577885738	-4.14133218144e-05	0.000680860658714	0.702958235104	0.711230802492
1.91889117398	-0.300191498813	-0.00156518353883	-0.00016090726824	0.000930765364336	0.708856111896	0.705352479553
1.91887379437	-0.298540213813	-0.00157248449685	-0.000211309511803	0.00104912898477	0.714368091042	0.699769308542
1.91884005595	-0.297210975443	-0.00156679984439	-0.000129681148471	0.000966681052137	0.718782590394	0.695234231361
1.91876818503	-0.295486828014	-0.00155339152875	-2.98533339409e-05	0.00077512496045	0.725269389912	0.688464748805
1.91873455453	-0.294893751924	-0.00156462589577	-0.000386071424148	0.000943992172434	0.731532642075	0.681805656625
1.918728627	-0.294789925025	-0.00157481799596	-0.000617529906257	0.000962120649387	0.737398679493	0.675456793927
1.91872395786	-0.294735521202	-0.0015618502964	-0.000520811823576	0.000729967793761	0.741675537742	0.670758222177
1.91872786741	-0.294777623122	-0.00154992769353	-0.000230861153318	0.000326509606597	0.7472539453	0.664538472422
1.91875002628	-0.294958139229	-0.00154284101213	3.70924585946e-05	7.18377804842e-05	0.753769976117	0.657138354205
1.91878152021	-0.295172122109	-0.00154450752497	4.95342589156e-05	0.000236988535001	0.760219162368	0.649666658027
1.91879843323	-0.295269475798	-0.00154654675955	-1.31988198813e-05	0.000459438164452	0.764163943296	0.645021903899
1.91881650705	-0.295358304448	-0.0015497437547	-6.23045806826e-05	0.000763740747905	0.770357408498	0.63761185371
1.91882358429	-0.2953889229	-0.00154892918507	-7.68226313877e-08	0.000836789366643	0.774882156371	0.632105168087
1.91883679165	-0.295452167614	-0.00154533584132	0.000173979024759	0.000703902194659	0.782084532335	0.623171933366
1.9188583098	-0.295552011477	-0.00154386447981	0.000204339909827	0.000537488143659	0.787770818095	0.615968187092
1.91887104276	-0.295608061165	-0.00154371057492	0.000159750501275	0.00047455448491	0.790581163936	0.61235706292
1.91889703554	-0.295716843517	-0.00154432219829	-2.92484188482e-05	0.000405623681285	0.796596335473	0.60451146633
1.91891645697	-0.295791209735	-0.00154573426286	-0.000201610531941	0.000393913336751	0.802384876987	0.596806763842
1.91886406175	-0.295624149524	-0.00154735308993	-0.00012641366416	0.000307258927265	0.807672961443	0.589630627567
1.91874937111	-0.29527184581	-0.00154692220973	7.38664779762e-05	0.000182205806206	0.80992594744	0.586532114217
1.91804075733	-0.293220653011	-0.00153492712294	0.000668749268772	-1.60778702363e-05	0.817483698828	0.575951347483
1.91772238648	-0.292342836946	-0.00153932564741	0.000601099709981	0.0001632020675	0.820262282712	0.571987237274
1.91625218439	-0.288523721147	-0.00154286781439	0.000470296126463	0.000617191644809	0.827770967521	0.56106561401
1.9152181314	-0.285987828308	-0.00155001116517	0.000221561866193	0.000906308717684	0.832041954541	0.55471192109
1.91427608544	-0.283762107601	-0.00155935860423	9.25922476626e-05	0.00100400368015	0.835427930768	0.549599086512
1.9135422819	-0.282081750925	-0.00155963851597	0.000128346757627	0.000946759316177	0.837668012619	0.546178897257
1.91176811839	-0.278163327454	-0.00154927489285	0.000152381578344	0.000749107192771	0.842792473114	0.538238109836
1.90934853291	-0.273111200707	-0.00155485643084	-3.13525723951e-07	0.000528515934385	0.849205947473	0.528061529983
1.90737476825	-0.269198980749	-0.00154866038542	-2.54539978423e-05	0.000381919516093	0.853645759523	0.520853886169
1.90435951895	-0.263511332002	-0.00155989328915	-0.000273909450025	0.000491138024348	0.860001227451	0.51029165439
1.90347723966	-0.261904961005	-0.00156330633309	-0.000296545831662	0.000533635918459	0.861700175306	0.507417417094
1.900046147	-0.255881562107	-0.001552811204	-5.0038377051e-05	0.000590834086594	0.867501673035	0.497433910879
1.89830564337	-0.252943646717	-0.00155468660323	4.93402006275e-06	0.000683938033065	0.870293699168	0.492532648048
1.89495896635	-0.247492955949	-0.00156281080614	5.26431445526e-05	0.000855758740905	0.87528634891	0.483604251757
1.89183026254	-0.242602205123	-0.00155163796223	0.000393037103606	0.000759527907486	0.879073030819	0.476686348793
1.88697014981	-0.235310837336	-0.00153077456631	0.000644227893761	0.000648002095177	0.884108888239	0.467280043229
1.88227828715	-0.228567491082	-0.00155525944004	0.00032304982886	0.000761094333302	0.888438669076	0.458994605267
1.88071175374	-0.226372098301	-0.0015570779423	0.000271438512134	0.000762369038929	0.889707309488	0.456530665517
1.87187972329	-0.214423464097	-0.00154224707759	0.00033719740666	0.000604072275681	0.895832353126	0.444391625132
1.86638274739	-0.207304419616	-0.00154773117122	0.000106157222535	0.000676551150815	0.899277004426	0.437379012207
1.86238752596	-0.202269003819	-0.0015646747257	-0.00017792076541	0.000809627084831	0.901689148933	0.432384078736
1.85510002155	-0.193366055838	-0.00158221600956	-0.00055680430328	0.00102356511797	0.905900476572	0.423489042161
1.84985982705	-0.187177117352	-0.00158426392198	-0.000512727954983	0.00103952316801	0.90877566182	0.417283420454
1.84216731125	-0.17838522261	-0.0015516315167	0.000211605779025	0.000758706022628	0.912557037117	0.40894869311
1.83488597086	-0.170346589114	-0.00151583776269	0.000873865152662	0.000505358802034	0.915743250686	0.401762715785
1.82585760666	-0.160718664392	-0.00152375201336	0.000691541763207	0.000644039096077	0.919460850086	0.393180432044
1.81447529944	-0.149052688233	-0.00155573932642	0.0001724715104	0.000942724787443	0.923558983533	0.383455193548
1.81214274335	-0.146719792275	-0.00155618174837	0.000118473846231	0.000979556154491	0.924327562668	0.381598720288
1.79742309552	-0.132417234047	-0.00157178404465	-0.000228906109996	0.00117818115358	0.928958779027	0.370181234479
1.78700011973	-0.12269458621	-0.00156369304376	3.22462527109e-05	0.00106697855824	0.931906432377	0.36269720403
1.77394745114	-0.110941748532	-0.00153316165553	0.000366607589202	0.000896673111026	0.935319910285	0.353801818819
1.76557679782	-0.103638056014	-0.00154384038873	0.000233099894433	0.000914023266999	0.937432139727	0.348166761241
1.74675919066	-0.0878348895269	-0.00156779688982	-0.000320316886862	0.00107314724463	0.941888640826	0.335923405013
1.73972980913	-0.0821405792871	-0.00157846161494	-0.000496041002181	0.0011349106756	0.943478586232	0.331431174217
1.72381160786	-0.0696453483087	-0.00158023203089	-0.000454699291248	0.00113340084616	0.946919232357	0.321469245875
1.71135047651	-0.0602315172291	-0.00155830406454	-0.000155693564021	0.00104725029726	0.949464037297	0.313874052616
1.69720125318	-0.0499173865439	-0.00155450936872	-2.21918837039e-05	0.00101831044496	0.952250763714	0.305315321525
1.6851398579	-0.041426645246	-0.00155825748347	-2.83955434794e-05	0.0010308973577	0.954505018319	0.298193069082
1.67157025884	-0.0321862113996	-0.00155781496323	-0.000137752650963	0.00107441135982	0.956915328877	0.290365080589
1.66116646932	-0.0253185700967	-0.00156792480616	-0.00029686199691	0.00112800159297	0.958698947102	0.284420407689
1.64769437044	-0.0166959246452	-0.00157570006463	-0.000458604423869	0.00117658361114	0.960930446728	0.276787069576
1.63106806531	-0.00646361281076	-0.00157644401487	-0.000475125387723	0.00116992799682	0.963570213037	0.267452519286
1.61339656088	0.00393196813787	-0.00156848119337	-0.000346248868181	0.00110506041922	0.966248201848	0.257610309147
1.60427912091	0.00910764943206	-0.00156555056495	-0.000288241269295	0.00107065556508	0.967579665991	0.252563577293
1.58634232404	0.0189277293423	-0.00156461795425	-0.000280197743471	0.00103620755282	0.970100878091	0.242699678803
1.57264634437	0.0261113522258	-0.00156791360022	-0.000352530270691	0.00104168370175	0.971940340624	0.235224924032
1.5588278395	0.0330906681438	-0.0015719609787	-0.000431385346029	0.00106133417876	0.973722743437	0.227733849898
1.54579457154	0.0394315765968	-0.0015737684898	-0.000466491949854	0.00107989925936	0.975338843655	0.220709665081
1.52766859143	0.0478687718706	-0.0015724125718	-0.0004405498716	0.0010940920276	0.977485038062	0.211001443702
1.51260026254	0.0545526392297	-0.00157024421698	-0.000395228187066	0.00109652272624	0.979181630913	0.202982696588
1.49558880094	0.0617470957449	-0.00156917298037	-0.000375991135367	0.00109500493408	0.981004030237	0.193983896893
1.48541393065	0.0658756798874	-0.00156968299955	-0.000388993792283	0.00109293403406	0.982048215731	0.188626499089
1.46819769615	0.072569546529	-0.00157173997806	-0.000435106916741	0.00108583717112	0.983741534509	0.179586260392
1.44755752952	0.0801155923174	-0.00157361896416	-0.00047490030906	0.00107969243519	0.985684454974	0.168596452974
1.43338788315	0.0849955433221	-0.00157317622798	-0.00048036242733	0.00107327042975	0.986943648146	0.161061642629
1.41581469932	0.0907151765151	-0.0015730301851	-0.000473536948314	0.00105898864951	0.988399421573	0.151872439043
1.40053675058	0.0953984844278	-0.00157215443299	-0.000471233205665	0.00104160410548	0.989574613742	0.144016585287
1.3842267061	0.100107574035	-0.00157269071644	-0.000479553316671	0.00102900998635	0.990753062815	0.135672693237
1.37170189075	0.103522826194	-0.00157296346976	-0.000492599483876	0.00102483151054	0.99160662204	0.129286558437
1.35525693684	0.10774551765	-0.00157371763994	-0.000510138900228	0.00102421965629	0.992660213778	0.120931347111
1.34263358621	0.110787665772	-0.00157418177651	-0.000519723703812	0.00102777853096	0.993418259568	0.114537483449
1.32216200868	0.115357750695	-0.00157413977189	-0.000525566976059	0.00103519946884	0.994555731532	0.104199563424
1.30797444218	0.118264011879	-0.00157412492356	-0.000526267562093	0.00103898592836	0.995278206884	0.0970563467889
1.28735810589	0.122110652575	-0.00157405768288	-0.00053143258703	0.00103946634298	0.99623347642	0.0867035036698
1.26814702263	0.125297657321	-0.00157435760191	-0.000543595790941	0.00103274314614	0.99702394917	0.0770836086785
1.25332883856	0.127496450093	-0.00157463427026	-0.000555214734286	0.0010234814946	0.997568736683	0.0696796944271
1.24392737537	0.128775106694	-0.00157478786854	-0.000562108040657	0.00101637586181	0.997885338212	0.0649884820339
1.21962883261	0.131666151484	-0.00157529521389	-0.000580570736807	0.000988728174046	0.998584660374	0.0531729387867
1.20223117313	0.133395572697	-0.00157547223569	-0.000605546626432	0.000913486683765	0.998950813464	0.0457828694514
1.1868000675	0.134719951338	-0.00157605287431	-0.000610507751461	0.000831142982258	0.999217226968	0.0395457938706
1.17534212756	0.135578586365	-0.00157624349946	-0.000611224080382	0.000787011337166	0.999386110502	0.0350201249929
1.1588895636	0.13663695379	-0.0015749565319	-0.000621163560217	0.000716942263969	0.999572096939	0.0292356489682
1.13593583186	0.137818029559	-0.00157628430024	-0.000620845356507	0.000630525604014	0.999756899919	0.0220308431958
1.12695064811	0.138190978568	-0.00157635282939	-0.00062071866162	0.000627577554728	0.999814316224	0.019249777363
1.10498022201	0.138892471049	-0.00157451484579	-0.000616997854123	0.000671921323869	0.99992223553	0.0124374727391
1.08550169982	0.139264720992	-0.00157566338783	-0.000615290159648	0.000760145251476	0.999978985294	0.00640878834159
1.07072311403	0.139388820678	-0.00157523913024	-0.000748087327373	0.000835729600604	0.999998097484	0.0015959168412
1.0526183396	0.139326227084	-0.00160777356229	-0.00136119974641	0.000959074899174	0.999981645878	-0.00582539413016
1.03995877931	0.139108356156	-0.00162071472872	-0.00146049169702	0.00105623251627	0.999924889102	-0.0121230149417
1.02589294725	0.138667201724	-0.00159160913152	-0.000951597362818	0.00114649563558	0.999801569553	-0.0198645797836
1.01077297222	0.137947185973	-0.00154648147893	9.61478080034e-05	0.00117614498413	0.999610191678	-0.027893944352
0.992109435376	0.136722482028	-0.00151756721402	0.000556707877011	0.00109658595203	0.999291002238	-0.037629515289
0.978799474118	0.135624725008	-0.00154606894775	-4.37685010528e-05	0.000990552856767	0.999002953015	-0.0446331351936
0.970700251395	0.134865716667	-0.00156915220181	-0.000577301780452	0.00092103457674	0.998802724853	-0.0489074150286
0.951939687821	0.13284235435	-0.00161322663858	-0.00144722088625	0.000802648819344	0.998271539678	-0.0587468669474
0.939853207945	0.131341809483	-0.00161325916696	-0.00146986789985	0.000777891337572	0.99787943046	-0.0650682460019
0.91237666469	0.127348635918	-0.00156121809777	-0.000457340973999	0.000836382875536	0.996839759087	-0.079432902536
0.897163157044	0.124785095514	-0.0015477440412	-0.000138987906391	0.000881508546369	0.996167762903	-0.0874585146062
0.881440288885	0.121869993897	-0.00155317139062	-0.000236314446081	0.000915169840919	0.995408941854	-0.0957086469279
0.873318757615	0.120258807413	-0.00155932313765	-0.000421046285582	0.000926997502271	0.994991554105	-0.0999538426276
0.846024609588	0.114316015512	-0.00158807548332	-0.0010384972764	0.000958166736414	0.99345711179	-0.114197068589
0.83107420008	0.110713480082	-0.00158636278021	-0.000970623993552	0.000984016910285	0.992537522581	-0.121931767268
0.820460422995	0.108005427485	-0.00157359687892	-0.000788637919496	0.000995542229433	0.991849494361	-0.12740866329
0.808467116121	0.104793710313	-0.00156461244591	-0.000600264027696	0.000985460838244	0.991031627662	-0.133622533743
0.787485686659	0.0987829343426	-0.0015612518222	-0.000511775151514	0.000906694221458	0.989497616851	-0.144545433125
0.76706716486	0.0924478382189	-0.00156960569027	-0.000707823265159	0.000802605843511	0.987880150775	-0.155214891406
0.761382378271	0.0905978785813	-0.00157268506081	-0.000774283295801	0.000779390879505	0.987407738137	-0.158192135398
0.741061915574	0.0836740828161	-0.00157806375991	-0.000897096444458	0.000748897331588	0.985641410985	-0.1688479888
0.723198604066	0.0771799950587	-0.00157284267118	-0.000822267499351	0.000789224763097	0.983990170576	-0.178219093279
0.709203977473	0.0718209328265	-0.00156817812298	-0.000734275693833	0.000839312316214	0.982624892403	-0.185599238207
0.694846472286	0.0660698626186	-0.00156553054231	-0.000694529678347	0.000882795753465	0.981155931656	-0.193214326789
0.673714846143	0.0571282997394	-0.00156767569894	-0.000762285582692	0.000904644985782	0.97886473505	-0.204505332483
0.661398669372	0.0516491218382	-0.00157015181172	-0.000827549651292	0.000893925262985	0.977458787382	-0.211122796089
0.646887805649	0.0449349569448	-0.0015719238167	-0.000873669207382	0.000867218419159	0.9757360736	-0.218946567247
0.632930257704	0.0382076104413	-0.00157115861667	-0.000867285968836	0.000834623131095	0.974008304446	-0.226509103769
0.62130850678	0.0324003130137	-0.00156939529148	-0.000835061411719	0.000805986538824	0.972513959938	-0.232841686095
0.604029272951	0.0234127702135	-0.00156693962581	-0.000789127077385	0.000760633686809	0.970229817064	-0.242183609674
0.587797517074	0.014592499716	-0.00156629147114	-0.000784456818962	0.000687276325314	0.968137062594	-0.250418729951
0.574310712697	0.00699236055099	-0.00156817035733	-0.000798098558017	0.000638520692366	0.96635576644	-0.257207091655
0.561358052015	-0.000543717218983	-0.00156818107799	-0.000820320433773	0.000621140110099	0.964601178028	-0.263711032396
0.546793212614	-0.00929059238806	-0.00156868826433	-0.000837370361842	0.000600499505942	0.962733157887	-0.270451113728
0.532345823186	-0.0182339403861	-0.00156802438745	-0.000825405145764	0.000586955035039	0.960911723674	-0.276853090096
0.518860619681	-0.0268228245583	-0.00156730564252	-0.000815400275195	0.000597208194459	0.959201846427	-0.28272034995
0.500483200168	-0.0388845339692	-0.00156556005395	-0.000809846336729	0.000565203140445	0.957062412348	-0.289880257287
0.48929348165	-0.0464179737489	-0.00156749964053	-0.00080673930395	0.000543214674125	0.955769448401	-0.294115310027
0.476118316512	-0.0554742637123	-0.00156645142583	-0.000814806426935	0.000527020599999	0.954238568952	-0.299044832532
0.463437302933	-0.064373127965	-0.00156678959281	-0.000821050113327	0.000485800798182	0.952910513501	-0.303250132949
0.444755614254	-0.0777747031129	-0.0015677920532	-0.00080175401353	0.00042659342021	0.951035145895	-0.309081423708
0.438296470538	-0.0824886677828	-0.00156712920497	-0.000796948629223	0.000415986909194	0.950406124556	-0.311010273518
0.419821137134	-0.0961740035651	-0.00156541244989	-0.00078153867472	0.000348957108106	0.948899164325	-0.315578268215
0.409432366014	-0.10398236361	-0.00156675928067	-0.000765882365109	0.000317876360817	0.948120983512	-0.317908655123
0.393128804551	-0.116396305808	-0.0015654957997	-0.000764991964345	0.000305215083201	0.946963136123	-0.32134115898
0.382039206416	-0.12493666506	-0.00156547965854	-0.000766896665458	0.000281458023034	0.946356236221	-0.323124135305
0.370583998066	-0.133823543008	-0.00156664610899	-0.000759669468532	0.000267844308335	0.945774894627	-0.324821797074
0.354836672771	-0.146146688804	-0.00156561165146	-0.00076316534094	0.000279676372836	0.945020871592	-0.327009008461
0.344234010751	-0.154501819054	-0.0015655664854	-0.000765956069267	0.000265110537651	0.944706561097	-0.327915928934
0.328153651666	-0.167219119013	-0.00156666631262	-0.000747853543005	0.000218848231348	0.944408021829	-0.328774818265
0.321101260297	-0.172810610988	-0.0015670338677	-0.00074169223863	0.000206264651827	0.944296373678	-0.329095375244
0.301516770716	-0.188354435417	-0.00156526561426	-0.000724652141088	0.00013041655066	0.944362937585	-0.328904393383
0.290146276908	-0.19735869365	-0.00156666267943	-0.000700722815301	8.2105299514e-05	0.944539965157	-0.3283957315
0.278405241548	-0.20663386744	-0.00156667133935	-0.00071364021347	5.13142416083e-05	0.944784245146	-0.32769226144
0.266270700657	-0.216178927065	-0.00156777643776	-0.000727361621238	7.61339402526e-06	0.94525299814	-0.326337617193
0.249385135133	-0.229352594159	-0.00156824499014	-0.000686756664894	-6.71744398249e-06	0.946023700139	-0.324096724908
0.23609264026	-0.23962890919	-0.00156686843559	-0.000730995330838	-3.87051725769e-06	0.94673812314	-0.322003713992
0.227095434814	-0.246524153717	-0.00157031301091	-0.000750817114317	-1.84268656816e-05	0.947377358664	-0.320118066071
0.21649511712	-0.254570089157	-0.00156899417231	-0.000724591305899	-2.31510242639e-05	0.948180960484	-0.317729980654
0.198338614944	-0.268154148986	-0.00156522021052	-0.00064084863296	1.21047317409e-05	0.949604288195	-0.313450610158
0.186816478168	-0.276632805415	-0.00156254747882	-0.000605246269294	-3.17251326065e-06	0.95070292499	-0.310102534789
0.18083264821	-0.280984240165	-0.00156307244068	-0.000598349510304	-2.64559350048e-05	0.951311826123	-0.308229542317
0.158836480632	-0.296668343612	-0.00156772639242	-0.000715828717207	-0.000129436393445	0.95360026126	-0.301074762411
0.146061070452	-0.305536261531	-0.00157849203041	-0.000820870052569	-0.000219295778146	0.95516048855	-0.296087350614
0.128733725422	-0.317231213224	-0.00157316737949	-0.000703067097356	-0.000253639827393	0.957399445555	-0.288765896557
0.1194995022	-0.32330665424	-0.00156775738978	-0.000662500550165	-0.000244926957718	0.958614007821	-0.284708069981
0.10393810635	-0.333273817718	-0.0015742944866	-0.00069393229783	-0.000271117415718	0.960871947388	-0.276991959586
0.0967049335872	-0.337783831823	-0.00157215466177	-0.000667884328976	-0.000268070848643	0.961940311346	-0.273258704299
0.0806140734236	-0.347540317798	-0.00156807821858	-0.000660223623357	-0.00022880931817	0.964302557607	-0.264801981004
0.0655528925958	-0.356310122854	-0.00158145722043	-0.00083545211078	-0.000253035153771	0.966612240211	-0.256242102447
0.057166473115	-0.361038753815	-0.00158092811552	-0.00082074952432	-0.000232952980699	0.967871184694	-0.251445107213
0.0383805568573	-0.371239326895	-0.0015683132478	-0.000705671190677	-0.000149608621569	0.970631622732	-0.24056960032
0.0238793141186	-0.37873071618	-0.00158048519252	-0.000801087535949	-0.000167469167543	0.972789270791	-0.231690234683
0.013224909047	-0.384023256667	-0.00157752668743	-0.000759867504149	-0.000155769693696	0.974320657134	-0.22516361922
-0.000441747534762	-0.39055519635	-0.00157057907576	-0.000783389811742	-0.000160147604115	0.97624107977	-0.216685751317
-0.0149942389455	-0.397185225242	-0.00158755163893	-0.000891458593579	-0.000187588658018	0.978239562785	-0.207476571965
-0.0265569118909	-0.402219877953	-0.00157740890374	-0.000779227698112	-0.000154910203196	0.979756815285	-0.200189789225
-0.0353828863518	-0.405927499104	-0.00157065774214	-0.000689135607458	-0.000123130830144	0.980883939713	-0.194592411833
-0.0520889916429	-0.412611900215	-0.00158531417721	-0.00085852621812	-0.000126420077604	0.982993307768	-0.183639330848
-0.0632618164117	-0.416843654252	-0.00157984572016	-0.000813434605746	-9.21645267852e-05	0.984331652892	-0.176325060454
-0.0710903282566	-0.41969693108	-0.00157420350184	-0.000732844058854	-5.80336300027e-05	0.985236932265	-0.171194762986
-0.084025807451	-0.424204598473	-0.00157915609359	-0.000883473743356	-5.70591302682e-05	0.986724532096	-0.162400474071
-0.0979414957601	-0.428766166118	-0.00158500808466	-0.000884680198074	-3.64554740452e-05	0.988246478254	-0.15286632798
-0.113015829251	-0.43337387962	-0.00157338383404	-0.000842195910939	-1.12027346976e-05	0.98981921054	-0.142327864549
-0.123505141292	-0.436368039387	-0.00158920238588	-0.000921560020221	-1.74009184263e-05	0.990881947102	-0.13472979378
-0.129609182546	-0.43803103006	-0.00158529485131	-0.000874493232675	-7.13767315588e-06	0.991472450972	-0.130313522606
-0.145397402442	-0.442063260175	-0.00156996490687	-0.000714830531691	2.83686776417e-05	0.992924147446	-0.118748160535
-0.155478607151	-0.444428449592	-0.00158069366872	-0.000785882783413	2.55000626377e-05	0.993808173582	-0.111106686834
-0.168195915493	-0.447181316544	-0.00157606266238	-0.000737854373427	4.22260630482e-05	0.994837461803	-0.101478462644
-0.176815625209	-0.448902035214	-0.00157258258701	-0.000783728766289	4.84250327977e-05	0.995495824653	-0.0948021440817
-0.187861794223	-0.450925220682	-0.00159209145297	-0.00098900625995	4.33421824626e-05	0.996302728182	-0.0859063083011
-0.194619317029	-0.45206315089	-0.00158854945071	-0.000947412378491	6.11422880364e-05	0.996756776673	-0.0804675514013
-0.209085240154	-0.454244134635	-0.0015708167946	-0.000770604702119	0.000116200069225	0.997646406733	-0.0685641290985
-0.215049911647	-0.455036950467	-0.00157944090173	-0.000866384761607	0.000124329185143	0.997991143381	-0.063347546542
-0.228095033429	-0.45655224147	-0.00157905567093	-0.00081234718392	0.000157412532379	0.998651450249	-0.0519095003634
-0.233099531628	-0.457053620368	-0.00157341753075	-0.000779950363957	0.000169560369154	0.998874421748	-0.0474262849534
-0.244640584223	-0.458029318226	-0.00158925599752	-0.000951099275558	0.000177091562366	0.999334044062	-0.0364764640332
-0.251157156355	-0.458467387296	-0.0015826784288	-0.000873019006077	0.000188429528285	0.999541869131	-0.0302531682099
-0.264033448541	-0.459091049397	-0.00156968883063	-0.000748834400748	0.000209392396123	0.999846112135	-0.0175256226563
-0.266690594664	-0.459178153043	-0.00157465507858	-0.000775116724579	0.000210901481371	0.999890456321	-0.0147793799612
-0.278517419146	-0.459388388965	-0.00157327236218	-0.000719684875434	0.000221659017386	0.999996497962	-0.00253712118576
-0.286182938284	-0.459368647516	-0.00156982086482	-0.000775026817788	0.000229544701823	0.999983244033	0.0057322156951
-0.294217534284	-0.459208958617	-0.00158397786279	-0.000874130207435	0.000240107578789	0.999890751087	0.0147534448411
-0.299789775355	-0.459012692038	-0.00157627941225	-0.000794729673645	0.000252619067039	0.999778677313	0.0210214409143
-0.307791582819	-0.458606824826	-0.00156671358084	-0.000711133828448	0.000275303608901	0.999540450024	0.03030358498
-0.316228088455	-0.458012081313	-0.00158232963564	-0.000850565178225	0.000306934284432	0.999165902568	0.0408250104104
-0.320231906153	-0.457666920623	-0.00157671000587	-0.00080436544523	0.000319328823354	0.998948638365	0.0458352368217
-0.328077109273	-0.456870857863	-0.00156749252743	-0.000782419965397	0.000344752231328	0.998424184798	0.0561107491892
-0.333211390084	-0.456259580341	-0.00158137380714	-0.000877104642791	0.000364686433976	0.997989848709	0.0633668648777
-0.340078949595	-0.455321629185	-0.0015706124961	-0.000730973940217	0.000374720893773	0.997322341036	0.0731264201982
-0.343638028643	-0.454779996695	-0.00156463210497	-0.000663303830148	0.000378021976129	0.996922563192	0.0783889030855
-0.350834508048	-0.45356335382	-0.00157893241813	-0.000829033481121	0.000403587260269	0.995927702614	0.0901507680895
-0.356123120246	-0.452555796166	-0.00156876213819	-0.000713582701478	0.000405851755504	0.995096378083	0.0989066449231
-0.359964556273	-0.451760770358	-0.00156266080831	-0.000681640113948	0.000412493271874	0.994401346116	0.105666115942
-0.364224130117	-0.450815713164	-0.00157522075714	-0.000803387762143	0.000439694050894	0.993490115209	0.113914670786
-0.367041921702	-0.450148173819	-0.00157364584272	-0.000770845760503	0.000448309338831	0.992844546467	0.119410683633
-0.371832230265	-0.448935634515	-0.00156218693426	-0.000668767236161	0.000462715920323	0.991623970191	0.12915587632
-0.375216819381	-0.448018071431	-0.00156895721612	-0.000672269504234	0.000482851985459	0.990620256587	0.136641216868
-0.380123034507	-0.4465870422	-0.00156153874031	-0.000544285517527	0.000486805459409	0.989044478962	0.147616006611
-0.383455243572	-0.44554470042	-0.00155851932587	-0.000578362968004	0.00049608561101	0.987820024018	0.155598905985
-0.385034539045	-0.445032346983	-0.00156442010324	-0.000703894521279	0.000516687066982	0.98714373492	0.159832675554
-0.389552124139	-0.44347733444	-0.00156953644414	-0.000737427298976	0.000530651040166	0.985094049284	0.172014210677
-0.392909410479	-0.442239717379	-0.00156093657088	-0.000506186274005	0.000511622660189	0.98344498069	0.181205551717
-0.396101162423	-0.440994908334	-0.00155448475576	-0.000327339628738	0.000493296228429	0.981756061553	0.19014385373
-0.399159174686	-0.439738582405	-0.00155557280341	-0.00033150946638	0.000491088631746	0.980033703996	0.198830550887
-0.401103652414	-0.438909593173	-0.0015582438482	-0.000322757409647	0.000480936574625	0.978970065528	0.20400312578
-0.404849823387	-0.437244750202	-0.0015486931127	3.1312627032e-05	0.000379659541376	0.977249365143	0.212093218196
-0.411018203202	-0.434357371944	-0.0015271897544	0.000582762621675	0.000174448152165	0.974897529313	0.222653177148
-0.41582585588	-0.432001426407	-0.00152371282487	0.000663769122486	5.86819176275e-05	0.973298572927	0.229541812976
-0.423853428842	-0.427892997115	-0.00153300630163	0.00037351524048	-4.24305711465e-05	0.970927862719	0.239371978482
-0.430316265805	-0.424441484309	-0.00154353510854	-7.58488508721e-05	-4.08075116931e-05	0.96915114247	0.24646714919
-0.436766688591	-0.420882265412	-0.00156884880768	-0.000588465277207	3.54212571657e-05	0.967388073084	0.253298181021
-0.445932863272	-0.415624467831	-0.00156963049383	-0.000517455283856	4.16117944747e-05	0.965047540173	0.262074370579
-0.452255342451	-0.411870305856	-0.00154881463474	-0.000139743484076	8.0302413491e-06	0.963507226624	0.267682283033
-0.463118194943	-0.405188010394	-0.00153672902209	0.000138588280901	8.20532417112e-05	0.960805181896	0.277224415417
-0.475104870518	-0.397471138904	-0.00153798571264	0.000232188310243	0.000158103989267	0.957895529641	0.287116832293
-0.482283130295	-0.392683205958	-0.00153583966427	9.44861084226e-05	0.00021315678081	0.956171682706	0.292806521148
-0.49514572466	-0.383799644787	-0.00157007952709	-0.000525209006445	0.000338373503596	0.953033939657	0.302862872471
-0.50214068827	-0.37879991138	-0.00157731842471	-0.00076015856507	0.000345373256257	0.951322067365	0.308197383216
-0.51634130203	-0.368284170324	-0.00158040324339	-0.000873625943504	0.000248191319843	0.947736369507	0.319053207306
-0.523542493238	-0.362756975712	-0.00157260482716	-0.00072123086688	0.000151751076276	0.945857655252	0.324580887913
-0.534535849382	-0.354053591608	-0.0015515212265	-0.000340618550323	9.79604624273e-07	0.942929179042	0.332993164029
-0.54778451663	-0.343128683687	-0.00155141765634	-0.00029911966348	3.31774071087e-05	0.939222243882	0.34330960666
-0.55391218544	-0.337908707817	-0.00155804759262	-0.000398686893137	0.00010692013155	0.937462077051	0.348087178317
-0.56777952265	-0.3256917235	-0.00156460166925	-0.000567609686812	0.00026400181319	0.93342045524	0.358783865108
-0.576301687185	-0.317900000148	-0.00157181349792	-0.000655691909693	0.000346274509062	0.93084712135	0.365408109977
-0.586933342015	-0.307862984649	-0.00157221047176	-0.000562228300135	0.00034484627937	0.92756437491	0.373662809734
-0.600711368838	-0.294312700185	-0.00154684054908	-0.000230842459898	0.000200322624381	0.923225372825	0.384258789822
-0.607922505661	-0.286967514528	-0.00155259989384	-0.000270500581284	0.000182343563721	0.920860291655	0.389892570889
-0.612692353084	-0.28200919507	-0.0015572334775	-0.000361863866131	0.000188993042528	0.919266241468	0.393636139898
-0.629059851956	-0.264375642875	-0.00155552633472	-0.000452676972036	0.000110892656842	0.913785033843	0.406197851681
-0.636830420771	-0.255656858026	-0.00156350362192	-0.000568017219213	0.00011948739704	0.911088285909	0.412210866377
-0.649790679923	-0.240584114805	-0.00157038169206	-0.000694321450975	0.000156261047507	0.906438298385	0.422337666708
-0.659609748371	-0.228697357111	-0.00156946174912	-0.000677379888988	0.000187338642937	0.902766410787	0.430130577401
-0.669497409915	-0.216291024328	-0.00156702553911	-0.000602342914969	0.000226404177255	0.898917183816	0.438118114856
-0.674442951742	-0.209911457621	-0.00156586873546	-0.000608732818784	0.000273183455401	0.896897492067	0.442237994229
-0.686723076171	-0.193523940191	-0.00157459489456	-0.000646897752214	0.00038673526583	0.891627944781	0.452768196812
-0.696570558831	-0.179776237001	-0.00156961965163	-0.000574847865077	0.000390952947811	0.887178002446	0.461426818338
-0.704090518206	-0.16888276887	-0.00156849972545	-0.000554290468749	0.00038207182887	0.883633197847	0.468179365677
-0.71046011041	-0.159369593311	-0.00156935213025	-0.000542664511466	0.000357927160457	0.880528059915	0.473993579182
-0.719303105156	-0.145694917574	-0.00156701921342	-0.000537832924855	0.000306500544651	0.876045345144	0.482228338078
-0.723262176529	-0.139385701453	-0.00156713565666	-0.00056231823746	0.000293682857279	0.873953944511	0.486008333697
-0.734953022114	-0.119993147191	-0.00158511796849	-0.000829228801244	0.000376185464004	0.867286936068	0.497807735365
-0.741744530931	-0.10815148906	-0.00157648980098	-0.00074915686056	0.000332171709185	0.863181696979	0.504892747448
-0.745448628635	-0.101497885838	-0.00157178731827	-0.000676600803358	0.000308555371672	0.860844451263	0.508867642649
-0.752166022736	-0.0890390065162	-0.00157227213274	-0.000607716017066	0.00032538219993	0.856375803659	0.516352600182
-0.759769727519	-0.074272020571	-0.00156794046368	-0.000504540823023	0.000350787735169	0.851030092817	0.525116561828
-0.765909045985	-0.0617747446535	-0.0015683162293	-0.00055118430798	0.000444579510165	0.846425973095	0.532505934817
-0.770891956191	-0.0512031928905	-0.00158246121885	-0.000657068660416	0.000545151967641	0.842462390035	0.53875448253
-0.778798976588	-0.0335385177628	-0.00157611213628	-0.000587401805956	0.000509895264564	0.835804053336	0.549027302958
-0.783431174519	-0.0226125445694	-0.00157209862324	-0.000570518632109	0.000479236582157	0.831571618743	0.555417039478
-0.788432030309	-0.010257341719	-0.00157582914555	-0.000554005889735	0.00043191275616	0.826714226785	0.562621625749
-0.790849428094	-0.0040531865784	-0.00157225584921	-0.000531575157299	0.000398669643642	0.824261034697	0.566209594735
-0.797318659981	0.0133966068163	-0.00156967081242	-0.000565968941526	0.000390105016521	0.817268953527	0.576256006561
-0.799345482286	0.0191514013647	-0.00157583979278	-0.000618678127611	0.000426078689303	0.814923412731	0.579568172933
-0.804681600764	0.0350685794713	-0.00157774760918	-0.00062093193002	0.000457508513843	0.8084095429	0.588619924976
-0.807969800782	0.0455098639523	-0.00157361682402	-0.000587249662913	0.00047640347328	0.804066915576	0.594538327993
-0.812205612426	0.0598490062367	-0.00158766712738	-0.000662988474739	0.000607592758004	0.7978730064	0.602824897409
-0.815857785404	0.073183099776	-0.00157675909268	-0.000523704203177	0.000570629212022	0.792056198401	0.610447687104
-0.818756768569	0.0845579915303	-0.00157057244036	-0.00046818399203	0.000570394772354	0.786962267675	0.617000684529
-0.821861667434	0.0977362439477	-0.00158235792422	-0.000508156005562	0.00061662789409	0.780895260786	0.624661470902
-0.823930913803	0.10722799026	-0.00157574429348	-0.000471348404699	0.000577106863737	0.776493314765	0.630125048624
-0.825822813687	0.116520780884	-0.00157301052505	-0.000510717945886	0.000594197964131	0.772166289721	0.635420024168
-0.827608058008	0.12595340947	-0.00158576976828	-0.000574982782633	0.000647403226245	0.767794398588	0.640695724788
-0.829318540581	0.135729090331	-0.00157978376227	-0.000524654888356	0.000612551696881	0.763261205013	0.646089531288
-0.831257456263	0.147944596361	-0.00157151017961	-0.000454886193156	0.000574390688961	0.757555203291	0.652770692603
-0.832809301964	0.158891945734	-0.00158958355491	-0.000574547914526	0.000758281758519	0.752599045917	0.65847837549
-0.833713568415	0.165875960109	-0.00158923344626	-0.000536503549535	0.000789519687806	0.749494399647	0.662009995181
-0.835571875085	0.182250685269	-0.0015715927733	-0.000235187317247	0.000625387022228	0.742148004026	0.670235700107
-0.836021449777	0.186783034707	-0.00156749338227	-0.000168496646996	0.000577173112432	0.740087719035	0.672510079191
-0.837009687783	0.197949998677	-0.0015643998616	-0.000138034214485	0.000528264825633	0.734974359646	0.678094678158
-0.837979256559	0.211452965225	-0.00157190274638	-0.00035107158465	0.000631896293115	0.728761172887	0.684767573961
-0.838355412328	0.217895983654	-0.00158457807469	-0.000645513766621	0.000876229160084	0.72588336222	0.687816952384
-0.838769814934	0.226341572807	-0.00162153125684	-0.00106650673334	0.00132481562998	0.722382292851	0.691491815138
-0.839134263346	0.235714942475	-0.0016322195044	-0.00111233821037	0.00160578331177	0.718988678739	0.695019038595
-0.839296656765	0.240883634499	-0.00161938972685	-0.000821462196444	0.00154275800256	0.717343617845	0.696717359505
-0.839454810389	0.246840798227	-0.00159572020202	-0.000351414983258	0.00139650961681	0.715849096758	0.698253533424
-0.839526746208	0.249858852753	-0.00159178350443	-0.000200489237339	0.00141118808176	0.715509286074	0.698601767743
-0.83961738182	0.253639854513	-0.00160437584758	-0.000219160028117	0.00155265103685	0.716128441637	0.697966758751
-0.839684637628	0.256127296653	-0.00159405632587	-5.63500350005e-05	0.00132561907858	0.717467365046	0.696590855275
-0.839752738651	0.258260541456	-0.00157074240527	0.000132407900316	0.000976442608231	0.719198322599	0.69480414636
-0.839822373162	0.26006460197	-0.00156983589773	-1.163422401e-05	0.000843991927929	0.721734959297	0.692169008315
-0.839892180307	0.26157907138	-0.00158114132231	-0.000193334252562	0.000786391225645	0.724684900303	0.68907992242
-0.840018327866	0.263765706298	-0.00157461875874	-0.000385487542735	0.000750284349774	0.730007679774	0.683438421471
-0.840059940985	0.264381888819	-0.00158456705968	-0.000646312805646	0.000958591221395	0.733611173796	0.679568472682
-0.840069537021	0.2645642083	-0.00160389636116	-0.00079266915167	0.00118770221349	0.739471426244	0.673186430945
-0.840073645788	0.264636215593	-0.00157858132504	-0.000495356348532	0.001011244163	0.743959376246	0.668223898483
-0.840066510575	0.264588053925	-0.00154921557621	8.8101081216e-05	0.00056638513	0.750332174539	0.661060737979
-0.840054444982	0.264494468596	-0.00154170561141	0.000294206736589	0.000402554193373	0.753661484696	0.657262594309
-0.840023798585	0.26427672784	-0.00154240208642	0.000325121581568	0.00038237598262	0.759603601044	0.650386129438
-0.839992893903	0.264086111153	-0.00155307574301	-5.48215352913e-06	0.00063414869419	0.766295786783	0.642487638001
-0.839980777103	0.264021649191	-0.00155850251016	-0.000247426911118	0.000771786254176	0.771636619022	0.636063103246
-0.839973815847	0.263985844979	-0.00155467211432	-0.000281368765734	0.000670391539116	0.778216416759	0.627995764391
-0.839963021837	0.263933529531	-0.00154964372849	-0.000167894792026	0.000483039076621	0.782828532148	0.622237276077
-0.839946275401	0.263858766877	-0.00154649995722	-6.57290981208e-05	0.000343930010303	0.786613230127	0.617445951951
-0.839896656332	0.26365846025	-0.00154464216805	-2.34993484737e-06	0.000286668437088	0.793776127732	0.608209977605
-0.83986212387	0.263531977688	-0.00154569897816	-4.64429334286e-05	0.00038711636658	0.798230819565	0.602351564023
-0.839823287738	0.263400707965	-0.00154716451289	-9.5542360674e-05	0.000556919758271	0.804003901139	0.594623753029
-0.839799471752	0.263325161821	-0.00154716217904	-7.74181180008e-05	0.00063398139641	0.808060488727	0.589099175548
-0.839771506343	0.263239753327	-0.00154648155089	-1.02904341769e-05	0.000651202730828	0.812516769876	0.582937453334
-0.83974197281	0.263152302683	-0.00154569705967	5.87994376885e-05	0.000618968261213	0.816484773719	0.577366631965
-0.83966444377	0.262934654245	-0.00154482530721	8.02813088129e-05	0.000526314217082	0.824446569847	0.565939546256
-0.839626115175	0.26283302922	-0.00154519491348	2.74205893134e-05	0.000500737215284	0.827871239943	0.560917960655
-0.839573211418	0.262698811759	-0.00154574683123	-6.78512372627e-05	0.00047622187128	0.832672495451	0.553765549605
-0.839548704687	0.262639005547	-0.00154599593913	-0.000106096390361	0.000464234954563	0.835056258642	0.550164355564
-0.839485701188	0.262492829131	-0.00154610387118	-0.00013753755255	0.000431994849496	0.841458054081	0.540322253554
-0.83943983732	0.262392789483	-0.00154593151949	-0.000110844709398	0.000422945674281	0.845711024338	0.533640958083
-0.83939383366	0.262296842967	-0.0015458453769	-7.8128108122e-05	0.000434745560034	0.84936524101	0.527805354516
-0.839328370066	0.262165968744	-0.00154611850109	-4.84362765823e-05	0.000474552543342	0.853756500291	0.520672268
-0.839245939134	0.262008819361	-0.0015464863051	-2.4587089231e-05	0.000533078263978	0.858993583064	0.511986073519
-0.839201756383	0.261927545209	-0.00154666556009	-1.85154985423e-05	0.000558276259648	0.861707360745	0.507405274334
-0.839082229325	0.261716975761	-0.00154701498704	-2.34943955148e-05	0.000574986520102	0.868574605015	0.495558093832
-0.839011095414	0.261597333258	-0.00154705354427	-3.60915276968e-05	0.000550471058922	0.872443680065	0.48871435501
-0.838945290231	0.261490221822	-0.00154710771709	-5.36160214546e-05	0.00051511356017	0.875894177694	0.482502975394
-0.83885007827	0.261341293162	-0.00154723438721	-8.44189372875e-05	0.000463421838921	0.880756013065	0.473570083054
-0.838806163791	0.261274975447	-0.00154730730782	-9.94304142032e-05	0.000446039287639	0.882915148788	0.469532353734
-0.838707752344	0.261131638296	-0.00154753026793	-0.000126362524835	0.000428579167313	0.88752711101	0.460755279486
-0.838593381956	0.260973300292	-0.00154784865568	-0.000132589474708	0.000440050351889	0.892501403239	0.4510443814
-0.838552712307	0.26091893798	-0.0015479049007	-0.000126638129467	0.000449372071676	0.894211266867	0.44764493992
-0.838421237109	0.260749242501	-0.0015480152219	-9.3745890207e-05	0.000488170749078	0.899485112586	0.436951124426
-0.838354693861	0.260666599273	-0.00154807318605	-7.80584393388e-05	0.000508006527273	0.902022273863	0.43168918598
-0.838226761241	0.260513069575	-0.00154826073338	-6.64371379437e-05	0.000536077722944	0.906683745308	0.421810732676
-0.838107906041	0.260376464796	-0.0015484617911	-7.58940773356e-05	0.00053923795849	0.910928273598	0.412564399605
-0.838042772516	0.260303990232	-0.00154855000258	-8.71320094776e-05	0.000530560882425	0.913225319153	0.40745457093
-0.837914116356	0.260165670883	-0.00154863443026	-0.000114947315352	0.000496734569881	0.917633342891	0.397427714253
-0.837813014458	0.260061288473	-0.00154869454846	-0.000137138568189	0.000467232943499	0.920837093274	0.389947189422
-0.837740770597	0.259988845586	-0.00154876737514	-0.000149520531556	0.000449034361038	0.923000724922	0.38479791814
-0.837593212101	0.259846339495	-0.00154880946257	-0.000157732471919	0.000427407352338	0.927240560854	0.374465932698
-0.837491166242	0.259751754728	-0.001548731247	-0.000155643340793	0.000429451195622	0.929970379168	0.36763417308
-0.837352797219	0.259627980806	-0.00154886912129	-0.000150836769999	0.000449138868453	0.933375079423	0.358902126817
-0.837230887251	0.259523034624	-0.00154888979791	-0.000141913623205	0.000473573564163	0.93625245179	0.351327627872
-0.837088883378	0.259405096792	-0.00154884619446	-0.000133925043871	0.000499543793065	0.939413589332	0.342785414945
-0.837032377877	0.259359372142	-0.00154887201581	-0.000132205514594	0.000506831391979	0.940621081977	0.339457958788
-0.836815154003	0.259189637611	-0.00154885372323	-0.000133217115508	0.00051233659306	0.945084451688	0.326825792958
-0.836679077743	0.259087932125	-0.00154873346619	-0.000143294439307	0.000499389684562	0.947696196958	0.319173382894
-0.836510910914	0.258966754118	-0.00154877361466	-0.000161761511843	0.000473791034174	0.950714899609	0.310066007516
-0.836390152639	0.258882858965	-0.00154868531644	-0.000172369317111	0.000453279586356	0.952806477924	0.303577964371
-0.836232920114	0.258777382846	-0.00154855904432	-0.000179999473838	0.000431228487304	0.955452261334	0.295145316674
-0.836086138586	0.258683167641	-0.00154839862807	-0.000177611343354	0.000420201013703	0.957953245829	0.286923980683
-0.835972414422	0.258612711487	-0.00154832603852	-0.0001777055773	0.000422825505024	0.959818284474	0.280621899409
-0.835821252404	0.258522592344	-0.00154839085021	-0.000174999199176	0.0004380841543	0.962335885895	0.271862870167
-0.835702442681	0.258455557083	-0.00154811102818	-0.000164990723734	0.000457961540647	0.964517622497	0.264018027683
-0.835549475875	0.258372888564	-0.00154803325077	-0.000169299303701	0.000484742449316	0.967221509094	0.25393363052
-0.835459605541	0.258326390575	-0.00154804094411	-0.000179857146262	0.000494765389663	0.968690647748	0.248270320062
-0.835258343958	0.258224535602	-0.00154817195419	-0.000214637636663	0.000496243843628	0.971332224027	0.237725510283
-0.835097802128	0.258147216153	-0.00154786241979	-0.000213879253258	0.000473867940403	0.973337257692	0.229378099419
-0.834937142207	0.25807367447	-0.00154741705084	-0.000181749980637	0.000436764894823	0.975502783731	0.219986579444
-0.834813213359	0.258019642723	-0.00154696795354	-0.000170525677499	0.000416022768715	0.977154094007	0.212531584504
-0.83468713136	0.257967127757	-0.00154697492274	-0.00018713987811	0.000409783313096	0.978748949669	0.205061675061
-0.834560212164	0.25791678915	-0.00154696128476	-0.000221798565423	0.000416755957164	0.980234143666	0.197840341467
-0.834412438903	0.257860431643	-0.00154722521117	-0.000256472369063	0.000431056332577	0.981806159441	0.189885264557
-0.834235332999	0.257796770485	-0.00154693005913	-0.000251845133187	0.000444095889058	0.983633771464	0.180178641874
-0.834106021895	0.257752590139	-0.00154661970114	-0.000221856849496	0.000448655142549	0.98493180658	0.172942435146
-0.833939548145	0.257698700133	-0.00154604866063	-0.000189649270594	0.000451655331585	0.986512723188	0.163683863069
-0.833860647645	0.257674220744	-0.00154599645451	-0.000187840892436	0.00045307462864	0.987209933072	0.15942492742
-0.833697823119	0.257626090219	-0.00154593242041	-0.000208513432237	0.000454684146994	0.988587312762	0.150648182302
-0.833543676912	0.257583165258	-0.00154597056415	-0.000244144834473	0.000452029182426	0.989776035813	0.142629362312
-0.833317918434	0.257525226086	-0.00154579807441	-0.000266166451879	0.000434120983006	0.991436258484	0.13059052821
-0.83321491335	0.257500581506	-0.00154559692224	-0.000259578783827	0.000422690706405	0.992147984058	0.125068507951
-0.832980412964	0.257448592229	-0.00154505653738	-0.000237217394456	0.000401869334334	0.99362148867	0.112765772651
-0.832837377677	0.257419665663	-0.00154493931328	-0.000236251634489	0.000399087616156	0.994421530999	0.10547797685
-0.832682211671	0.257390790268	-0.00154484410346	-0.000245286089698	0.000404756157777	0.995243137058	0.0974211175528
-0.83251852611	0.257363350106	-0.00154476660588	-0.000258123357948	0.000418130561001	0.996068521594	0.0885847550596
-0.832366161793	0.257340387544	-0.00154463430693	-0.000267068704718	0.000430807533494	0.99677504966	0.0802448967525
-0.832217713205	0.257320382796	-0.00154458370817	-0.000266271629707	0.000438201071701	0.997411949047	0.0718967382958
-0.83212233495	0.257308849447	-0.00154438687096	-0.000261125338829	0.000439254134067	0.997798030752	0.0663236661947
-0.831915765817	0.257287016337	-0.00154412210661	-0.000260148598331	0.000431105188271	0.998518607317	0.0544089819033
-0.831739374622	0.257271800039	-0.00154399721633	-0.000276720071335	0.000417509433415	0.99899708579	0.044772443479
-0.831658268625	0.257265827129	-0.00154406989211	-0.000285537204327	0.000410456262108	0.999180999972	0.0404608364776
-0.831478512775	0.257254973317	-0.00154392880285	-0.000295009945326	0.000395076827352	0.999524823098	0.0308202026992
-0.831290270445	0.257247221989	-0.00154378665675	-0.000284069957392	0.000383891868686	0.999796699499	0.0201576685537
-0.831198849545	0.257244853887	-0.00154353015298	-0.000277732877946	0.000382330892909	0.999890011429	0.0148236881845
-0.831062421353	0.25724300586	-0.0015435225332	-0.000278199125215	0.000385239835782	0.999975742458	0.00694900645405
-0.830885792368	0.257243669527	-0.00154352543464	-0.000293583363969	0.000395282534474	0.999994731053	-0.00320864867942
-0.830673726849	0.257248639459	-0.00154362840394	-0.000315995392333	0.000405024093997	0.999889700078	-0.0148433076043
-0.830536724485	0.25725427358	-0.00154360950766	-0.000315941344037	0.000407212148454	0.999748395795	-0.0224249741064
-0.830397669424	0.257261909725	-0.0015434429762	-0.000302710037712	0.000405489972586	0.999533851183	-0.0305257970297
-0.830301523194	0.257268358205	-0.00154330519235	-0.000296010539244	0.000401781814035	0.999348118042	-0.0360983367406
-0.830120532176	0.257283133015	-0.00154335505114	-0.00030008628304	0.000390746940068	0.998919027498	-0.0464815422165
-0.829970505183	0.257298091094	-0.00154348603453	-0.000313982357143	0.00038013295495	0.998467331355	-0.0553420737909
-0.82985631345	0.257311173175	-0.00154348637848	-0.000321333003371	0.000372930444895	0.998033442931	-0.0626817713464
-0.829778533808	0.257321013911	-0.00154347732723	-0.000325455435091	0.000369239300856	0.997702743632	-0.0677421072145
-0.829587326285	0.257348419233	-0.00154357776273	-0.000331476690666	0.00036537938181	0.996784474573	-0.0801278220852
-0.829438673269	0.257372842119	-0.00154366431507	-0.000334387373351	0.000365799128098	0.995990728545	-0.0894551453438
-0.829326093665	0.257393133623	-0.00154372799248	-0.000334548061408	0.000367677829549	0.995332191216	-0.0965069014097
-0.8292344797	0.257410780863	-0.00154376906767	-0.000334161084976	0.000369609805375	0.994753723216	-0.10229751646
-0.829056752166	0.257447938449	-0.00154382419002	-0.000331397841374	0.000373654530657	0.993434297425	-0.114403003706
-0.828997792516	0.257461187353	-0.00154389980873	-0.00033451107792	0.000373704818033	0.992961490156	-0.118436597024
-0.828806898993	0.257507341813	-0.00154421051791	-0.000350600935597	0.000367025255795	0.991280419885	-0.131768249298
-0.828695100422	0.257536749246	-0.00154427749874	-0.000357127358965	0.000359069845769	0.990180694083	-0.139792476888
-0.828570485062	0.257571709702	-0.00154446071058	-0.00035880801468	0.000349593582839	0.988865895589	-0.148808566901
-0.828498653471	0.257592905477	-0.00154455684372	-0.000355053286261	0.000344985192123	0.98802040005	-0.154322532404
-0.828366501123	0.257633978489	-0.00154461974758	-0.000348642156533	0.000340892975812	0.986273567292	-0.165118783614
-0.82827146499	0.257665452283	-0.00154474077369	-0.000355288326239	0.000339037709021	0.984940258962	-0.172894317716
-0.828191050977	0.257693395226	-0.00154504541565	-0.000363233207328	0.000338425003748	0.983684603944	-0.179900954674
-0.828098289607	0.257726895976	-0.00154509608249	-0.000369908608015	0.000338407370395	0.982001142762	-0.188874308105
-0.828040075543	0.257748935107	-0.00154530249521	-0.000374033000974	0.000338085908434	0.980883110327	-0.194597198521
-0.827950230383	0.257784311267	-0.00154562607557	-0.000374464326441	0.000337458804054	0.978913771829	-0.204273280731
-0.827861684576	0.257820872869	-0.00154564658511	-0.000372347650628	0.000332887055454	0.976583811027	-0.215136725325
-0.827801877377	0.257846912996	-0.00154596988811	-0.000378655672987	0.000327694546522	0.974926433062	-0.222526850859
-0.827912716893	0.257792094694	-0.00154766597582	-0.000271437574833	0.000348717979701	0.973208308549	-0.229924754841
-0.828505352264	0.257488258905	-0.00154623315404	8.88091993203e-05	0.00043970475603	0.971731482343	-0.236088383863
-0.830337735433	0.256505728722	-0.00153759589911	0.000377511803788	0.000572531220054	0.968854252882	-0.247630705621
-0.831215267035	0.256018335432	-0.00154278214313	8.31565187616e-05	0.000547019808962	0.967523904381	-0.252778931689
-0.834180237626	0.254304623512	-0.00154969026784	-0.000231606776036	0.000583465493736	0.964577966512	-0.263797180511
-0.835978238622	0.253225354142	-0.00154488643544	-0.000284109790398	0.000615494064589	0.963091249944	-0.269174264615
-0.837291994751	0.252420654511	-0.00154635525959	-0.000371700960426	0.000612332059796	0.961990050595	-0.273083557623
-0.843333916172	0.248544531815	-0.00154915927266	-0.000455870038421	0.000556893954212	0.957349757134	-0.288930657023
-0.847034632306	0.246031567955	-0.0015576706812	-0.000617441208387	0.000421233072848	0.954438280178	-0.298407457446
-0.847802486924	0.245497345672	-0.00155869026192	-0.000641542952017	0.000392294742353	0.953827816053	-0.300353012054
-0.852848365504	0.241875339745	-0.00155136733529	-0.000375327801615	0.000369261349982	0.950149802414	-0.311793322168
-0.856001825037	0.239518503369	-0.00155007298924	-0.000355165023324	0.000345349205892	0.947810181421	-0.318834776314
-0.859200769402	0.237054818926	-0.00155857203898	-0.000453648457502	0.000318627329659	0.945419722345	-0.325854632129
-0.863830402779	0.233356348982	-0.00155836595018	-0.000579949245557	0.000342643973112	0.942044215024	-0.335488067141
-0.868887629308	0.229138079905	-0.00156830658857	-0.000786183133624	0.000368027159677	0.938217622934	-0.34604470591
-0.871476326515	0.226905250255	-0.00157036483482	-0.000772312792237	0.000410657030247	0.936259351252	-0.351308499878
-0.875898535642	0.222971255494	-0.00155626364018	-0.000559834497788	0.000522512527902	0.932992871967	-0.359894032215
-0.879521221432	0.21963758551	-0.00155666462564	-0.000536521685687	0.000526268467066	0.930212082567	-0.367021684145
-0.882030470959	0.217267946936	-0.00156086567185	-0.000606471945382	0.000480363789971	0.928232724714	-0.371999207274
-0.886182587392	0.213236679978	-0.00156438526686	-0.000594725901719	0.000442800143347	0.92506858557	-0.379799371013
-0.892651613488	0.206681943732	-0.0015646862258	-0.000684791507388	0.000337418869356	0.920047562588	-0.391805946593
-0.896076408478	0.203072038994	-0.00157023660168	-0.0007385606827	0.000288283427828	0.917326999089	-0.398133831974
-0.900387256461	0.198388312213	-0.00156034655673	-0.00056218359973	0.000353932138436	0.91405515968	-0.405589353588
-0.904253038136	0.194055199071	-0.00155493452786	-0.000533171302253	0.000380733148072	0.911040079557	-0.412317285852
-0.908460041656	0.189190965371	-0.001563712906	-0.000661350236297	0.000359139385258	0.907654387094	-0.41971769944
-0.91337810775	0.183302260373	-0.00156325386928	-0.000677083094574	0.000410018607509	0.903773291591	-0.428010760203
-0.91757650397	0.178097563943	-0.00156284055728	-0.000752239079264	0.000422395692032	0.900370808291	-0.435122584217
-0.923675926894	0.170227157406	-0.00157099714402	-0.000901927159037	0.000380533018546	0.89521620478	-0.445631000292
-0.927822869028	0.164651034385	-0.00157289616963	-0.00093786812645	0.000347434650928	0.891559399768	-0.452902678705
-0.932004780653	0.158828986913	-0.001570713669	-0.00089519066722	0.00032099090465	0.887725226743	-0.460372694023
-0.935006463408	0.154518314917	-0.00156902751742	-0.00081118394148	0.000317695465037	0.88490060027	-0.4657790986
-0.939281476316	0.148186152303	-0.00155580267963	-0.000399875333212	0.000476300660069	0.881095487256	-0.472938003945
-0.945426486021	0.138703029682	-0.0015209462334	0.000152503741397	0.000757880680338	0.876026381857	-0.482262564015
-0.951564606698	0.128782289186	-0.00154226190733	-0.000245354956879	0.000628082926563	0.870998117161	-0.491285889493
-0.954596156138	0.123717921858	-0.00155614409637	-0.000461293873312	0.000577330654712	0.868642617226	-0.495438651536
-0.962768869342	0.109525344012	-0.00155216072306	-0.000678673176633	0.000659958598624	0.862606727013	-0.50587423177
-0.968804578375	0.098516864075	-0.00156413407279	-0.000823257874798	0.000685073499392	0.858134744899	-0.513423424201
-0.974225173677	0.0882383909786	-0.0015531963428	-0.000632197918301	0.000835024941951	0.854262150509	-0.519841400108
-0.980473361565	0.0759174712673	-0.00153388270436	-0.000463180401374	0.000916217809444	0.849825421188	-0.527063278469
-0.98643984809	0.0636415401297	-0.00155463061068	-0.000657213798737	0.000729104487297	0.845448367855	-0.534056264609
-0.992616828507	0.0503843251843	-0.00155675701607	-0.00064217659905	0.000662947507561	0.841001271421	-0.54103235539
-0.996598543017	0.0415312339528	-0.00154722000046	-0.00059318127046	0.000655943684271	0.838142056591	-0.545451290995
-1.00178524769	0.0296050659522	-0.00155346865423	-0.000723902965572	0.000541043258886	0.834290354091	-0.551324576186
-1.01085278987	0.00759738901084	-0.00156917625549	-0.00100014652005	0.000378077087178	0.827335116666	-0.561707629908
-1.01742354089	-0.00939898166391	-0.00158035912309	-0.0011785609947	0.000325525124682	0.821965131045	-0.569536503109
-1.0206150518	-0.0180198668287	-0.00158019884044	-0.00117018939405	0.000368964817849	0.819251481906	-0.573433085823
-1.02746349932	-0.0374150318254	-0.00156256214708	-0.000975647264519	0.000568591584873	0.813199297372	-0.581984215912
-1.03149115071	-0.0494730029923	-0.00156218640843	-0.000944148863287	0.000606862938975	0.809412589874	-0.587239303566
-1.03799364713	-0.0701347462552	-0.00156850380043	-0.00099275430408	0.00055256828696	0.80292977913	-0.596072544993
-1.04262974582	-0.0859123725147	-0.00156752351668	-0.00104005869943	0.000478015836935	0.798008632005	-0.602644931136
-1.04505208366	-0.0945607048834	-0.00157187360211	-0.00108364532291	0.000418884230482	0.795300361114	-0.606214471834
-1.05053228916	-0.115334507259	-0.00157792721231	-0.00115069558302	0.000306063093288	0.788759944415	-0.614700197097
-1.05328266195	-0.126501703768	-0.00157826377939	-0.0011439002056	0.000286822312707	0.785223557237	-0.619211251824
-1.0579717525	-0.146963693129	-0.00157421284695	-0.00107911804118	0.000315172541106	0.778698704598	-0.627397054207
-1.06065678325	-0.159665674455	-0.0015719717671	-0.0010429017301	0.00034582400308	0.774619044627	-0.632427172458
-1.06391734908	-0.176315651858	-0.00157121681335	-0.00103866613041	0.000367040977886	0.76924440571	-0.638953699995
-1.06664449503	-0.191542140888	-0.00157248337773	-0.00107662911109	0.00036157107516	0.764298344544	-0.644861807415
-1.06951823364	-0.209284157799	-0.00157523318312	-0.00113575328446	0.000342698736876	0.758496679022	-0.651675824727
-1.07279297147	-0.232533569344	-0.00157651650894	-0.00117117663766	0.000332002877252	0.750828248759	-0.660496373181
-1.07471086197	-0.248404081025	-0.00157552692075	-0.00115729749904	0.000334744116862	0.745548373153	-0.666450427187
-1.07593268581	-0.259825594161	-0.00157465211344	-0.00113740063684	0.000333999490505	0.741727814266	-0.670699965937
-1.07749900222	-0.276728295151	-0.00157379801344	-0.00111002226803	0.000318680457822	0.736043374603	-0.676933391847
-1.07913283949	-0.299133134771	-0.0015742454869	-0.00109659331551	0.000275302733389	0.728440835182	-0.685107780813
-1.07992067152	-0.313591593904	-0.00157501058157	-0.00110008823844	0.000246665737299	0.723491419139	-0.690332452804
-1.08026628837	-0.3215743616	-0.00157535835002	-0.00110368796709	0.000235117833047	0.720744007661	-0.693200405376
-1.08088972131	-0.343540812089	-0.00157550808606	-0.00111338596553	0.000226360039099	0.713129526137	-0.701031374536
-1.08104178392	-0.362517802176	-0.00157494106289	-0.00112111675775	0.000239982258895	0.706483350599	-0.707728733932
-1.08084548148	-0.380991707194	-0.00157441036302	-0.00113260367391	0.000255441068973	0.699948714659	-0.714192165181
-1.0803283664	-0.39895825934	-0.00157433967821	-0.00114724350792	0.000259178480481	0.693534178433	-0.720422764773
-1.07990215944	-0.4089350623	-0.00157449636246	-0.00115468852093	0.000254865317441	0.689950290145	-0.72385578596
-1.07861592647	-0.430868272236	-0.00157481093119	-0.00116092444461	0.000232876364318	0.682017083	-0.731335283245
-1.07746458285	-0.445805747215	-0.00157482770558	-0.00115475010617	0.000214070708875	0.676562387811	-0.736384380691
-1.07675964767	-0.45376504195	-0.00157471222184	-0.00114864878042	0.000204308271331	0.673632768076	-0.739065310131
-1.07466426309	-0.474131938165	-0.00157422461124	-0.00113102127541	0.000183577658237	0.666050554767	-0.745905721647
-1.07168287698	-0.497913825851	-0.00157368470613	-0.00111940910221	0.000164399569418	0.657077989333	-0.753821753355
-1.07012650502	-0.508788420311	-0.00157367221113	-0.0011198538215	0.000157198758618	0.652949302123	-0.757400772427
-1.06732397123	-0.526545243296	-0.00157354308883	-0.00112615144748	0.000147894376847	0.646169138664	-0.763193392364
-1.06411399354	-0.544741098369	-0.00157353913956	-0.00113721170148	0.000144435041649	0.639150661248	-0.769080696751
-1.06146328361	-0.558470251607	-0.00157325936742	-0.00114611885423	0.00014504773878	0.633787222897	-0.773506574933
-1.05745231268	-0.577527821508	-0.00157296514419	-0.00115867203684	0.000148837454923	0.626213267715	-0.779650933857
-1.05353644009	-0.594560637636	-0.00157246513207	-0.00116645047176	0.000146134152545	0.61935764757	-0.785108096019
-1.04919817932	-0.612006147764	-0.00157249170534	-0.0011670050833	0.000132776420783	0.612300739516	-0.790624073032
-1.04587132851	-0.624556668824	-0.00157219663503	-0.00116097706353	0.000117416664963	0.607198153825	-0.794549583309
-1.04015643347	-0.644737834055	-0.00157202528654	-0.00114512239845	9.11584240207e-05	0.598906863586	-0.800817862647
-1.03728813049	-0.654305486782	-0.00157181930665	-0.00113621129323	7.79382405169e-05	0.594989698378	-0.803732518798
-1.0321996947	-0.670505984255	-0.00157127725047	-0.00111559056907	5.20877349082e-05	0.588393296871	-0.808574103557
-1.02603844495	-0.688983660747	-0.00157132279781	-0.00109942341237	3.34457840012e-05	0.580802607011	-0.814043685461
-1.02224337839	-0.699825310578	-0.00157076765014	-0.00109742229543	2.75843707603e-05	0.576313987752	-0.817227619715
-1.01430770576	-0.72138720112	-0.00157073173399	-0.00108274389731	-7.05495840608e-06	0.567929046155	-0.823076804527
-1.00981434789	-0.733039679233	-0.00157075613307	-0.00106506409359	-2.43985581976e-05	0.563506800663	-0.826110737522
-1.00312596575	-0.749732948585	-0.00157064823271	-0.0010526460355	-3.85751185986e-05	0.557212734724	-0.83036910992
-0.996585811703	-0.765410045854	-0.00156992182648	-0.00102194943274	-7.68288851837e-05	0.551943986986	-0.833880557962
-0.988656678176	-0.783759288815	-0.00157071834325	-0.000943648989742	-0.000140235580564	0.546550900552	-0.837425341727
-0.985420228547	-0.791070706678	-0.00157087182967	-0.000916778635691	-0.000157204430332	0.544474823578	-0.838776669497
-0.975718924869	-0.812462844524	-0.00156897331273	-0.000838279172347	-0.000217910895991	0.539212231805	-0.842169471588
-0.967265273257	-0.830578644253	-0.00157047817012	-0.000794099706866	-0.000233331060803	0.535087778038	-0.844796061045
-0.959944695967	-0.84591074379	-0.00156883562097	-0.000806596817025	-0.000229081142414	0.53187800926	-0.846820571426
-0.954930247297	-0.8562545574	-0.00156806765107	-0.000813296571722	-0.000231778999673	0.529968564419	-0.848016866315
-0.94565676093	-0.875086896622	-0.00157043591312	-0.000847479512511	-0.000210894542872	0.52657907402	-0.850125706062
-0.938490691336	-0.889384597162	-0.00156849633562	-0.000885498243808	-0.000188995352554	0.523995045563	-0.851720830084
-0.93442167494	-0.89740807169	-0.0015681858537	-0.00090173780961	-0.000177364646967	0.522538645657	-0.852615106132
-0.925051899405	-0.915630333599	-0.00156907237232	-0.000929113449376	-0.000157770831996	0.519222657779	-0.854638487025
-0.915471099288	-0.933900457537	-0.0015702603206	-0.00104839191089	-0.000341279116905	0.515546011396	-0.856861187438
-0.908942662108	-0.946107390182	-0.00159796996269	-0.00133434110904	-0.00075957004414	0.512122160012	-0.858911250254
-0.901868940487	-0.959039932634	-0.00162078615945	-0.00162602377718	-0.00111390127066	0.507280736617	-0.861778608187
-0.89805325388	-0.965864802357	-0.00162282905184	-0.00168424640089	-0.00113055170731	0.504205978223	-0.863581042341
-0.889866236422	-0.980097918669	-0.00160211545776	-0.00157263014018	-0.000815221915061	0.496506215048	-0.868031359264
-0.884324974216	-0.989379653534	-0.00159316225727	-0.00145683577127	-0.000649196712106	0.490301216187	-0.87155158974
-0.879065056413	-0.9979007445	-0.00159046694522	-0.00135486132706	-0.000644076677979	0.483654652872	-0.875257634226
-0.873569709004	-1.00647335757	-0.00159473109192	-0.00129485643847	-0.000792619842891	0.475148562897	-0.879904277906
-0.869295053855	-1.01287701046	-0.00159994683785	-0.00125533143917	-0.000970937536829	0.46746601399	-0.884009619398
-0.865729758446	-1.01802899184	-0.00160241336944	-0.0011720537422	-0.00108784245285	0.46022341674	-0.88780169496
-0.861920956395	-1.02332548891	-0.001600222573	-0.00102761172052	-0.0011185616557	0.451132908807	-0.892455484282
-0.859035111834	-1.02717656694	-0.00159518241921	-0.000883712260701	-0.00105505712586	0.442470241449	-0.896782131478
-0.857840808044	-1.02872342364	-0.00159245969475	-0.000782516547971	-0.000914601610424	0.438495716457	-0.898732472886
-0.855575681896	-1.03157529559	-0.00157230761839	-0.00058783076564	-0.000562013934044	0.43015953609	-0.902752519856
-0.853432323428	-1.03417360551	-0.00155781565476	-0.000446484244637	-0.000167958596431	0.422055029541	-0.906570088014
-0.851249965824	-1.0367233658	-0.00155238225376	-0.00052558458388	-7.84527465625e-05	0.41347229016	-0.910516547283
-0.850062202478	-1.03806956259	-0.00156582765938	-0.00074923543587	-0.000365673365554	0.407898261836	-0.913027005581
-0.847834308655	-1.04051066453	-0.00158214525465	-0.000988932212094	-0.000632806475341	0.397635432127	-0.917542742703
-0.846558471361	-1.04185958886	-0.00157527858137	-0.000957009627961	-0.000541718265973	0.391773359172	-0.920061098904
-0.844819743123	-1.04363470708	-0.00157205265467	-0.000824758737984	-0.000470912769819	0.38161344275	-0.924321523241
-0.843476328656	-1.04495082	-0.00155951972903	-0.000599502129183	-0.000284883869801	0.373308132638	-0.927707172304
-0.842163433058	-1.04619099924	-0.00155300995726	-0.000408021595077	-0.000143005970253	0.36525663629	-0.930906763706
-0.841346910585	-1.04694152826	-0.00155095439423	-0.000351057993446	-0.000137250925352	0.360285081628	-0.932842172008
-0.839479647655	-1.04860221554	-0.00155641761583	-0.000416243739033	-0.000307178845591	0.349124252321	-0.937076298294
-0.838178006287	-1.04971499051	-0.00155963629004	-0.000468274101839	-0.000257022170975	0.342645687531	-0.939464553602
-0.836099544688	-1.05143966126	-0.00154510240245	-0.000470241795405	9.4412052388e-05	0.334678868094	-0.942332120439
-0.833571343917	-1.05345824784	-0.00154853996635	-0.000636985651579	0.000113439828186	0.32523491405	-0.945633032452
-0.832127448882	-1.05457457757	-0.00155432143947	-0.000755415175551	-1.03048156361e-06	0.320141727824	-0.94736935957
-0.828155568206	-1.05753977274	-0.00154970528029	-0.000776734501753	0.000187917525006	0.309464102004	-0.950910790212
-0.825666374438	-1.05933028297	-0.00154427606291	-0.000772981130622	0.000179609401725	0.303380882177	-0.952869041668
-0.821951400915	-1.06191443451	-0.00155927793613	-0.000786477952459	-9.05994124978e-05	0.294607553885	-0.955618000269
-0.817285920135	-1.06503264193	-0.00155665859076	-0.000679821147112	-0.00017163450946	0.285124358195	-0.958490275771
-0.812591727204	-1.06803774846	-0.0015641613277	-0.000607163886799	-0.000352349250381	0.275856866133	-0.961198468897
-0.810288981665	-1.06946505986	-0.00156751628805	-0.000576989957618	-0.000405933358497	0.271447650744	-0.962452947009
-0.804804271115	-1.07275922318	-0.0015565786343	-0.000432908460478	-3.41499612852e-05	0.262357405179	-0.964970674877
-0.802070527087	-1.07435204845	-0.00154135683503	-0.000395146968247	0.000149331734933	0.258175020313	-0.966098069787
-0.791537979446	-1.08019900218	-0.00155897879853	-0.000623367118833	8.65222833117e-06	0.243094531558	-0.970002402093
-0.785824871674	-1.08321129039	-0.00154995416285	-0.000749721619874	-1.94709035601e-05	0.236199533207	-0.97170428529
-0.780602982666	-1.085873121	-0.00155988008113	-0.000894707389298	-0.000209515421172	0.230019651732	-0.973185550355
-0.772927569009	-1.08963915522	-0.00157654800341	-0.00102291827387	-0.000457294062037	0.221419757113	-0.975177950776
-0.766743769631	-1.09255690764	-0.00157507522213	-0.000994929082942	-0.000537807316492	0.215302213789	-0.976546812814
-0.759871978082	-1.09569065285	-0.00157494781375	-0.000867068123402	-0.000531334992772	0.20873786161	-0.977971099269
-0.754208533807	-1.0981882813	-0.0015710012251	-0.000728871190885	-0.000446969950128	0.203468270598	-0.979081167128
-0.741573874145	-1.10353291069	-0.00153276556156	-0.000335869254738	0.000199009875982	0.194354971371	-0.980931186521
-0.73426961425	-1.10650733358	-0.00153821510815	-0.000282244249079	8.32012633344e-05	0.189774340824	-0.981827690066
-0.728416019605	-1.10883622697	-0.00155890804296	-0.000358925632758	-0.000266541060562	0.186181260993	-0.982515311933
-0.717234203425	-1.11315990693	-0.00158883346745	-0.000586469936176	-0.000912130168478	0.180377404455	-0.983596876791
-0.707731433905	-1.11672647464	-0.00159465678889	-0.000714100198348	-0.000974639056023	0.176210789082	-0.984351714557
-0.702176284527	-1.11876908864	-0.00158665548769	-0.000757567798324	-0.000797472755745	0.173873103239	-0.984767451787
-0.692425387088	-1.1222856948	-0.00156537784158	-0.000753282151749	-0.000398668436495	0.170565468801	-0.985345977047
-0.6843012262	-1.12516576507	-0.00155729376097	-0.00069081475667	-0.000227502731693	0.168426283668	-0.985713983865
-0.673127996247	-1.12906319728	-0.00156560614095	-0.000645292160792	-0.000424695642991	0.165330722425	-0.98623787975
-0.665859529979	-1.13155246894	-0.00157786937474	-0.000646189974871	-0.000639973368867	0.162734709603	-0.986669441689
-0.656975444519	-1.1345351571	-0.00158249367233	-0.000639651749736	-0.000756328767972	0.159437999728	-0.987207446819
-0.646006356311	-1.13812801971	-0.00157814310188	-0.000597291398028	-0.000664215595133	0.155698633632	-0.987804200004
-0.638973925409	-1.14038792844	-0.00157196462867	-0.000540428566158	-0.000559473914023	0.15408700033	-0.988056977737
-0.633512115631	-1.14212834085	-0.00156816490097	-0.000483127609485	-0.00049767527117	0.153283809865	-0.988181963274
-0.620036576425	-1.146390076	-0.00157359451036	-0.000428938956694	-0.000684358849803	0.15204748149	-0.98837286033
-0.616322930678	-1.14755960381	-0.00158339199428	-0.000426775442604	-0.000797611475162	0.152087138191	-0.988366674911
-0.604161318594	-1.15140772553	-0.00158278554993	-0.000357770623322	-0.00081833313004	0.153683918605	-0.988119656465
-0.598081617187	-1.15335443421	-0.00157572284933	-0.000336566199841	-0.000737534746547	0.155007517683	-0.987912957819
-0.588193361018	-1.15656451217	-0.00157734868863	-0.000331814210198	-0.000678965796685	0.158374414932	-0.987378839959
-0.581170147763	-1.15889761972	-0.00156988112106	-0.00033118827244	-0.000577500486805	0.161281723082	-0.986908183474
-0.574089959244	-1.16129983306	-0.00156820142079	-0.000384350108347	-0.000595414681523	0.164472330644	-0.986381442551
-0.569523009645	-1.16287443892	-0.00157610589741	-0.000438694703239	-0.000756120948579	0.167013706798	-0.985954186344
-0.561714477025	-1.165636188	-0.00158417478412	-0.0004690805594	-0.000834637355258	0.171755068796	-0.985139218429
-0.553429035875	-1.16866310558	-0.00157381660815	-0.00048370348529	-0.000728121516812	0.177102462595	-0.984192030862
-0.545392539545	-1.17170416453	-0.00158847369473	-0.000488316284204	-0.000923708673915	0.184069166746	-0.982912737817
-0.538621656389	-1.17438113965	-0.00157798723127	-0.000381307249969	-0.000780432970041	0.19144693114	-0.981502581803
-0.532805382509	-1.17678555574	-0.00156659069222	-0.000283389060681	-0.000734546898652	0.199244779968	-0.979949436342
-0.529404563628	-1.17824303687	-0.00157664738876	-0.000283471937857	-0.000931367422154	0.204613649938	-0.978842329723
-0.52475186598	-1.18031234141	-0.00159059760671	-0.000308271453563	-0.00100347149945	0.212199716171	-0.977225756144
-0.520938087232	-1.18207641928	-0.0015752642952	-0.000339706333677	-0.000849415079561	0.21857687317	-0.975819303769
-0.514576406686	-1.18516329346	-0.00157928009009	-0.000527146219914	-0.000739679144715	0.230925511079	-0.972971008471
-0.510425803134	-1.18729060375	-0.00156536887312	-0.000625743032008	-0.000502793167354	0.239328149699	-0.970938408143
-0.507065550553	-1.18908365023	-0.00156064529962	-0.000713376199486	-0.000487169840263	0.246763457801	-0.969075358088
-0.503162581244	-1.1912501017	-0.0015826180257	-0.000812325843148	-0.000756627767179	0.256654413566	-0.966502601982
-0.500170826732	-1.19298372031	-0.00157575039095	-0.000762156863169	-0.000707376376477	0.264302894527	-0.964439162768
-0.497235483297	-1.1947504766	-0.00156673177041	-0.000672902576212	-0.000674822032732	0.272709684435	-0.962095899499
-0.495035275187	-1.1961207839	-0.00157931754183	-0.000622762022499	-0.000777167724223	0.280360284408	-0.959894327051
-0.492888625548	-1.19750898796	-0.00157130561988	-0.000533574226643	-0.00065229829589	0.287997540778	-0.957630777655
-0.491613199287	-1.19835806707	-0.00156372417478	-0.000481962401929	-0.000521220353765	0.292679861051	-0.956210225305
-0.489201280563	-1.20001924215	-0.00157163097407	-0.000571331428005	-0.000698087595899	0.304764020645	-0.952427465991
-0.487607774185	-1.20117244704	-0.00156942193352	-0.000648896949548	-0.000649435145476	0.313858302475	-0.949469390309
-0.486661965821	-1.20188178475	-0.00156101510759	-0.00072748600909	-0.000614517899708	0.320770945781	-0.94715631945
-0.486041682151	-1.20235674404	-0.00157109004008	-0.000858421024594	-0.000703221718464	0.328661605043	-0.944447096434
-0.485206239688	-1.20302872291	-0.0015559031395	-0.000848722703565	-0.000367508535527	0.340712147382	-0.940167207062
-0.485107262344	-1.20311115545	-0.00155211004095	-0.00084190100157	-0.000320965355728	0.343633931928	-0.939103247259
-0.485334579475	-1.20290251747	-0.00156058607144	-0.000861325189942	-0.000473114523291	0.35619716108	-0.934410304267
-0.485459608683	-1.20278640738	-0.00155497529751	-0.000798118464553	-0.000414095416311	0.361250274166	-0.932468461101
-0.485648893024	-1.20260655015	-0.00155031796924	-0.000661899234655	-0.000235514126607	0.368487453229	-0.929632455993
-0.48589087161	-1.20237111684	-0.00154686307347	-0.000511591143753	-5.74548184971e-05	0.376713820962	-0.926329548309
-0.486168304309	-1.20209284119	-0.00154799029985	-0.000438021665092	-3.6083669712e-05	0.385409813247	-0.92274540513
-0.486375530199	-1.20187809652	-0.00154817329829	-0.000453865536691	-0.000125632039467	0.391652502095	-0.920113088607
-0.486730753987	-1.20149650206	-0.00155088832738	-0.000554793361205	-0.000282086473344	0.402589180695	-0.915380557046
-0.486865940357	-1.20134648324	-0.00155086735116	-0.000595947817383	-0.00028254607015	0.40708526101	-0.913389925105
-0.487124063911	-1.20105260689	-0.00154957000998	-0.00065904222529	-0.000204194898706	0.415089276152	-0.909780422295
-0.487408720106	-1.20071823228	-0.0015496321763	-0.000707155100334	-9.01725980874e-05	0.42279448756	-0.906225310334
-0.487683151346	-1.20038532488	-0.00154883402284	-0.000730331109704	1.92034389162e-06	0.430005234017	-0.902826099164
-0.488085223614	-1.19987710484	-0.0015486099586	-0.000737197040449	1.48333410875e-05	0.440196402257	-0.897901210469
-0.488468866449	-1.19936868009	-0.00154910478954	-0.000702854805966	-6.17863644613e-05	0.449863001859	-0.893097296903
-0.488713141477	-1.19903229561	-0.00154887704884	-0.000650743553182	-9.94865143748e-05	0.45627500603	-0.889838572724
-0.489092574121	-1.19849015443	-0.00154823481236	-0.000567171840422	-0.000121934855628	0.465839284842	-0.884869156512
-0.489273704495	-1.19822306685	-0.00154817890231	-0.000533490026728	-0.000110544242721	0.470372596541	-0.882467746488
-0.489624688719	-1.19768947014	-0.00154755754068	-0.000503562448951	-6.82384219973e-05	0.479177443376	-0.8777179043
-0.489896260352	-1.19726141565	-0.00154690804161	-0.000536923947801	-7.28809926511e-05	0.485221342753	-0.874391191023
-0.490182623776	-1.19679613677	-0.00154807858844	-0.000594663374997	-7.58083429639e-05	0.491450076982	-0.870905541642
-0.490635713198	-1.19602852191	-0.00154735902356	-0.000676258205339	-2.50853511967e-05	0.501625114044	-0.865084843819
-0.490977796637	-1.19542125789	-0.00154650322709	-0.000734916096813	-1.97771265927e-05	0.508415737707	-0.861111431326
-0.491392574776	-1.19465476136	-0.00154773938547	-0.000764728415815	-5.9741494522e-06	0.516236096782	-0.856445974673
-0.491662600556	-1.19413710992	-0.00154657958079	-0.000744131230183	2.65549612689e-05	0.521424290049	-0.853297225655
-0.492101885803	-1.19326109845	-0.00154595155357	-0.000686553562479	5.28734690333e-05	0.52959880093	-0.848247980194
-0.492487733155	-1.19245602038	-0.00154608881055	-0.000630516879148	4.25864697836e-05	0.536653796067	-0.843802289521
-0.49287227077	-1.19161764728	-0.00154548121696	-0.000574958880154	2.35504524367e-05	0.543882247025	-0.839161349348
-0.493304843205	-1.19062795466	-0.00154432153698	-0.000571982631898	-4.40230531519e-05	0.551440553944	-0.834213993148
-0.493599372458	-1.18992618895	-0.00154573566807	-0.000585587493368	-7.2435963068e-05	0.556423900258	-0.830898366265
-0.494036797588	-1.1888394764	-0.00154443158713	-0.000587914375888	-2.65983693369e-05	0.564060416943	-0.825733310269
-0.494347826443	-1.1880353512	-0.00154698121245	-0.000465964996821	0.000263804630241	0.571603588258	-0.820529738141
-0.494409375232	-1.18787580736	-0.00154265002253	-0.000306325077119	0.000663916353568	0.578379213628	-0.815767706289
-0.494441809688	-1.18778635387	-0.0015443498526	-0.000412354244661	0.000582325726919	0.581652331005	-0.813437186694
-0.494466103133	-1.18771437347	-0.00154560235907	-0.000789804430912	8.91521716807e-05	0.586633301539	-0.809852293808
-0.494450592331	-1.18775901375	-0.00154736396629	-0.000952906558129	-0.000139063968219	0.589004019787	-0.808129530029
-0.494425991616	-1.18783528427	-0.00154657731446	-0.000948715096266	-0.000137585008508	0.590655326762	-0.806923395359
-0.49440988546	-1.18788836229	-0.00154590165573	-0.000826887200232	2.69679290343e-05	0.591559373642	-0.80626101418
-0.494412155711	-1.18788491719	-0.00154449346692	-0.000605044901904	0.000295559081183	0.591920000292	-0.805996439086
-0.494426289076	-1.18783784451	-0.00154407852431	-0.000521676593889	0.000297974978491	0.591941640542	-0.805980603524
-0.494440354419	-1.1877873162	-0.00154542493311	-0.000514871716554	6.21148849085e-05	0.59195203707	-0.805973024895
-0.494438843882	-1.18778784379	-0.00154570620876	-0.000534202928281	-9.67519276497e-05	0.591952859834	-0.805972404615
-0.494425724181	-1.18782685119	-0.0015455450504	-0.00052230609366	-0.000184107571708	0.591940144638	-0.805981735814
-0.494419438594	-1.18784781571	-0.00154557140021	-0.000499429925369	-0.000134438639811	0.591933262248	-0.805986814743
-0.494417128798	-1.18785913188	-0.00154471107147	-0.0004808876589	2.93696301351e-05	0.591925117273	-0.80599281847
-0.494422249063	-1.18784594366	-0.00154474568435	-0.00051673619183	0.00011528765398	0.591924808706	-0.805993015187
-0.494429119951	-1.1878264761	-0.00154510161134	-0.000599628301933	0.000138691549481	0.591928138935	-0.805990508348
-0.49443219086	-1.18781761792	-0.0015456029228	-0.00070028139755	9.77775513982e-05	0.59193250071	-0.80598722983
-0.494429944223	-1.18782443631	-0.00154576573599	-0.000734055901226	6.3878058438e-05	0.591934281554	-0.805985895288
-0.494423888743	-1.18784251784	-0.00154572141547	-0.000702461669879	4.56207207068e-05	0.591934535475	-0.805985738198
-0.494422383639	-1.18784684806	-0.00154562556528	-0.000679376034951	4.64554490141e-05	0.59193444775	-0.805985822367
-0.494420020576	-1.18785152433	-0.00154504846084	-0.000541912746251	4.73530720656e-05	0.591934199187	-0.805986109012
-0.494422506769	-1.18784134718	-0.00154499850624	-0.00047690375958	1.10187089906e-05	0.591933144539	-0.805986925972
-0.49442356404	-1.18783721709	-0.00154505573575	-0.000475671784156	-1.59729673976e-05	0.591931356416	-0.805988239848
-0.494423512258	-1.18783741629	-0.00154516426124	-0.000496670297145	-3.01795974696e-05	0.591928597189	-0.805990253191
-0.494422212798	-1.18784289411	-0.00154529678839	-0.000543453937822	-1.54362632276e-05	0.591924585538	-0.805993169609
-0.494421274263	-1.18784740414	-0.00154532904211	-0.000579314045005	1.45694328859e-05	0.591922471086	-0.805994697505
