0.61852659706	-5.7710353763	-0.00157494934393	-0.000769688655674	-7.96028370405e-05	0.755129718794	-0.6555749454
0.61852659706	-5.7710353763	-0.00157494934393	-0.000769688655674	-7.96028370405e-05	0.755129718794	-0.6555749454
0.61852663068	-5.77103536229	-0.00157494874653	-0.000768169917124	-8.13541621915e-05	0.755129886852	-0.655574753387
0.618526665783	-5.77103535081	-0.00157494218752	-0.000766498445136	-8.32756857691e-05	0.755129988947	-0.655574637504
0.618526694705	-5.77103533809	-0.00157494254494	-0.000765186486714	-8.47917955675e-05	0.755130022451	-0.65557460025
0.618526714558	-5.77103532429	-0.00157494020658	-0.000764482781388	-8.55977005437e-05	0.755130027878	-0.655574594715
0.618526720784	-5.77103530635	-0.00157494075807	-0.000764742358217	-8.53054525506e-05	0.755130007325	-0.655574618125
0.618526713843	-5.77103528984	-0.00157494179644	-0.00076573705231	-8.41594535315e-05	0.755130010336	-0.655574613643
0.618526701189	-5.77103527218	-0.00157494541511	-0.000767140863491	-8.2539568557e-05	0.755130053368	-0.655574562642
0.618526691596	-5.77103525756	-0.00157494748119	-0.000768250564924	-8.12658215219e-05	0.755130123914	-0.655574480242
0.618526686643	-5.77103524545	-0.00157494905948	-0.000769002599626	-8.03936532249e-05	0.755130217639	-0.655574371509
0.618526690225	-5.77103522989	-0.00157494938883	-0.000769369006669	-7.99692361215e-05	0.755130370897	-0.6555741946
0.618526706857	-5.77103521509	-0.00157494921704	-0.000768911251192	-8.0498165736e-05	0.755130529554	-0.655574012322
0.618526721575	-5.77103520684	-0.00157494819614	-0.000768329674363	-8.11678609107e-05	0.755130613285	-0.655573916474
0.618526745545	-5.77103519595	-0.00157494511165	-0.000767289229673	-8.23634209697e-05	0.755130706431	-0.655573810253
0.618526780219	-5.77103517786	-0.00157494207107	-0.000765839403626	-8.40396867107e-05	0.755130786437	-0.655573719578
0.618526796684	-5.77103516534	-0.00157493992652	-0.000765289982731	-8.46690295882e-05	0.755130813232	-0.655573689275
0.618526806474	-5.77103514451	-0.00157494229751	-0.000765415469183	-8.45229363824e-05	0.755130820052	-0.655573681292
0.61852680348	-5.7710351258	-0.00157494404579	-0.00076626880732	-8.35442714332e-05	0.755130846384	-0.655573650089
0.618526799812	-5.77103511609	-0.00157494462019	-0.00076683922979	-8.28903545095e-05	0.755130869737	-0.655573622606
0.618526792938	-5.77103509978	-0.00157494590007	-0.000767848352484	-8.17258303584e-05	0.755130945269	-0.655573534569
0.618526791743	-5.77103507934	-0.00157494745813	-0.000768688475981	-8.07556062121e-05	0.755131088796	-0.655573368381
0.618526794902	-5.77103507142	-0.00157494816031	-0.000768783910862	-8.06430506971e-05	0.755131157437	-0.655573289218
0.618526810851	-5.77103505427	-0.00157494752274	-0.000768447594638	-8.10296384827e-05	0.755131307184	-0.655573117076
0.618526834596	-5.77103503842	-0.00157494599259	-0.000767584770055	-8.2026307438e-05	0.7551314321	-0.655572974076
0.61852685398	-5.77103502753	-0.00157494427926	-0.0007668356245	-8.28846287996e-05	0.755131504299	-0.655572891682
0.618526877422	-5.77103501012	-0.00157494569803	-0.000766028047663	-8.38172316022e-05	0.755131561337	-0.655572826807
0.618526890308	-5.77103499535	-0.00157494159169	-0.00076578107238	-8.41053481781e-05	0.755131593558	-0.655572789945
0.618526896045	-5.77103497825	-0.00157494418428	-0.000766027010696	-8.38224742274e-05	0.755131616967	-0.65557276273
0.618526895624	-5.77103496118	-0.0015749448253	-0.000766656012051	-8.30965956191e-05	0.755131659987	-0.655572712533
0.618526894423	-5.77103495335	-0.00157494413112	-0.000767009795456	-8.26910970961e-05	0.755131682828	-0.655572685861
0.61852689228	-5.77103493191	-0.00157494683957	-0.000767930637475	-8.16303154064e-05	0.755131790108	-0.655572561344
0.618526894166	-5.77103491871	-0.00157494708462	-0.000768281595602	-8.12251612739e-05	0.75513187234	-0.655572466263
0.618526903939	-5.77103490169	-0.00157494761741	-0.000768323716574	-8.11744657257e-05	0.755132000462	-0.65557231864
0.618526918081	-5.77103488759	-0.00157494736486	-0.000767975332482	-8.1575834426e-05	0.755132104921	-0.655572198676
0.618526940171	-5.771034871	-0.00157494361038	-0.000767251753827	-8.24062285513e-05	0.755132217407	-0.65557206985
0.618526955238	-5.77103485906	-0.00157494638841	-0.00076676794227	-8.29644888076e-05	0.7551322712	-0.655572008384
0.618526969333	-5.77103484634	-0.00157494264625	-0.000766366449017	-8.3430026414e-05	0.755132317626	-0.655571955318
0.618526981104	-5.77103483097	-0.00157494289097	-0.000766199913071	-8.36224276748e-05	0.755132356436	-0.655571910784
0.618526986231	-5.7710348195	-0.00157494187248	-0.000766302723243	-8.35031458068e-05	0.755132385583	-0.655571877105
0.618526989646	-5.77103480043	-0.00157494477691	-0.000766763196609	-8.29724178379e-05	0.755132435374	-0.655571819281
0.618526990709	-5.77103478062	-0.00157494647649	-0.000767416377234	-8.22205872729e-05	0.755132512898	-0.655571729314
0.618526992637	-5.77103476572	-0.00157494631864	-0.000767842546375	-8.17296466724e-05	0.75513258754	-0.655571642899
0.618526998068	-5.7710347499	-0.0015749484775	-0.000768070038876	-8.14688422504e-05	0.755132681842	-0.655571534041
0.618527006597	-5.77103473722	-0.00157494696676	-0.000768032415724	-8.15088127527e-05	0.755132769377	-0.655571433252
0.618527014164	-5.77103472861	-0.00157494602721	-0.000767880818415	-8.1680931574e-05	0.755132831627	-0.655571361704
0.618527036376	-5.77103470804	-0.00157494438074	-0.000767295578482	-8.23535784076e-05	0.755132954055	-0.655571221283
0.618527052572	-5.77103469244	-0.00157494363664	-0.000766849597334	-8.28705747101e-05	0.755133022137	-0.655571143319
0.618527059415	-5.77103468562	-0.00157494480954	-0.000766691042666	-8.30525826382e-05	0.75513304804	-0.655571113644
0.61852707366	-5.77103466678	-0.00157494449128	-0.000766510553064	-8.32584167724e-05	0.75513310969	-0.655571042817
0.618527082144	-5.77103464604	-0.00157494493622	-0.000766711177717	-8.30345417426e-05	0.755133163522	-0.655570980603
0.618527085213	-5.77103463301	-0.00157494502613	-0.000767004406642	-8.26936187854e-05	0.75513321212	-0.655570924324
0.618527087037	-5.77103462168	-0.00157494610916	-0.000767274539095	-8.23865301604e-05	0.755133251432	-0.655570878765
0.618527091193	-5.77103460414	-0.00157494503092	-0.000767668856535	-8.19289225603e-05	0.755133337603	-0.655570779102
0.61852709726	-5.77103458879	-0.0015749471903	-0.000767857301138	-8.1710051647e-05	0.75513342062	-0.655570683284
0.618527107434	-5.7710345723	-0.00157494512646	-0.000767838292526	-8.17333220624e-05	0.755133519403	-0.655570569518
0.61852712025	-5.77103455737	-0.00157494634837	-0.000767612607224	-8.19915215889e-05	0.755133611381	-0.655570463803
0.618527133668	-5.77103454294	-0.00157494643511	-0.000767310568315	-8.23379792381e-05	0.755133682651	-0.65557038202
0.618527145362	-5.77103453065	-0.00157494475269	-0.000767046889656	-8.26409983103e-05	0.755133740275	-0.655570315914
0.618527160781	-5.77103451131	-0.00157494501042	-0.000766782345512	-8.2948906219e-05	0.755133811904	-0.655570233677
0.618527169011	-5.77103449831	-0.00157494478668	-0.000766753583451	-8.29808147962e-05	0.755133855295	-0.655570183726
0.618527175731	-5.77103448392	-0.00157494362499	-0.00076686600871	-8.28532403477e-05	0.755133901946	-0.655570129875
0.618527181925	-5.77103446527	-0.00157494642752	-0.000767151741534	-8.25237717466e-05	0.755133964799	-0.655570057183
0.618527184409	-5.77103445547	-0.00157494600548	-0.000767330018932	-8.23171661896e-05	0.755134008034	-0.655570007199
0.618527190914	-5.77103443691	-0.0015749466984	-0.000767621378627	-8.19835012271e-05	0.755134094212	-0.655569907634
0.618527197328	-5.77103442277	-0.00157494691071	-0.000767733551627	-8.18521210372e-05	0.755134166391	-0.655569824378
0.618527210338	-5.77103440283	-0.0015749470059	-0.000767679268185	-8.19148474795e-05	0.755134275362	-0.655569698913
0.618527217899	-5.77103439239	-0.00157494455778	-0.000767563103413	-8.20479620075e-05	0.755134329896	-0.655569636215
0.618527229642	-5.77103437869	-0.00157494675109	-0.000767352802343	-8.22876413197e-05	0.755134397324	-0.655569558763
0.618527247411	-5.77103435675	-0.00157494555168	-0.000767043252762	-8.26487862208e-05	0.755134491148	-0.655569451006
0.61852725389	-5.77103434864	-0.00157494600493	-0.000766970555118	-8.27288056496e-05	0.75513452135	-0.655569416293
0.618527263334	-5.77103433302	-0.00157494430703	-0.000766933097223	-8.2775383224e-05	0.755134578748	-0.655569350215
0.618527273506	-5.77103431207	-0.00157494371845	-0.000767075243764	-8.26090096527e-05	0.755134656017	-0.655569261065
0.618527278799	-5.7710342976	-0.0015749457853	-0.000767245403775	-8.24160530895e-05	0.755134703382	-0.655569206332
0.618527285047	-5.77103428109	-0.00157494438124	-0.000767461221506	-8.2166426171e-05	0.755134775706	-0.655569122802
0.618527291281	-5.77103426677	-0.00157494786203	-0.000767599065153	-8.20070164096e-05	0.755134842535	-0.655569045682
0.618527298992	-5.77103425236	-0.00157494605035	-0.000767655379353	-8.19400715493e-05	0.75513491501	-0.655568962142
0.618527307715	-5.77103423802	-0.00157494832806	-0.00076761865668	-8.19837545276e-05	0.755134983474	-0.655568883317
0.618527321348	-5.7710342197	-0.00157494652654	-0.000767459944898	-8.21660396728e-05	0.755135074984	-0.655568778072
0.618527326002	-5.77103421348	-0.00157494688145	-0.000767388811732	-8.22486706906e-05	0.755135105467	-0.655568743033
0.618527342797	-5.77103419081	-0.0015749460579	-0.000767161463898	-8.25120395814e-05	0.75513519758	-0.655568637162
0.618527351609	-5.77103417883	-0.00157494562668	-0.000767084846164	-8.25960013057e-05	0.755135250051	-0.655568576801
0.618527361306	-5.77103416191	-0.00157494591717	-0.000767082470931	-8.26028725359e-05	0.755135306892	-0.655568511329
0.618527370541	-5.77103414272	-0.00157494617557	-0.000767195553057	-8.24724340369e-05	0.755135377301	-0.655568430111
0.618527374709	-5.77103413405	-0.00157494732506	-0.000767272711789	-8.23780032628e-05	0.755135413849	-0.655568387933
0.618527382247	-5.77103411554	-0.00157494698128	-0.000767443911227	-8.21851934655e-05	0.755135484626	-0.65556830623
0.618527389566	-5.77103410043	-0.00157494704259	-0.000767556872708	-8.20540476446e-05	0.755135557212	-0.655568222504
0.61852740019	-5.77103408157	-0.0015749451545	-0.000767598018669	-8.20028345504e-05	0.755135648974	-0.655568116764
0.618527409361	-5.77103406613	-0.00157494785307	-0.000767555035297	-8.20596799035e-05	0.755135712741	-0.655568043356
0.61852741567	-5.77103405737	-0.00157494558545	-0.000767497204551	-8.21224555232e-05	0.75513575785	-0.655567991454
0.618527430934	-5.77103403638	-0.00157494619475	-0.000767328380283	-8.2314303669e-05	0.755135850854	-0.655567884499
0.618527438923	-5.7710340243	-0.00157494704092	-0.000767251651661	-8.24087321331e-05	0.755135896233	-0.655567832305
0.618527450115	-5.77103400712	-0.00157494705613	-0.000767185724832	-8.24822997702e-05	0.75513596175	-0.655567756906
0.618527458807	-5.77103399245	-0.00157494602821	-0.000767194648386	-8.24705928049e-05	0.755136020564	-0.65556768915
0.61852746706	-5.77103397557	-0.00157494602695	-0.000767273042986	-8.23805876186e-05	0.755136080546	-0.655567619977
0.618527472627	-5.77103396412	-0.00157494723781	-0.000767344922801	-8.22969101201e-05	0.755136124474	-0.655567569304
0.618527481277	-5.77103394538	-0.00157494583597	-0.000767474500981	-8.21480880254e-05	0.755136202688	-0.655567479078
0.618527488709	-5.77103393081	-0.00157494584423	-0.000767544316241	-8.20650495064e-05	0.755136268143	-0.65556740361
0.618527499382	-5.77103391219	-0.00157494713844	-0.000767567632015	-8.20366175781e-05	0.755136353453	-0.655567305319
0.618527503854	-5.77103390421	-0.00157494580198	-0.000767558812508	-8.20557573915e-05	0.755136383693	-0.655567270494
0.61852751917	-5.77103388081	-0.00157494692818	-0.000767451568749	-8.21746041715e-05	0.755136488449	-0.655567149938
0.618528168859	-5.77102835192	-0.00157495607229	-0.000770122298288	-8.48080586982e-05	0.7551393214	-0.65556388323
0.618553723488	-5.77085371023	-0.00158039475462	-0.000821295519821	-0.000170975674511	0.755738429637	-0.654873058089
0.618570804663	-5.7707441597	-0.00157896691142	-0.000781394697843	-0.000212426782364	0.756804872107	-0.653640367367
0.61858715198	-5.77064506577	-0.0015771947658	-0.000713409724817	-0.000228513250555	0.758236682607	-0.651978965901
0.618608495211	-5.7705201562	-0.00157303323617	-0.000632414177921	-0.000227015599603	0.760416328568	-0.649435567061
0.618632590778	-5.77038554406	-0.00156996690507	-0.000589198655967	-0.000223455377839	0.763284282158	-0.646062464103
0.618668179137	-5.77019802777	-0.0015668860348	-0.00062734576518	-0.000162454604842	0.768593067516	-0.639737662336
0.618674550376	-5.77016929278	-0.00156423616839	-0.00066646645317	-0.000100544289317	0.771201680031	-0.636590539068
0.618684440082	-5.77013578958	-0.00156039337818	-0.000748992039947	-3.47541470486e-05	0.776744538274	-0.629815338068
0.618689115639	-5.77012529552	-0.00156053147543	-0.000794194899767	5.76104461403e-06	0.780865653065	-0.62469848814
0.618693547621	-5.77012530238	-0.001558590086	-0.000821485600995	6.54834878261e-05	0.786687396319	-0.617351003357
0.618695836072	-5.77012767513	-0.0015562380004	-0.000800295556488	9.50209890808e-05	0.790536345024	-0.612414596245
0.618700243331	-5.77012699899	-0.00155661865298	-0.000749498213591	0.000143697056987	0.796367314392	-0.604812795972
0.618702193588	-5.77012962968	-0.00155389333569	-0.000717322594617	0.000164487146807	0.799707168049	-0.600389793187
0.618707238715	-5.77012960082	-0.00155225016857	-0.000666990553211	0.000169550314212	0.806316162438	-0.591484380663
0.618708214658	-5.77013992386	-0.00155123960772	-0.000642520336588	0.000159968790525	0.811510934251	-0.584336859327
0.61862961588	-5.77038141263	-0.00155156957915	-0.000506141240687	0.000241005726661	0.814621509343	-0.579992657067
0.617873177511	-5.77247283657	-0.00153619785515	0.000231089890223	0.000690201511441	0.822126261995	-0.569304733476
0.617529786776	-5.77337592076	-0.00153406904302	0.000366543139836	0.000745971448604	0.82417034871	-0.566341368329
0.616357755437	-5.77634408333	-0.00153509507705	0.000339848843607	0.000580899032216	0.829513821626	-0.558485780294
0.614847734569	-5.77996809666	-0.00154782057277	-0.000309438474347	-2.84041130833e-05	0.835050489133	-0.550173230937
0.613610483152	-5.78280359586	-0.00156976107739	-0.000841145299192	-0.000444443472847	0.839090482655	-0.543991044837
0.612019867713	-5.78629994914	-0.0015790347536	-0.00091390475382	-0.000441082965182	0.843484030643	-0.537153293087
0.609077195382	-5.79242047364	-0.00153605311652	-1.32611323905e-06	0.000366674386646	0.849594973124	-0.527435538422
0.606865559642	-5.79680143001	-0.00152247299628	0.000213136278931	0.00063628209902	0.853766384382	-0.520655846618
0.603906404946	-5.80242156476	-0.00153993092673	3.53795127248e-06	0.00054127723011	0.858545562975	-0.512736992328
0.601148363545	-5.80745584051	-0.0015441081441	-0.000320754431836	0.000271316264188	0.862340548147	-0.506328551956
0.597940815789	-5.81310743872	-0.00157333139345	-0.000797254549562	-0.000151186158554	0.866455398221	-0.499253827649
0.593264145199	-5.82099657792	-0.00157784283447	-0.000710605657498	-0.000273383656922	0.871638350417	-0.490148963463
0.59083383585	-5.8249542692	-0.00156023813456	-0.000509221270712	-0.000208633952092	0.874135784082	-0.485681303072
0.585344810058	-5.8335707474	-0.00155506840222	-0.000251263732436	-8.53927379615e-05	0.879546701468	-0.475812494068
0.582025700137	-5.83857961364	-0.00155048062176	-0.000205289921864	-2.73379681567e-05	0.882567461853	-0.470185742434
0.578768436979	-5.84336572729	-0.00155234685051	-0.000330162586166	-3.94429982757e-05	0.885434867952	-0.4647633635
0.573022624376	-5.85151530067	-0.00157048051793	-0.000703212759396	-0.000126420123869	0.890248091776	-0.455475383089
0.566575857863	-5.86025786412	-0.00156647608226	-0.000651832905202	-2.9225565555e-06	0.895091019605	-0.445882991072
0.562288064377	-5.86586355906	-0.00155961036778	-0.000585868225691	6.57459667763e-05	0.898154426507	-0.439679745476
0.555793412115	-5.87405864744	-0.00156262942735	-0.000585781019856	5.65462161168e-05	0.90261098904	-0.430456799375
0.549852628801	-5.88126909854	-0.00155895648746	-0.000429204752207	7.41999155705e-05	0.90631284946	-0.422607180702
0.545350189935	-5.88656981382	-0.00155176650597	-0.000400157327439	2.73798665039e-05	0.908990198698	-0.416817295462
0.538730856314	-5.89412160803	-0.00156429328161	-0.000527131514343	-0.000126651457963	0.912775830666	-0.408460510998
0.531316890195	-5.90226564677	-0.00156435889856	-0.000353080796883	-0.000120269701622	0.916591145636	-0.399825627756
0.524837833942	-5.90914271104	-0.00154045028241	-0.000119750846188	-4.08048933314e-05	0.919631184559	-0.392782978732
0.516906687171	-5.9172805018	-0.00155315494532	-0.000265278639049	-9.66068882121e-05	0.923206797191	-0.38430343469
0.513252266204	-5.92093207092	-0.001560887327	-0.000375723748066	-0.000130617954726	0.924767770593	-0.380531749324
0.499830725803	-5.9338546769	-0.00157573284416	-0.000783438299342	-0.000212272265587	0.930197021501	-0.367059725869
0.493062080113	-5.94009516987	-0.00157721989851	-0.00083093035684	-0.000179897355103	0.932786743362	-0.360427757809
0.487767469668	-5.94485421338	-0.00157407352136	-0.000658772613422	-7.65917652373e-05	0.934698115951	-0.3554419674
0.481308517116	-5.95052685216	-0.0015527116185	-0.000210386186508	0.000125825017329	0.936854584671	-0.349719068805
0.470535344789	-5.95969261467	-0.00151525086334	0.000453542640872	0.000370993900005	0.940122762224	-0.340835515478
0.456374106228	-5.97123851117	-0.00152634754844	0.000290288175475	0.000194286307093	0.943961910958	-0.330054220768
0.443837700153	-5.98103534011	-0.00156776651384	-0.000596226386348	-0.000278429120125	0.947088764304	-0.320971088293
0.432259476268	-5.98975176335	-0.00160207895743	-0.00115659233401	-0.000593502590587	0.949796778035	-0.312864811833
0.421011328217	-5.99793208356	-0.00159013865914	-0.000782145833772	-0.000513756749806	0.952211618127	-0.305437650932
0.409995666264	-6.00568992501	-0.00153977876982	-5.78426434239e-05	-0.000248622078065	0.954426598908	-0.298445643523
0.397776540386	-6.01401169424	-0.00152886078086	0.000227761061889	-7.16087180373e-05	0.956818351375	-0.290686403999
0.381222681545	-6.02483766803	-0.00154587049455	-0.000125503731453	-4.98349269496e-05	0.959843459268	-0.280536121499
0.3690846325	-6.03246938832	-0.00156862106386	-0.000650294958796	-0.000136491636641	0.961930483604	-0.2732934379
0.353442510481	-6.04193951924	-0.00159213289864	-0.00109385745111	-0.000232852449843	0.964481050562	-0.264149677951
0.342166122457	-6.04852104898	-0.00159494403964	-0.00131866054673	-0.000284991601562	0.966194758225	-0.25780975368
0.330695443532	-6.05501916732	-0.00161153675108	-0.00154818773586	-0.000299044929224	0.96777219768	-0.251822332378
0.316814463778	-6.06264601397	-0.00161257640212	-0.00164224677626	-0.000189040901831	0.969423100109	-0.245389731373
0.306363831241	-6.06823907942	-0.00160702186817	-0.00155064095784	-2.59602091739e-06	0.970466078962	-0.241232636867
0.296530008685	-6.07340484301	-0.00159779221281	-0.00143564708236	0.000214087567399	0.971259184889	-0.238019933731
0.286805487819	-6.07843821244	-0.00159579867249	-0.00134250181961	0.000407360148869	0.97184850228	-0.235602462555
0.277023038542	-6.08344308719	-0.00156723015777	-0.000557981699273	0.000621729488352	0.972511868182	-0.2328518163
0.270397886562	-6.08678946382	-0.00152649483489	-3.08115191838e-05	0.000647605056074	0.973096012914	-0.230399065339
0.257418035913	-6.09320239271	-0.00154214415834	-2.80865778187e-05	0.000251803347612	0.974582396977	-0.224029210837
0.250674103369	-6.09644566754	-0.00155570259445	-0.00018383414694	-2.86674391642e-05	0.975459249877	-0.220179965513
0.237562493814	-6.1025595778	-0.00155440223542	-0.000118403326379	-0.000409406279945	0.977235799481	-0.212155628208
0.227668583101	-6.10699445628	-0.00154846610566	-0.000129494098859	-0.000591643061308	0.978597894482	-0.205780937174
0.211711837166	-6.11381752923	-0.00156510600789	-0.000168430920958	-0.000599146825467	0.980660997528	-0.195713107842
0.199162319888	-6.11892260396	-0.00154231503271	8.22488078478e-05	-0.00035556586925	0.98209763708	-0.188372232695
0.18960165809	-6.12266726337	-0.00153600308139	6.89635963303e-05	-0.000153514224496	0.983130731299	-0.182904173961
0.170098370785	-6.12994002246	-0.00155930584556	-0.000226865390785	0.000210086751214	0.984961935411	-0.172771207634
0.156457580702	-6.13478376391	-0.00155442104754	-0.000430129533439	0.000416545838869	0.985962198181	-0.166967617326
0.137557922549	-6.14121330385	-0.00158004928587	-0.000805123857097	0.000491332379207	0.987186728287	-0.159566518612
0.126165942245	-6.14494630371	-0.00157765020213	-0.000769875073501	0.000462445605726	0.987805832983	-0.155688245418
0.113769943981	-6.14890197259	-0.0015704384077	-0.000688350281327	0.000388354934931	0.988385800412	-0.151963432768
0.0889177100082	-6.15653856279	-0.00156794483594	-0.000582452293675	7.91094249983e-05	0.989436946594	-0.144962695909
0.0802933737275	-6.15910165698	-0.0015696644025	-0.000571893450408	-2.76488769887e-05	0.989739425495	-0.142882965377
0.0601312175129	-6.16496139806	-0.00157181990021	-0.000607801979473	-0.000127682844293	0.990256792792	-0.139251924955
0.0428105546926	-6.16988554135	-0.00157377852887	-0.000655684950907	-5.3316435469e-05	0.990584317023	-0.136902440093
0.029802720027	-6.17352881101	-0.00157421288641	-0.000674219561917	8.49636640341e-05	0.990768673601	-0.135561696732
0.0158268888612	-6.17741062421	-0.00157372535417	-0.00068187755752	0.000309824439935	0.990861673071	-0.134879886899
-0.00247946370616	-6.18248319479	-0.00157171241596	-0.000696459192378	0.000628717907957	0.9908606249	-0.13488640288
-0.0169247145906	-6.186494582	-0.00157152883041	-0.000710307463102	0.000809180735259	0.990780019629	-0.135476172793
-0.0366474583361	-6.1920278596	-0.0015729183973	-0.000736466764638	0.000941638191622	0.99049289033	-0.137558733419
-0.0496219726561	-6.19572655396	-0.00157269012175	-0.000756107547424	0.000917019131991	0.990253703016	-0.139270208729
-0.066424899593	-6.20059399735	-0.00157338813073	-0.000748221537703	0.000763838551733	0.989882153246	-0.141887911397
-0.0841568695322	-6.20584648008	-0.0015736065362	-0.000723869514617	0.000555622004425	0.989422762583	-0.145057796
-0.100898905803	-6.21092068688	-0.00157140934709	-0.000689854035711	0.000350635703875	0.988978187143	-0.148059266888
-0.111407581748	-6.21415952855	-0.00157306435154	-0.000675870738578	0.000244292568837	0.988736983695	-0.149661820761
-0.124291186565	-6.21817832754	-0.00157160788351	-0.000663864536015	0.000160054779071	0.98845490033	-0.151513839896
-0.147158807482	-6.22543882736	-0.00157200341921	-0.000666634364778	0.000188998523495	0.987952573724	-0.154755393932
-0.161903567848	-6.23020381354	-0.00157199090728	-0.000687700258401	0.000299564110634	0.987678464998	-0.15649500666
-0.171885476869	-6.23345727922	-0.00157259694412	-0.00070715043924	0.000372538407418	0.98755622423	-0.157264316161
-0.190414010846	-6.23953545164	-0.0015729782698	-0.000725989143424	0.000495156211886	0.987365975218	-0.158453964109
-0.211779251326	-6.24659373517	-0.00157248632904	-0.000740026077797	0.000544789799156	0.987265812594	-0.159076619428
-0.221274131288	-6.24973631584	-0.00157155785548	-0.000729539413469	0.00051559827039	0.987248832853	-0.159182109423
-0.236462965727	-6.25476804857	-0.00157343840269	-0.000709918246003	0.000440069279193	0.987227278522	-0.159316047204
-0.254498781248	-6.26074463019	-0.00157177884917	-0.000693363891959	0.000300806939605	0.987278662573	-0.158997708129
-0.274926618492	-6.26747137287	-0.00157255112366	-0.000668653207208	9.40362991881e-05	0.987509720059	-0.157556646479
-0.287765139976	-6.27166159889	-0.00157342478768	-0.000653574839478	1.31173675106e-05	0.987674391158	-0.156521147834
-0.30632937923	-6.27765748237	-0.00157216148061	-0.000649039890813	-4.14693317269e-05	0.988019243439	-0.154329360853
-0.321585590402	-6.28250683967	-0.00157238883313	-0.000640724393141	-2.5393804828e-05	0.988349817423	-0.152197986938
-0.336382960298	-6.28713990658	-0.0015731138046	-0.000649338610688	5.9728286846e-05	0.988676052691	-0.150064111722
-0.355510733959	-6.2930143874	-0.00157233784075	-0.000677499868534	0.000172439856068	0.989191055079	-0.146630719191
-0.363654419328	-6.2954686307	-0.00157249904704	-0.000682465690529	0.000209835629326	0.989424412982	-0.145047651497
-0.387651091349	-6.30253496965	-0.00157343495784	-0.000693410293045	0.000284874357607	0.990112215167	-0.140275583782
-0.401603289621	-6.30652282412	-0.0015734369808	-0.000694375626152	0.000254250624853	0.99057614278	-0.136961157102
-0.412690120535	-6.30961567706	-0.00157326298216	-0.000681926009301	0.000188225629666	0.990967589648	-0.1340997234
-0.432979859531	-6.31509575171	-0.00157415195658	-0.000652072981526	5.19522015665e-05	0.991672851673	-0.128780927764
-0.442177263553	-6.31750234181	-0.00157286378076	-0.000642679500748	-9.07430055879e-06	0.992002883418	-0.126213573642
-0.463045912816	-6.32275715864	-0.00157330380992	-0.000629666442902	-0.000158224371783	0.992838115311	-0.11946570751
-0.478624665995	-6.32647601312	-0.00157475316782	-0.000620900035744	-0.000211430832393	0.993460691638	-0.114172781127
-0.498645798899	-6.33098757645	-0.00157354583483	-0.000632946023663	-0.000209373370759	0.994297055358	-0.106643899254
-0.517757430954	-6.33498528423	-0.00157504233071	-0.000631363188123	-0.000151674403183	0.995078956709	-0.0990830373504
-0.526105773231	-6.3366364681	-0.00157548390048	-0.000634825157393	-0.00010331226011	0.995403424827	-0.0957685134405
-0.546776819788	-6.3404759738	-0.00157348661769	-0.000647286616289	1.47157293304e-05	0.996176550026	-0.0873605287447
-0.563068062029	-6.34323564442	-0.00157512745453	-0.000661258228989	4.15322907359e-05	0.996801542438	-0.0799139912995
-0.581385056311	-6.3460329986	-0.0015755570898	-0.000657511276257	7.98977614438e-06	0.997461423047	-0.0712058786096
-0.600246567628	-6.34856662699	-0.00157380651082	-0.00064615169854	-8.11422845512e-05	0.998083580314	-0.0618768342022
-0.613674565105	-6.3501508265	-0.00157418411994	-0.000627022834821	-0.000155351636814	0.998474726731	-0.0552069088788
-0.620644191218	-6.3509014587	-0.00157466758446	-0.000619190560746	-0.000187409799323	0.998660208028	-0.0517433124289
-0.652561210418	-6.35371586475	-0.00157350157258	-0.000615931772077	-0.000248818034882	0.999355705613	-0.0358849881649
-0.661553057665	-6.35432435206	-0.00157423801476	-0.00062197716602	-0.00023406063234	0.999506109556	-0.0314180731331
-0.686558157655	-6.35559263781	-0.00157463826344	-0.000641725856702	-0.000134165641007	0.999819299746	-0.0189983694559
-0.697570240466	-6.35595371588	-0.00157474859001	-0.000645671566428	-7.80317704574e-05	0.999908321198	-0.0135250219146
-0.714094155104	-6.35626935603	-0.00157476482629	-0.00064439010304	-2.20307096044e-07	0.999985689883	-0.00531081825133
-0.727615302095	-6.35632598752	-0.00157456023396	-0.000639731589207	4.28936070767e-05	0.999998797751	0.00141187801483
-0.740578591461	-6.35620959017	-0.00157436893901	-0.000669893123569	5.92644398949e-05	0.999968570948	0.00789967391138
-0.761455692273	-6.35566827702	-0.00157807040337	-0.000701931288695	3.24286121113e-05	0.999830543153	0.0183954129886
-0.779304648374	-6.35485749441	-0.00157493462896	-0.000680817755768	-2.55242008545e-05	0.999624419662	0.0273962670984
-0.799300064257	-6.3535635192	-0.00158149966283	-0.000769894015234	-9.36768140335e-05	0.999290044585	0.0376670317469
-0.811466590549	-6.35257349341	-0.00157904511686	-0.000742476108795	-0.000123132275511	0.999034398334	0.0439284021129
-0.824096568637	-6.35138292787	-0.00157441996363	-0.000669148127448	-0.000134453125012	0.998726785981	0.0504414623734
-0.845088027122	-6.34903200412	-0.00157694695295	-0.000721796206342	-9.6699256881e-05	0.998109228635	0.0614608604923
-0.859311975389	-6.34717046454	-0.00157783338032	-0.000719398049604	-4.52955818633e-05	0.997618386497	0.0689712645755
-0.871608170086	-6.34538517703	-0.00157428479428	-0.00067569356688	5.29176782821e-06	0.997146943209	0.0754818988857
-0.891934905432	-6.34206922469	-0.00158089635609	-0.000794659161448	9.39013504167e-05	0.996250387473	0.0865131502127
-0.900653448611	-6.34050450136	-0.00158272190597	-0.000792580932315	0.000116562590902	0.995825393325	0.0912751019563
-0.918032031003	-6.33712823123	-0.00157398552444	-0.000672532224514	0.000125964311475	0.994906552007	0.100799229194
-0.93378957181	-6.33376516374	-0.00156863718804	-0.000645127533466	0.000107866649669	0.993979697112	0.109562465765
-0.954099397744	-6.32899739196	-0.00157886891364	-0.000739167081832	6.78305865359e-05	0.992645315249	0.121056710449
-0.961136777009	-6.32722895472	-0.00157567312055	-0.000727315426822	4.78107585112e-05	0.992150136091	0.125050294609
-0.978778761249	-6.32252696547	-0.00157823886614	-0.00079988672685	2.53557879034e-05	0.990809568475	0.135261814851
-0.992831566118	-6.31849954683	-0.00157641148984	-0.000740737840734	1.82015208515e-05	0.98965513737	0.143464839082
-1.00552091198	-6.31464422909	-0.00156971379845	-0.000627091730529	2.68331662381e-05	0.98854543894	0.150922235563
-1.02311608829	-6.30894470537	-0.00157658593399	-0.000757229902636	0.000106234794208	0.986852949116	0.161618910212
-1.0368741657	-6.30419050574	-0.00157713132659	-0.00075881097742	0.000158630525222	0.985432249191	0.170066696611
-1.04768209736	-6.300267784	-0.00157197228078	-0.000707283506935	0.000186400342813	0.984252305103	0.176767827687
-1.06043787436	-6.29542261754	-0.00157822262514	-0.000804431483642	0.00023594674551	0.982750978264	0.184931911635
-1.07573463235	-6.2892864702	-0.00157465228238	-0.000721760195768	0.000232098411844	0.980840821902	0.194809412715
-1.08777532552	-6.2842000295	-0.00156701117347	-0.00062427964887	0.000203873814428	0.979238269958	0.202711566914
-1.09535041691	-6.28088284831	-0.00156930651343	-0.000739139679045	0.000215926989909	0.978150942422	0.207894542706
-1.10284845773	-6.27750311065	-0.00158145356771	-0.000821148422942	0.000218225889073	0.977036559947	0.213070032194
-1.1226051065	-6.26813046923	-0.00157001649978	-0.000703376907236	0.000172238359863	0.97393121703	0.226842368373
-1.13536070486	-6.26170734243	-0.0015765836667	-0.000768214652807	0.000204151213488	0.97172131761	0.236129305827
-1.1449721023	-6.25666106355	-0.0015737358449	-0.000708900080963	0.000217261171259	0.969975645839	0.243200939015
-1.15513675308	-6.25112682949	-0.00156666449302	-0.000590230760166	0.000226582208918	0.9680509768	0.250752680154
-1.16703695407	-6.24437949913	-0.00157245517429	-0.000728469046262	0.000309457430251	0.965617784926	0.259964741847
-1.17749028161	-6.23819955786	-0.00157762398166	-0.000754111518531	0.000347537240397	0.963368296184	0.268180604147
-1.18686600418	-6.2324477193	-0.00156968462373	-0.000680828464487	0.000344857893729	0.961256787876	0.275653415195
-1.19320558219	-6.22844434392	-0.0015708688641	-0.000759139688768	0.000374509567702	0.959726950282	0.280933202652
-1.20677002891	-6.21954038552	-0.00157442861064	-0.000710585881831	0.000358847497992	0.956291687526	0.292413362664
-1.21455396951	-6.21421611554	-0.00156627050844	-0.000568329662154	0.000312283778367	0.954222302359	0.29909760474
-1.2235092317	-6.20788613347	-0.00156715202903	-0.000677097944124	0.000342332433333	0.951655359107	0.307166895724
-1.23170819433	-6.20188561936	-0.00157987662527	-0.000759590763776	0.000369408249431	0.949180719873	0.314730436376
-1.24051952781	-6.19520777806	-0.00157048904326	-0.00069629421756	0.000362644308798	0.946406397521	0.322977266064
-1.24737160419	-6.18984370571	-0.00157491587105	-0.000796601836953	0.000421463135751	0.944060837544	0.329770105999
-1.25522339099	-6.18349473389	-0.0015794426389	-0.000747808655566	0.000441260189226	0.941251917211	0.337704122596
-1.26465288871	-6.17557135642	-0.00156466898472	-0.000554166456957	0.000425114169787	0.937710654959	0.347416521993
-1.26900695074	-6.17179809221	-0.00156731183353	-0.000663573290851	0.000495680460647	0.935954927355	0.352118854837
-1.27808299986	-6.16367941294	-0.00158090233052	-0.000739285375732	0.000573422757906	0.932140503851	0.362095575401
-1.28166140896	-6.16038063662	-0.00157416574851	-0.000658115169492	0.000553145983807	0.930585150448	0.36607449881
-1.28851121878	-6.15390443645	-0.00156539714929	-0.000440383817516	0.000474273459903	0.927508721622	0.373800952971
-1.29597413082	-6.14659435399	-0.00155849267371	-0.00031687157003	0.000399918662613	0.924003088171	0.382384665891
-1.30401309405	-6.13840710837	-0.00156323692543	-0.000440618520187	0.000398229348957	0.920052648993	0.391794295963
-1.30899053674	-6.13316624412	-0.00157482239636	-0.000842603749187	0.000553291629194	0.91753302255	0.397658316167
-1.31209727952	-6.12982737832	-0.00159865028305	-0.00120430706678	0.000737915455306	0.915966651043	0.401251915013
-1.31778322435	-6.12358178828	-0.00162557588084	-0.00162429957347	0.00110499345078	0.913182446618	0.407546267102
-1.32156788141	-6.11932754091	-0.00161747387234	-0.00137903178632	0.00122790196425	0.911362912125	0.411599602685
-1.32420563626	-6.11631659509	-0.00159719642337	-0.000865508256519	0.00120330390821	0.91023804993	0.414082715668
-1.32814823392	-6.11176270915	-0.0015471659646	0.000184780259919	0.000962718816055	0.909063396264	0.416656669936
-1.33071279206	-6.10877775836	-0.0015367880968	0.000241243432995	0.000900084895441	0.908415746098	0.418066937092
-1.33178887761	-6.10752091059	-0.00155346115974	-0.000118185814012	0.00098999191996	0.908234261421	0.418460908962
-1.33406775064	-6.10485846931	-0.00161761585002	-0.00118393213716	0.00123511587061	0.908340303006	0.41822836672
-1.33579640086	-6.10284440023	-0.00160873733489	-0.0013531071067	0.00110790877258	0.909161620467	0.41643977897
-1.33631266542	-6.10224685374	-0.0016076403084	-0.00122317195101	0.000994609535408	0.909716705846	0.415226480016
-1.33737040502	-6.10103308233	-0.00156592011605	-0.000441194371426	0.000602872444641	0.911458340368	0.411391705878
-1.33818516133	-6.1001168499	-0.00153669778318	3.41583511143e-05	0.000451321492435	0.913930268037	0.405870989733
-1.33820596784	-6.10009203048	-0.00155865187472	-0.000321648553571	0.000674103705792	0.915543789774	0.402217616637
-1.33818936774	-6.10010170026	-0.00159550623021	-0.000803302772354	0.00103487884431	0.918980253998	0.394301377746
-1.33820740194	-6.10007670552	-0.00158766123293	-0.000680362213309	0.00104873460365	0.921771565629	0.387731373582
-1.33820053866	-6.10007998488	-0.00157451619368	-0.000372066566154	0.00091264766634	0.924295772894	0.381675716873
-1.33808255178	-6.10019329958	-0.00155155337921	5.89132273388e-05	0.000546518751838	0.928981692494	0.37012526644
-1.33805855102	-6.10021605286	-0.00155072554904	6.87969356918e-05	0.000506429472537	0.929637847977	0.368474165179
-1.33790855595	-6.10035300048	-0.00155213750934	-0.000165202939267	0.000386786360004	0.933789995001	0.357821279888
-1.33784395593	-6.10040689941	-0.00155682113109	-0.000418681596474	0.00039422243099	0.936497876039	0.35067277834
-1.33811984359	-6.10016989968	-0.00155747419499	-0.000317925472167	0.000334206380678	0.939709343705	0.341973882896
-1.33940192144	-6.09911596559	-0.00153569027556	0.000420496970927	0.000168060572088	0.943372281198	0.331735638731
-1.34071967694	-6.09807667566	-0.00154006799188	0.000400143569676	0.000377811449657	0.946587856768	0.322445540461
-1.34222906026	-6.09692974775	-0.00155092556404	0.000203896669929	0.000639689017879	0.949147254309	0.314831762789
-1.3433425744	-6.09610281038	-0.00155005373842	0.000185847439094	0.000740439267456	0.950525241282	0.310646395273
-1.34702724253	-6.09347478006	-0.00155670745072	-9.74187626896e-05	0.00097501192802	0.95462918535	0.297795497512
-1.34931227303	-6.09191385521	-0.00155861483648	-1.63676296199e-05	0.000910632360694	0.956616774758	0.291347759098
-1.35164548909	-6.09036626509	-0.00154695571058	4.61891266598e-05	0.000798006513985	0.958485579773	0.285139885703
-1.35580558504	-6.08771395575	-0.00155482836304	-0.000167931328917	0.000624407673055	0.961679186174	0.274176448285
-1.35949567975	-6.0854678816	-0.00156019322785	-0.00017356542738	0.000457017665884	0.964058917658	0.265688095883
-1.36124701825	-6.08442887038	-0.00155468122682	-6.05773249095e-05	0.000375338585373	0.965016489475	0.262188921376
-1.36635554716	-6.08149719434	-0.0015456064397	-3.80544060611e-05	0.000326827838218	0.967682759699	0.252170514368
-1.37261859251	-6.07808080359	-0.0015556231766	-2.43032774994e-05	0.000446063770242	0.970429014626	0.241386263089
-1.37804604212	-6.07525531164	-0.00155065198779	-0.000102207957607	0.000647428293076	0.972512221602	0.232850916308
-1.38357734701	-6.07249709673	-0.00156854581626	-0.000374154443617	0.000894378306852	0.974521113172	0.224293691572
-1.38805045257	-6.07035332973	-0.00157636698893	-0.000548613029879	0.00103454710534	0.976062291337	0.217488004649
-1.39460032373	-6.06735262075	-0.00157799031737	-0.000575142909128	0.00106536181541	0.978203474464	0.20764512217
-1.39865350412	-6.06557621388	-0.00157197600296	-0.000483688514115	0.000983917114848	0.97947208111	0.201576884285
-1.40541334577	-6.06274736142	-0.0015635838812	-0.000332649655071	0.000763084707117	0.981501342875	0.191453443376
-1.40906671554	-6.06128466694	-0.00156081069705	-0.000368939541509	0.00064813831306	0.982561375033	0.185937054118
-1.4149437766	-6.05903424732	-0.00158729580001	-0.00110343836288	0.000550248435766	0.984276390122	0.176630879235
-1.41900657058	-6.05755643197	-0.00161898387205	-0.00149666799351	0.000454917092791	0.985416318861	0.170153552878
-1.42480196842	-6.05554339662	-0.00156576955522	-0.000428537028772	0.000237126428082	0.986850519783	0.161634809774
-1.43088716222	-6.05355146715	-0.00150920495496	0.00087442932246	0.000173187961879	0.988164825695	0.153393228789
-1.43676452628	-6.05172568061	-0.0014941666493	0.00135820363894	0.000310682116721	0.989209223021	0.146503146208
-1.44403197162	-6.04958034373	-0.00151227071054	0.000949809383225	0.000673912483373	0.990268602619	0.139164429262
-1.45501864527	-6.04653209611	-0.00155549358437	-2.65684441848e-06	0.00116214820042	0.991527601953	0.129890969547
-1.46580789024	-6.04374168298	-0.00157843631686	-0.000375464034213	0.00137570932271	0.992539505901	0.121915116689
-1.47922382038	-6.04051791455	-0.0015598136371	-0.000257417438855	0.00130217910209	0.993616929678	0.112799091853
-1.48260323664	-6.03974777167	-0.00155939067687	-0.000260375522134	0.00125006794099	0.993872983223	0.110520870221
-1.49970264697	-6.03609166167	-0.0015574870576	-2.8602209268e-05	0.000837887553544	0.994994688669	0.0999243045829
-1.50944598583	-6.03416979828	-0.00153758382243	0.00026468855468	0.000588631108291	0.995524655807	0.0944999636701
-1.5273501107	-6.03091487416	-0.00153576108826	0.000150916495911	0.000360024821682	0.996383179332	0.084972981292
-1.53933569101	-6.02892492512	-0.00156282466151	-0.000165427088858	0.000367516837187	0.996850381839	0.0793041852135
-1.55166405849	-6.02700980586	-0.00156207269154	-0.000234496864671	0.000431515855855	0.997223974378	0.0744587384524
-1.57145816489	-6.02417550629	-0.00156318888175	-0.00036324170358	0.000665760973097	0.997732654151	0.0672976645872
-1.58016150597	-6.02301857495	-0.001573063977	-0.000392401698051	0.000788745021885	0.997921123798	0.0644410938829
-1.6065340663	-6.01978585659	-0.00157625012629	-0.000589202912472	0.00100654949297	0.998334315542	0.0576821819057
-1.61977495543	-6.01828573822	-0.00158219903619	-0.000681761901277	0.000995827574177	0.99848897457	0.0549391589923
-1.63068304099	-6.01710374768	-0.0015812394132	-0.000646302721272	0.000930724860011	0.998597900674	0.0529239909011
-1.65405018423	-6.01469814545	-0.00157145283568	-0.000545727053947	0.000614983665925	0.998745431891	0.0500688151771
-1.66597804234	-6.01351241688	-0.00157198510132	-0.000539860162252	0.000416186061061	0.998793821022	0.0490962160395
-1.68138904413	-6.01201008213	-0.00157432715414	-0.000590835296879	0.000203582182571	0.998831688452	0.0483204678284
-1.70179480734	-6.01003509375	-0.00157618361077	-0.000682529185949	9.28855597309e-06	0.998826384856	0.0484291955626
-1.72470549125	-6.00779597159	-0.00157872465656	-0.000685917367819	4.15366488562e-05	0.998794876202	0.0490746682584
-1.73317117565	-6.00695838312	-0.00157686437258	-0.000670939557654	0.000105620487876	0.998768134971	0.049616038242
-1.74909963122	-6.0053521734	-0.00157377442872	-0.000619261168277	0.00026047836885	0.998707381748	0.0508243475951
-1.76899204205	-6.00328893589	-0.00157454103714	-0.000575109312423	0.000502102004464	0.998624922209	0.0524183354009
-1.78986797962	-6.00106132701	-0.00157394737689	-0.000574088523898	0.000697431476941	0.998556590237	0.0537021424711
-1.80378516391	-5.99954927511	-0.00157609880018	-0.000593318883945	0.000755999238001	0.998515132314	0.0544665675206
-1.81969270778	-5.99779574412	-0.00157630827583	-0.000614346287906	0.000723464235206	0.998467786907	0.055327910556
-1.83609740771	-5.99595925547	-0.00157663897139	-0.000622455454335	0.000599982485421	0.998418120284	0.0562184103102
-1.85150394434	-5.99420811527	-0.00157529219881	-0.000618072391015	0.00044012603574	0.998371154275	0.0570478973146
-1.863924195	-5.99277747612	-0.00157479227981	-0.000611470405359	0.00031006946509	0.998332981473	0.0577129800292
-1.88676624085	-5.99011035857	-0.00157325561683	-0.000596215178212	0.000183429851453	0.998304447144	0.0582051689648
-1.89768655995	-5.98883540598	-0.00157370662762	-0.000588180690214	0.000220883932902	0.998331669482	0.0577363227297
-1.91754231056	-5.98656257582	-0.00157339699319	-0.00057912084609	0.000446141423806	0.998446830744	0.0557080941512
-1.9324417829	-5.98491989387	-0.00157502927633	-0.000584482566505	0.000678039158813	0.998556606464	0.0537019769665
-1.94685264076	-5.98339605474	-0.00157527775244	-0.000577959151188	0.000904041941765	0.998693759973	0.0510844639966
-1.9707204524	-5.9810775827	-0.00157536172541	-0.000557209272927	0.0012105097646	0.998986913938	0.0449818848401
-1.98913337086	-5.97951755129	-0.00157496504554	-0.000547259267406	0.00129267690726	0.999236179295	0.0390523684546
-2.00058722009	-5.97866266893	-0.0015759184049	-0.000559274142356	0.00125816329203	0.999379024979	0.0352089288192
-2.0185303424	-5.97750326037	-0.00157545489112	-0.000593450922648	0.0010745417946	0.999574041387	0.0291586858646
-2.03848648596	-5.97647678104	-0.0015757907786	-0.000618369341062	0.000803061938507	0.999760967346	0.0218398919973
-2.05196263852	-5.97596065915	-0.00157521444484	-0.000615535053268	0.000681389245533	0.999870965486	0.0160377430711
-2.06543989886	-5.97560950318	-0.00157359778593	-0.000604550068553	0.000647810365293	0.999953839119	0.00956736597782
-2.07891776801	-5.97543668029	-0.00157356641463	-0.000602099456738	0.000693969708581	0.99999545944	0.00287001424392
-2.10437696697	-5.97560398388	-0.00157454929826	-0.000620697802237	0.000916190054511	0.999950850665	-0.00985249123673
-2.1158572669	-5.97589142857	-0.00157502097235	-0.000634420796012	0.00103683383305	0.999877786907	-0.0155863317017
-2.13132589564	-5.97648754071	-0.0015752283867	-0.000648279134509	0.00117047379567	0.999727453419	-0.023307265102
-2.15276373386	-5.97771076113	-0.00157526296903	-0.000655961262994	0.00124411386588	0.999420991558	-0.0339956398545
-2.16371976617	-5.97851451078	-0.00157480245731	-0.000658197677461	0.00122121947808	0.999220148034	-0.03946100813
-2.18411074633	-5.98033302615	-0.00157432811959	-0.00066469729797	0.00108484656844	0.998766288634	-0.0496415347593
-2.19999793888	-5.98204162953	-0.0015741803875	-0.000672233292149	0.000934444411398	0.998339825691	-0.0575870415643
-2.21139992553	-5.9834259612	-0.00157408706031	-0.000677289033499	0.000829532937375	0.99799403003	-0.063299045637
-2.22575356491	-5.98535714913	-0.00157392212148	-0.000681218819083	0.000727466057703	0.997512274891	-0.0704859431021
-2.25191010025	-5.98941527947	-0.00157333998006	-0.00068277361712	0.000676118238912	0.996511282424	-0.0834526254044
-2.26912040375	-5.99246545368	-0.00157300950809	-0.000685766551366	0.000745545728285	0.995766668144	-0.0919114601113
-2.2818715622	-5.99491581556	-0.00157342544351	-0.000700574636445	0.000809486556597	0.995212562607	-0.0977282413428
-2.29801613432	-5.99823434939	-0.0015727735102	-0.000711927854432	0.00087426609221	0.994489385359	-0.104831251193
-2.31216345367	-6.00133996561	-0.00157409285251	-0.000721785041255	0.00092374880005	0.993817261906	-0.111021960223
-2.33015623871	-6.00555645754	-0.00157264945535	-0.000734081740168	0.000936299018877	0.992937293969	-0.118634374083
-2.34663743834	-6.00966352929	-0.00157295935604	-0.000738391385679	0.000858764744926	0.992158848912	-0.124978141393
-2.35920577567	-6.01294453288	-0.00157355791089	-0.000731874902208	0.000777354689608	0.991547363098	-0.129740844814
-2.38136171432	-6.01904458655	-0.00157171050062	-0.000717970790038	0.000640269735951	0.990409579607	-0.138159108261
-2.3967112557	-6.02350901914	-0.00157187311526	-0.000707092306376	0.00058030822365	0.989575262347	-0.144013761199
-2.40627680105	-6.02639097555	-0.00157187496184	-0.000705845986683	0.000568998881576	0.989036388279	-0.147669227267
-2.4282803021	-6.03331540684	-0.001574666473	-0.000968849819723	0.00056329742849	0.987771732732	-0.155903008443
-2.44010754855	-6.03719753194	-0.00160075063835	-0.00145250429347	0.000492212203419	0.987143925952	-0.159826522875
-2.45291968909	-6.0415117858	-0.00162592531523	-0.0019058264345	0.000376119920682	0.986547864963	-0.163461116161
-2.46977824676	-6.04733390085	-0.00162223553766	-0.00182048955402	0.00025450367444	0.98589075722	-0.167379914786
-2.47688178768	-6.04982901338	-0.00160822414893	-0.00156962583822	0.00021303594898	0.985663020215	-0.168718408809
-2.48865523562	-6.05400526353	-0.00158968732791	-0.00119102882958	0.000108443049425	0.985409631768	-0.170195262298
-2.49908513578	-6.05772460271	-0.00159172013072	-0.00119914798259	-5.97492661212e-05	0.985409095026	-0.170198336992
-2.50584368429	-6.06012711251	-0.00160280193023	-0.00138353283529	-0.000186757191734	0.985568031349	-0.169274057495
-2.51702862992	-6.06405067604	-0.00161665858451	-0.00160659629146	-0.000279128743726	0.986156998645	-0.165806257297
-2.52304214667	-6.06611329051	-0.00161101201373	-0.00154653119755	-0.000200496352588	0.986671252422	-0.162718799425
-2.52759342715	-6.06764087726	-0.00160719973823	-0.00151028551109	-6.96332227821e-05	0.987187073975	-0.159560004907
-2.53311958719	-6.06944157204	-0.00160983921731	-0.00156611770672	0.000180622041268	0.988099077275	-0.153810689291
-2.53526935426	-6.07011925908	-0.00160972908332	-0.00157085607018	0.000306913351453	0.988640857071	-0.15028870199
-2.53729012849	-6.07073809344	-0.00160458988856	-0.00152133780833	0.000419469147211	0.98942375881	-0.145045286303
-2.5385568893	-6.07111080975	-0.0015987534065	-0.00144880925657	0.000452833593916	0.990441394664	-0.137925848299
-2.53884419879	-6.07119167883	-0.00159369101494	-0.00132650242128	0.000410704377556	0.991472467727	-0.130308930827
-2.53890960027	-6.07120920588	-0.00157067381651	-0.000870755462656	0.0003853176578	0.992477917216	-0.122420084762
-2.5388986786	-6.07120562634	-0.001554716044	-0.000521013354951	0.000387207819482	0.993109749961	-0.117186190088
-2.53878041262	-6.07117652402	-0.00154334400628	-0.000145517282587	0.000372644845001	0.994269016612	-0.106906326129
-2.53866464444	-6.071151026	-0.0015476184557	-0.000259020060409	0.000331265512477	0.995154016083	-0.0983275518139
-2.53863750894	-6.07114509931	-0.00155672247863	-0.0006468195814	0.000328188015647	0.996320854984	-0.0856984704737
-2.53916057395	-6.071230071	-0.00155661084586	-0.000427205557241	0.000405828736881	0.996884462051	-0.0788734563762
-2.53993453116	-6.07134755147	-0.00154604964899	-5.07120923192e-05	0.000486772555168	0.997272898386	-0.0738005868882
-2.54171187334	-6.07158949584	-0.00153731651311	0.00020090260382	0.000565104452532	0.998006656064	-0.0631059010514
-2.54265679476	-6.07170329052	-0.0015444673049	-6.03454522843e-06	0.000541046893094	0.998331737778	-0.0577360249523
-2.54506507099	-6.07195992577	-0.00155084712539	-0.000140783018366	0.000465164420517	0.998813115094	-0.048704465068
-2.54834730342	-6.07225023691	-0.00154567381768	-0.000245144597971	0.000352633181263	0.999244016883	-0.0388742881286
-2.55135650249	-6.07246065279	-0.00155644731638	-0.000510593937598	0.000255219837833	0.999546825427	-0.0300968093977
-2.55488414455	-6.07264075243	-0.00156188329519	-0.000707937372531	0.000215362822884	0.999798840765	-0.0200432145396
-2.55670841122	-6.0727059969	-0.00156214461097	-0.00070763171939	0.000235584531569	0.999888854192	-0.0148903666969
-2.56204496133	-6.0727948641	-0.00154797205193	-2.56737438424e-05	0.000370020923928	0.999997160493	-0.0023540243723
-2.56456703446	-6.07279297166	-0.00153178255691	0.000256724068338	0.000422235739836	0.999996027308	0.00277509950915
-2.57062691462	-6.07268581261	-0.00154533355531	-0.000117735955419	0.000450920898797	0.99988596452	0.0150943951655
-2.57445894833	-6.07254637701	-0.0015613286219	-0.00043730900634	0.0004136271059	0.999758026928	0.0219892079672
-2.58150810487	-6.0721651273	-0.00154933116369	-0.000267013777206	0.000307642539551	0.999473275671	0.0324500428144
-2.58711114343	-6.07176029383	-0.00154669618744	-0.00021768095878	0.000217573524732	0.999184561497	0.0403747116769
-2.59464056009	-6.07107963318	-0.00154561278996	-0.000123946352491	0.000111774405479	0.998740195584	0.0501796160573
-2.59969405499	-6.07054086286	-0.00154746603319	-0.000277520129397	7.56122462374e-05	0.998394702501	0.056638637728
-2.60294276107	-6.07015985683	-0.00155826116126	-0.000441960936244	7.05761750366e-05	0.998151961922	0.060765620215
-2.61322404407	-6.068771232	-0.00158242120731	-0.00120457196879	0.000174260720497	0.997227170046	0.0744075934427
-2.61745897782	-6.06811239321	-0.00160732114208	-0.00164938057954	0.000303116521358	0.996706529557	0.0810757769186
-2.62195431116	-6.0673450564	-0.00161548204992	-0.00187985237873	0.00050618942389	0.995984589047	0.0895036776255
-2.62788131569	-6.06620672119	-0.00157564949892	-0.000691293945169	0.00070940025044	0.994877362872	0.101084379158
-2.63077059184	-6.06559829496	-0.00153000472324	8.19726965494e-05	0.000741278487613	0.994298583202	0.106629129361
-2.63600251786	-6.06440737563	-0.00152578014117	0.000442946581049	0.000702175024729	0.993101391214	0.117255863467
-2.63904016234	-6.0636607641	-0.00154977056085	-0.000444419781006	0.000646029350328	0.992210692125	0.124568565737
-2.64147449371	-6.06302993984	-0.00160337750028	-0.001658906871	0.000584523832776	0.991272362969	0.131818089705
-2.64381684793	-6.06238752081	-0.00163386885302	-0.00243723158157	0.000504358997516	0.989955661546	0.141356265148
-2.64479378432	-6.06210352612	-0.00161458048455	-0.00204279939223	0.00048878554934	0.989045531565	0.147595814816
-2.64526447242	-6.061964662	-0.00156110102852	-0.000654322586087	0.000558220230462	0.987512742235	0.157536802608
-2.64525697534	-6.06196950316	-0.00153516966785	0.000287238116721	0.000631216982703	0.986257433013	0.165214390674
-2.64572890357	-6.06180304749	-0.00153220708487	0.000899696957718	0.000684580657858	0.984807072504	0.173648356863
-2.6462801345	-6.06160069355	-0.0015281683923	0.000994882471903	0.000675259144763	0.984098528429	0.177619369941
-2.64971732566	-6.0602660693	-0.00153756530207	0.000540968897261	0.000466744489294	0.98168271435	0.190521751643
-2.65278212283	-6.05900870481	-0.00154437146556	0.000152776872438	0.000255785846122	0.980262115194	0.197702040326
-2.65564479884	-6.05779116555	-0.00154781866266	-1.90863641671e-05	7.10130648824e-05	0.979150822347	0.203134590087
-2.66320058712	-6.05441397064	-0.00154292200996	6.84207170116e-05	-0.000269884482212	0.976676178661	0.214717406181
-2.66877698398	-6.05179143195	-0.00153514390536	0.000262883650575	-0.000364813595435	0.975077636107	0.221863474611
-2.67526215653	-6.04862048961	-0.00153010713563	0.000386520980549	-0.00033305772764	0.973366167912	0.229255409618
-2.68544830715	-6.04339825168	-0.00154282270344	-9.89573977011e-05	9.28694204773e-06	0.97075651489	0.240066196953
-2.69238019075	-6.03968662469	-0.00157572607545	-0.000619851020867	0.00032743903554	0.968974355107	0.247160287491
-2.70188664152	-6.03439107365	-0.00157193436888	-0.00047406483855	0.000504182386562	0.966688196992	0.255955954922
-2.70987746165	-6.02976891523	-0.00154571982454	4.98108160011e-05	0.000470261763402	0.964852549812	0.262791425838
-2.71888784801	-6.02438080105	-0.0015280943191	0.000529619911036	0.000350815567075	0.962842673446	0.27006218288
-2.72773560911	-6.01890978959	-0.0015185439687	0.000638889302529	0.000217358224985	0.960917081264	0.276835524293
-2.74302390997	-6.00905502472	-0.00156164425136	-0.000428358928248	0.000168358207056	0.957513906301	0.288386732366
-2.75344562548	-6.00204383971	-0.00158462705719	-0.00082844527914	3.90056560144e-05	0.955248865995	0.295802157147
-2.7616209514	-5.99638144308	-0.00156933069265	-0.000637815721918	-0.000155261331665	0.953532136375	0.301290613836
-2.779680913	-5.9833717863	-0.00153627867402	-0.000138665926353	-0.000386475617772	0.949686933656	0.313200509978
-2.78787013515	-5.97724083426	-0.00154592902632	-0.000252754692214	-0.000284738987458	0.947867819845	0.318663539083
-2.79989728242	-5.96796587596	-0.00156539122369	-0.000636085350576	2.05894959124e-05	0.945122079661	0.326716772615
-2.80939826708	-5.96040645709	-0.00158016599592	-0.000874323367241	0.000277413008602	0.942896192157	0.333085468635
-2.8220279457	-5.95003469019	-0.00157721684506	-0.000573899495707	0.000385146977134	0.939953589805	0.341301584106
-2.83403561045	-5.93982929015	-0.00153563234297	0.000134092744497	0.000252874533603	0.9371917149	0.348814574804
-2.84815197182	-5.92740046681	-0.00153018096939	0.00024071066058	0.000206353239735	0.93382506707	0.357729847214
-2.8587939359	-5.91771009471	-0.00155245553705	-0.00024248657	0.000265277431798	0.931208526527	0.364486695165
-2.87264523779	-5.90467159141	-0.00158452163245	-0.000959583380055	0.000294760392381	0.927718704677	0.373278712637
-2.88669240539	-5.89093466957	-0.00158976932632	-0.00116208164467	0.000139261160567	0.924065385552	0.382232643029
-2.89500067751	-5.88254957392	-0.00158042295965	-0.00115104872927	4.96968396499e-05	0.921725337635	0.387841558602
-2.90834058642	-5.86863261555	-0.0015906589675	-0.0011334509437	5.09689358709e-05	0.917605090564	0.397491648292
-2.92098391875	-5.85487579202	-0.00156512801598	-0.000655098651015	4.44362300523e-05	0.913491421521	0.406857458674
-2.92933516837	-5.84547738138	-0.00154799010083	-7.50942107225e-05	-1.09837434913e-05	0.910944217149	0.412529547405
-2.94096074361	-5.832018172	-0.00151792718436	0.000393311058119	9.85511332873e-05	0.907802560418	0.419397600007
-2.95083423186	-5.82028453424	-0.00154313985934	0.000105814348229	0.000461599668899	0.905477929424	0.424393090253
-2.95907843026	-5.81029506921	-0.00156877212157	-0.000373463881227	0.000787963992194	0.903657883938	0.42825421006
-2.97171920737	-5.79466625332	-0.0015961603466	-0.000847864215442	0.00102109534053	0.901310363592	0.433171867707
-2.98206571434	-5.78164310425	-0.00158732298448	-0.000743318678303	0.00089986801209	0.899801492498	0.436297962193
-2.99105626563	-5.77018673654	-0.00156699331261	-0.000435947197422	0.000643377204927	0.898733442913	0.438494691651
-2.99964296395	-5.75914754299	-0.00155265841691	-0.000175551490756	0.000420927530716	0.897902420338	0.440194315675
-3.01179650146	-5.74338043657	-0.00154851131032	-0.000166879951115	0.000300832938484	0.896767742489	0.442501409807
-3.02268371456	-5.72911722653	-0.00156265719479	-0.000427448977022	0.000383352081131	0.895907364683	0.444240547717
-3.03266323272	-5.71596652974	-0.00157440811452	-0.000601899695283	0.000560765271572	0.895579845435	0.444900060362
-3.04477979479	-5.69998792488	-0.00157483319534	-0.000524494146571	0.000774549328363	0.895790987124	0.444474557614
-3.05175450141	-5.69081558646	-0.00157038894612	-0.00036624494918	0.000869611780874	0.896142980428	0.443764428801
-3.0614698909	-5.67810249297	-0.00156315621542	-0.000128174991924	0.000979769421951	0.89684101534	0.44235191514
-3.07456680722	-5.66110480935	-0.00155918520949	-1.5125645422e-05	0.00106395407945	0.897831686947	0.440337517918
-3.0834444959	-5.6496754355	-0.00156327123545	-9.1240179899e-05	0.00106227948788	0.898566716332	0.438835640688
-3.09547153014	-5.63434500484	-0.00156825748612	-0.000240233460466	0.00100895506756	0.900046704323	0.435792214632
-3.10169070626	-5.62651287559	-0.00156895294354	-0.000290578617666	0.000969081174446	0.901065201147	0.433682464168
-3.11552067043	-5.60940084143	-0.00156695808785	-0.00028696251144	0.000894886030986	0.903902246197	0.427738057871
-3.12540184059	-5.59747334605	-0.00156484145094	-0.000236833868636	0.000890694969955	0.906133486068	0.422990846234
-3.13832930245	-5.58224733899	-0.00156321620929	-0.000199452025015	0.000929731163631	0.909004254356	0.416785749975
-3.14915010914	-5.5698197738	-0.00156524582745	-0.000202090918159	0.00099448872948	0.911338246828	0.411657102478
-3.16011527807	-5.55750948298	-0.00156633913314	-0.000219973923883	0.00105454163164	0.913644933428	0.406511715913
-3.16716778637	-5.54973738179	-0.00156720047775	-0.000228308416882	0.0010767325097	0.915097232196	0.403231749927
-3.1804111543	-5.53543200654	-0.00156771935671	-0.000247718521656	0.00106187597549	0.917541835304	0.397637764204
-3.18967504288	-5.52561477067	-0.00156648284984	-0.000283571271391	0.000980703575133	0.918894800554	0.394501335008
-3.20108150392	-5.51369680016	-0.00156601577223	-0.000330554336302	0.000836855582596	0.92036924698	0.391049408158
-3.21117494774	-5.50329536312	-0.00156566390514	-0.000367429342476	0.000726296080076	0.921572303476	0.388205907934
-3.22589465221	-5.48832885242	-0.00156413545451	-0.000435762107038	0.000588290386659	0.922935828395	0.384953140901
-3.24212980376	-5.47204627988	-0.00156632092607	-0.00045154067217	0.000559660230796	0.924282295505	0.381708948163
-3.24815795054	-5.46605634337	-0.00156543345568	-0.000447798325104	0.000582633887909	0.924692577723	0.380713930292
-3.26025075611	-5.45410914157	-0.00156461083914	-0.000426713188768	0.000640581283176	0.925394966047	0.37900338308
-3.27417264474	-5.440458738	-0.00156644459065	-0.00037237173869	0.000746825910617	0.926155429071	0.377141120528
-3.28240712857	-5.43243469487	-0.00156503691367	-0.00034857495668	0.00080474206781	0.926519185249	0.376246501978
-3.3003491226	-5.41502594879	-0.00156554156485	-0.000354386193849	0.000811893987766	0.926918835601	0.375260825889
-3.30969178457	-5.40598605609	-0.00156677396707	-0.000368927953541	0.000775903489027	0.92707335279	0.374878994361
-3.32335584916	-5.39278095972	-0.00156517534157	-0.000422769156105	0.000667422215391	0.927053424689	0.374928424617
-3.3352169106	-5.38130459728	-0.00156546934331	-0.000466302973911	0.000538998617319	0.926918010305	0.375263233231
-3.34311829108	-5.37364968041	-0.00156644939223	-0.000485768053608	0.000476025121082	0.926818895312	0.375508019517
-3.35998214217	-5.35728126039	-0.00156420259969	-0.000508090383103	0.000412978176777	0.92649658896	0.376302593586
-3.37394350579	-5.34366089022	-0.00156503384005	-0.000517415077789	0.000411420534373	0.925908217375	0.377747979495
-3.38108600502	-5.33665746764	-0.00156599103496	-0.000508108243572	0.000435721441595	0.925580720827	0.378549707709
-3.39568621968	-5.32225579454	-0.00156546431535	-0.000486762428182	0.000508476338589	0.924691023821	0.380717762888
-3.40207343321	-5.31590831839	-0.00156439915244	-0.000475425787387	0.000528864906735	0.92423622192	0.381820508045
-3.41761986264	-5.30032903213	-0.00156642464497	-0.000441831800676	0.000575576028829	0.923092249309	0.384577915074
-3.43026731287	-5.28751266048	-0.00156466178095	-0.000440480700961	0.000580637460629	0.922002199836	0.387183951547
-3.44387642519	-5.27353072466	-0.00156573412085	-0.000485341765814	0.000499245418028	0.920424179597	0.39092050958
-3.45461058409	-5.26233432869	-0.00156668685285	-0.00051843579516	0.000415310360366	0.919082769868	0.394063980685
-3.46149415348	-5.25507089868	-0.00156613149859	-0.000542755977287	0.000361447049811	0.918107369264	0.396331216629
-3.4768417701	-5.23859197684	-0.00156486918097	-0.000591367284422	0.000229605980193	0.915631363566	0.402018412042
-3.48628420165	-5.22824231143	-0.00156667404613	-0.000595254593899	0.000198578476502	0.914037914767	0.405628273924
-3.49962760206	-5.21332714201	-0.00156459953693	-0.000587950630077	0.000223508983884	0.911583975959	0.411113438277
-3.51016600544	-5.20126900014	-0.00156572102044	-0.000584159077311	0.000257485269537	0.909334283536	0.416065803986
-3.51992480061	-5.18985802513	-0.00156743115905	-0.000564216030066	0.000309314982613	0.907146309257	0.420814875671
-3.52924205027	-5.17872717524	-0.001566950245	-0.000554382819906	0.000352332598561	0.904798821427	0.425838773794
-3.53906051258	-5.16670731236	-0.00156587302705	-0.000554167763839	0.000348498950049	0.902072972858	0.431583043093
-3.55211290409	-5.15022539807	-0.00156778464108	-0.000548503454278	0.000321942256504	0.898270075052	0.439443361268
-3.55822557272	-5.14229849074	-0.00156585757802	-0.000552634082137	0.000302726052086	0.896401466995	0.443242611806
-3.56756339451	-5.12990591879	-0.00156632388887	-0.000581490960294	0.000250786450894	0.893279242618	0.449501717106
-3.5828278245	-5.10882216085	-0.00156797564719	-0.000624022850452	0.000174493930768	0.887816119545	0.460197911797
-3.58742180775	-5.10226078583	-0.00156757253967	-0.00063603526721	0.000162128087858	0.886036084404	0.463615817577
-3.59757049421	-5.0873645714	-0.00156698907877	-0.000654141571537	0.000137863422373	0.88188814015	0.471458228643
-3.60609486456	-5.07439377692	-0.00156905782513	-0.000644707473849	0.000148211327691	0.878235715946	0.478227550046
-3.61889611923	-5.05405697498	-0.00156744459324	-0.000608240443671	0.00021240722614	0.872468278732	0.488670326021
-3.62690329161	-5.04076243758	-0.00156865777005	-0.000579853341362	0.000264973135312	0.868666040364	0.495397722924
-3.63320537715	-5.02996110579	-0.00156911433087	-0.000566918422751	0.000309594132256	0.865560565648	0.500803843785
-3.6455501933	-5.00785110013	-0.00157479224029	-0.000618880632647	0.000395643495276	0.859122702858	0.511769129479
-3.64837244796	-5.0026045145	-0.00157417426477	-0.000613141601946	0.000394402668163	0.857587951746	0.514336828862
-3.65642126165	-4.98721224577	-0.00157091260234	-0.000568837078721	0.000350786983436	0.853067115018	0.521800776779
-3.66562108967	-4.9687663873	-0.00157109744225	-0.000628068569862	0.000334534734326	0.847550852057	0.530713714534
-3.67233091135	-4.95466624844	-0.0015762053434	-0.000668208740562	0.000315569991673	0.84328514398	0.537465924367
-3.67940465839	-4.93913733373	-0.00157190709632	-0.000642867307926	0.000270667021974	0.838557066443	0.544813325626
-3.68553883816	-4.9250492705	-0.00157436645033	-0.000692596851766	0.000303363015443	0.834175083131	0.55149919217
-3.68979926959	-4.9148855471	-0.00157793840847	-0.000686624316654	0.000317091979448	0.830992992697	0.556282369025
-3.69847826149	-4.8930870571	-0.00157123595406	-0.000564896443121	0.000313191908838	0.824118115168	0.566417615418
-3.70472506143	-4.87634897897	-0.00157250286649	-0.00062661742801	0.000423948408478	0.818692556819	0.574231595288
-3.70938118493	-4.8631932827	-0.00158518904135	-0.000680475655388	0.000503772780789	0.814355454926	0.580365812397
-3.71118885445	-4.8579095928	-0.00158323359816	-0.000668878402965	0.000508535353483	0.812607752403	0.582810376304
-3.7166125325	-4.84138733673	-0.00157923598244	-0.000676867750882	0.000538068810858	0.807023952783	0.590518070821
-3.72357710396	-4.81841380109	-0.00157320132209	-0.000532050492612	0.000422340206312	0.799115199685	0.601177541317
-3.72723740467	-4.80536733637	-0.00156831513779	-0.000435387263821	0.000331703259589	0.794570295349	0.607171924714
-3.73074968995	-4.79207595509	-0.00156668155904	-0.000529899968476	0.000378796701041	0.789818308111	0.613340538275
-3.73397871529	-4.77903198219	-0.00158934749136	-0.000749746073033	0.000526793334846	0.785017018972	0.619473518638
-3.73662659208	-4.76763095521	-0.00158926259909	-0.0007903074168	0.000555978907216	0.780800261095	0.624779976132
-3.73966891055	-4.75355505552	-0.00158688594138	-0.000779124459904	0.000575287259518	0.775447240352	0.63141162441
-3.74253038045	-4.73910667101	-0.00157889794349	-0.000573594588466	0.000468634136348	0.769879454592	0.638188903671
-3.74519607768	-4.7242593166	-0.00156571132433	-0.000341054335537	0.000352356052819	0.764079171455	0.645122297922
-3.74681925595	-4.71436305897	-0.00156348647941	-0.000273979644566	0.000336560087256	0.760173582642	0.649719890349
-3.7498185335	-4.693681261	-0.00157140537109	-0.00038238081651	0.000452895079458	0.751947316001	0.659222938489
-3.75107686251	-4.68370917172	-0.00157693343525	-0.000479773519787	0.000519295587063	0.747961766802	0.663741437272
-3.752721841	-4.66891537582	-0.00158858383998	-0.00081585567307	0.000798645784585	0.742164344346	0.670216966754
-3.75369536418	-4.65886248571	-0.00161618427429	-0.00110890002606	0.00111820639833	0.738467201505	0.674287559025
-3.75487589944	-4.64483663777	-0.00162950433352	-0.00120848658797	0.00143366001492	0.733790219222	0.679373533745
-3.75545010949	-4.63704459676	-0.00162318671172	-0.00100546262264	0.0014475741715	0.731437977251	0.681905696566
-3.75619566213	-4.62566677176	-0.00160080583623	-0.000526666746444	0.00136162961674	0.728455307956	0.685091769691
-3.7566552365	-4.61786483679	-0.00159551912322	-0.000306757384298	0.00139986033777	0.726993832765	0.686642493159
-3.75693376698	-4.61289927161	-0.00159920655842	-0.000285812555745	0.00149517723145	0.726446617419	0.687221212418
-3.75738939591	-4.60465107713	-0.00161249375807	-0.000460272214641	0.00167401844831	0.726593302592	0.687065614363
-3.75761209999	-4.60074338735	-0.00161713280655	-0.000575604089849	0.00167190434863	0.727471053164	0.686136094535
-3.75784213062	-4.59696310362	-0.00161360644122	-0.000658072930003	0.00152226813278	0.729337040597	0.684152564018
-3.75799534352	-4.59467592403	-0.00160765678893	-0.000696284286575	0.00131707164517	0.73184123097	0.68147354546
-3.75808154266	-4.59351257101	-0.00160224148534	-0.000651879286015	0.00110576555063	0.734954582727	0.678115118298
-3.7581781381	-4.59236479858	-0.00158159585705	-0.000211371430175	0.000632965307134	0.737929627618	0.674877336529
-3.7583246612	-4.5908304426	-0.00152859319358	0.000335656367387	0.000147532186591	0.742089283136	0.670300948398
-3.75848236645	-4.58938277049	-0.00153577533552	0.000406348171806	0.000172477193751	0.746361812026	0.665540269768
-3.75862641443	-4.58817539293	-0.00154855038633	0.000161210200863	0.000493289723472	0.749825357747	0.661635597255
-3.75885288397	-4.58645830787	-0.0015793206086	-0.000447768909659	0.00120541221001	0.755458392009	0.655195363557
-3.75893433612	-4.58586862879	-0.0016102419837	-0.000943111908652	0.00171698242135	0.761896283025	0.647696083379
-3.75895898403	-4.58570758431	-0.00159552142349	-0.00073498313955	0.0014545698931	0.766297736075	0.642483559099
-3.75896902592	-4.58566031812	-0.00155022530431	-5.84317687968e-05	0.000604026487097	0.772124970911	0.635470424987
-3.75895431953	-4.58574621136	-0.00153866432883	0.000247103825421	0.000172316972585	0.77532896553	0.631557522682
-3.75887104935	-4.58615138471	-0.00153894178682	0.000212887504734	-8.20341956606e-05	0.783273387954	0.621677366222
-3.75882058987	-4.5863645954	-0.00155050509542	-0.000220225255483	0.000288467120566	0.788476767382	0.615064432061
-3.75879820782	-4.58644565567	-0.00155733969158	-0.000509618948824	0.000652442377126	0.793329251512	0.608792257919
-3.75878545317	-4.58648242068	-0.00155656114303	-0.000445038902143	0.00080667638666	0.799037129479	0.601280980014
-3.75877529662	-4.58651430396	-0.00155210229721	-0.000247646683531	0.000751363094967	0.802086525013	0.597207317869
-3.75872634586	-4.58667247372	-0.00154429700075	0.000204246036598	0.00053183909489	0.808263634464	0.588820492708
-3.7586838836	-4.58680543849	-0.0015429614284	0.000330385964112	0.000458732594459	0.81153734023	0.584300287371
-3.75858884644	-4.58708852992	-0.0015443367529	0.000204418096944	0.000508535824357	0.818788076164	0.574095624384
-3.75854430694	-4.58721346308	-0.001546498546	-1.4831549781e-05	0.000597140203611	0.823032426738	0.567994073685
-3.75850437098	-4.58732017414	-0.00154814576372	-0.000215603009506	0.000620663287196	0.828533017857	0.559939824101
-3.75847420542	-4.58739674638	-0.00154731429106	-0.000223663479896	0.000524729783115	0.833250110551	0.55289594672
-3.75843025124	-4.58750195211	-0.00154559051743	-0.000124376213128	0.000382260067889	0.838188193167	0.545380959737
-3.75838336986	-4.58760852513	-0.00154489535729	-5.08564474786e-05	0.000316728560363	0.841948397294	0.539557961104
-3.75830700478	-4.5877733307	-0.0015450614422	-2.76468244427e-05	0.000339904705743	0.846746805238	0.531995988255
-3.75822789776	-4.58793487029	-0.00154610611222	-5.91259044845e-05	0.000454339794192	0.851606037616	0.524182169456
-3.75818464786	-4.58801956127	-0.00154668349128	-7.81294483984e-05	0.000527816807207	0.854267335835	0.519833660155
-3.75808045017	-4.58821472507	-0.0015472517922	-5.26933513756e-05	0.000632541622001	0.860947968537	0.508692630757
-3.75801575719	-4.58833091795	-0.00154696660918	-4.04515551891e-06	0.000622396036633	0.864808695927	0.502101117362
-3.75794841939	-4.58844849543	-0.00154668273518	3.60456669341e-05	0.000573209555929	0.868766047991	0.495222398514
-3.75790436423	-4.58852340374	-0.00154649274736	3.97179788256e-05	0.000537133386094	0.871305957502	0.49073988867
-3.75780795256	-4.58868170327	-0.00154674618685	-2.97828370763e-05	0.000479818541273	0.876571578239	0.481271271852
-3.75771967796	-4.58881927949	-0.00154754824473	-0.000130648060325	0.000451704341091	0.881105529901	0.472919468908
-3.7576528979	-4.58891891134	-0.00154789835892	-0.000179705884707	0.000433880296487	0.884596638553	0.46635669451
-3.75756964407	-4.58903793846	-0.00154789699243	-0.000177232464793	0.000416656966324	0.888862530019	0.458173763668
-3.75749934101	-4.58913452349	-0.00154776200125	-0.000137294873469	0.000415220520609	0.892245866844	0.451549689228
-3.75739539831	-4.58927163873	-0.00154766550377	-7.69045513244e-05	0.000446349853464	0.896834602539	0.442365788174
-3.75728916812	-4.58940574075	-0.00154787838728	-5.57819362513e-05	0.000506429963699	0.901103211846	0.433604361162
-3.75719014211	-4.58952595964	-0.00154838000358	-6.71654191529e-05	0.000558528458097	0.904840361253	0.425750636151
-3.7571101808	-4.58961986088	-0.00154862987239	-7.96772307221e-05	0.000579479835978	0.90786533762	0.419261477603
-3.75701319591	-4.58973030286	-0.00154867778786	-8.95452526739e-05	0.000568967880242	0.9114760269	0.411352793406
-3.75693019731	-4.58982194526	-0.00154859601012	-9.63588413617e-05	0.00053568551336	0.914396759644	0.404818810962
-3.75680268004	-4.58995818617	-0.00154860383111	-0.000117782858997	0.000475368981502	0.918374418019	0.395712254651
-3.75669981125	-4.59006396672	-0.0015485912327	-0.000138831392516	0.00043401502629	0.921369820045	0.388686823891
-3.75655263247	-4.59020956752	-0.00154874058699	-0.000168306979956	0.000405713016313	0.925271813806	0.379304465628
-3.75645961391	-4.59029808774	-0.00154880287008	-0.000175147602406	0.000404489123458	0.927661330082	0.373422364599
-3.75636937175	-4.59038157493	-0.00154886671829	-0.000171478572712	0.000415004853776	0.929919950569	0.367761721636
-3.75621978615	-4.59051514772	-0.00154885527847	-0.000146023651489	0.000449582797693	0.933610582529	0.358289068689
-3.75608746576	-4.5906275711	-0.00154870702867	-0.000107998652604	0.000491184249994	0.937137125556	0.348960964835
-3.75596124293	-4.59073072884	-0.0015487190529	-0.000102178987226	0.000527898228044	0.940311590622	0.34031430094
-3.75588543828	-4.59079106751	-0.00154882327451	-0.000114706289834	0.000541802112171	0.942034954668	0.335514288036
-3.75571941629	-4.5909187011	-0.00154907389951	-0.000146094972108	0.000538601649838	0.945735500002	0.324936997896
-3.75558732827	-4.59101611025	-0.00154891009085	-0.000159907007208	0.000503718972404	0.948594103776	0.316494781913
-3.75552199142	-4.59106299094	-0.00154881233177	-0.000163341794625	0.000480738791797	0.949955525272	0.312384766298
-3.75529465254	-4.59121971379	-0.0015485570273	-0.000178287719422	0.000412096285087	0.954302062659	0.298843389745
-3.75520758686	-4.59127708344	-0.00154851677896	-0.000184610648928	0.000398465604397	0.955880688254	0.293754858627
-3.75505233538	-4.59137529539	-0.00154840110033	-0.00018970464565	0.000397402637254	0.958740398207	0.284282702481
-3.75491664531	-4.59145720018	-0.00154840915008	-0.000190911188071	0.000420420775701	0.961156773429	0.276002615368
-3.75479684615	-4.59152665264	-0.00154837573423	-0.000186951673554	0.000450834613174	0.963229282326	0.268680314624
-3.75472778593	-4.59156512026	-0.00154841555131	-0.000173237990897	0.000470231114598	0.96459007724	0.263753164458
-3.75455867158	-4.59165495153	-0.00154799752374	-0.000151133464458	0.000511636906048	0.967898267292	0.2513417187
-3.75446469961	-4.59170257448	-0.00154790890518	-0.00015902605832	0.000520166234443	0.969618725454	0.244620586598
-3.75432711694	-4.59177031249	-0.00154809806706	-0.000190574610855	0.000511943203584	0.971827873035	0.235691083388
-3.75418702974	-4.59183600393	-0.00154783312985	-0.000212432441291	0.000477991958093	0.974010051351	0.226504185973
-3.7540453288	-4.59189935449	-0.00154756882041	-0.000217258399682	0.000432933106163	0.976105419136	0.217296976742
-3.75396178273	-4.59193510561	-0.00154740331138	-0.000211397932728	0.000407137409444	0.977365830543	0.211555720408
-3.75385391247	-4.59197900297	-0.00154703587326	-0.000203809518123	0.000385927718287	0.979013890622	0.203793060458
-3.75370865106	-4.59203486267	-0.00154688029021	-0.0002145830642	0.000390635167131	0.981099416425	0.193503840914
-3.75361214618	-4.59207002072	-0.00154691676607	-0.000230605962154	0.000409239809637	0.982361544106	0.186990844708
-3.75351277563	-4.59210458706	-0.00154691880933	-0.000240992917871	0.000433456729657	0.983624362673	0.180230039652
-3.75332603726	-4.59216550803	-0.00154660761936	-0.000229376300792	0.00047257595621	0.985881677326	0.167442653979
-3.75326353144	-4.59218491828	-0.00154642095961	-0.000220123489265	0.000479625706705	0.986597419619	0.1631724643
-3.7531152944	-4.59222763942	-0.00154599932633	-0.000192885198089	0.000481913367314	0.988453615788	0.151522869531
-3.75302023756	-4.59225336643	-0.00154577953397	-0.000203133425745	0.000473400345683	0.989554850269	0.144155932722
-3.75290276264	-4.592283245	-0.00154587702652	-0.000237805819755	0.00045301834677	0.990806812021	0.135283404285
-3.75285370554	-4.59229502485	-0.00154589629471	-0.000252281438043	0.000441938882453	0.991318433944	0.131481951487
-3.75271668519	-4.59232580844	-0.00154564799093	-0.000273328465634	0.000408731318793	0.992704181855	0.120574315496
-3.75259344388	-4.5923509604	-0.00154530447403	-0.000266793406127	0.000387077341375	0.99382877536	0.110924047252
-3.75244953582	-4.59237813217	-0.00154506452756	-0.000260927584136	0.000382186853182	0.994881967121	0.101042849063
-3.75234354379	-4.59239631907	-0.00154489004194	-0.000257741837945	0.000390226898262	0.995576922443	0.0939487774824
-3.7522141308	-4.59241653619	-0.00154474746345	-0.000258334166595	0.000409522886193	0.996351616258	0.0853417971192
-3.75204310497	-4.59243991881	-0.00154462964516	-0.000263502951546	0.000437564541073	0.99726200743	0.0739474654073
-3.75193706789	-4.59245263114	-0.00154451600025	-0.000266813127971	0.000449544230595	0.997762642047	0.0668538469819
-3.75178993949	-4.59246828967	-0.00154435431659	-0.000274252742913	0.000451613592623	0.998345296398	0.0575012172907
-3.75166129871	-4.59248002944	-0.00154424814394	-0.000277127862959	0.00044031518352	0.998778039224	0.0494181918678
-3.75153754707	-4.59248965925	-0.00154408546913	-0.000277057378754	0.00042202215365	0.999134946705	0.0415824892218
-3.75143888623	-4.59249565273	-0.00154386648194	-0.000266900322424	0.000403809689783	0.999414825617	0.0342019303495
-3.7513032152	-4.5925018192	-0.00154369005286	-0.000272110261618	0.000385759448379	0.999711904305	0.0239976152067
-3.75121265433	-4.59250440063	-0.00154370750504	-0.000285997388181	0.000379326722483	0.999853570783	0.0171058852208
-3.75112743487	-4.59250566035	-0.00154384241326	-0.000298385302728	0.000378967218834	0.999947730466	0.0102129176472
-3.7510412979	-4.59250548997	-0.00154363200482	-0.000298511818442	0.000385351714928	0.99999829391	0.00178173258933
-3.75091214468	-4.59250283829	-0.00154363927728	-0.000298028824077	0.000401204363881	0.99993958048	-0.010981147596
-3.7508839466	-4.59250190383	-0.00154362995724	-0.000298898142785	0.000404247177258	0.999904907594	-0.0137812558837
-3.75076892025	-4.59249665577	-0.00154359316326	-0.000305711204436	0.000411496534439	0.999681568314	-0.0252289354441
-3.75068502476	-4.59249144519	-0.00154354609987	-0.000311076701513	0.000410035936719	0.999425893837	-0.0338765085216
-3.75108827042	-4.5925231921	-0.0015455855216	-2.49083570317e-05	0.000417118712936	0.999093794969	-0.0425607124703
-3.75234054674	-4.59264359879	-0.00153761791753	0.000481159954524	0.00045354177379	0.998699345876	-0.0509821471934
-3.75354905316	-4.59277792281	-0.00153526193594	0.000436344510426	0.000488494182815	0.998309618521	-0.0581160609977
-3.75608920833	-4.59310426295	-0.00154381734192	5.25394254454e-05	0.000553118856324	0.997648944589	-0.068529370779
-3.7587150277	-4.5934913303	-0.00154893307656	-0.000460261240552	0.000591123930521	0.996978684621	-0.0776720100409
-3.76098910167	-4.59386496219	-0.00155811051703	-0.000766292916664	0.000584755728683	0.996354383489	-0.0853054122496
-3.76291932913	-4.59420872274	-0.00156026732017	-0.000753859782227	0.000559580624656	0.995810706243	-0.091433888115
-3.76631629838	-4.59487209256	-0.00154819924592	-0.000185487556088	0.000529457683545	0.994946712113	-0.100402815322
-3.76866326621	-4.59536766521	-0.00153771060372	5.16016722071e-05	0.000487554214912	0.994307287011	-0.1065494187
-3.77434124738	-4.59668882526	-0.00154703903568	-0.000140407088933	0.000387311009331	0.992705585401	-0.120563058148
-3.77753176278	-4.59750131389	-0.00155469128404	-0.000488835090195	0.000366915550335	0.991783695131	-0.127924698498
-3.77954033627	-4.59803805405	-0.00156314569163	-0.000694238754038	0.000368525843164	0.991183292556	-0.132495519849
-3.78303488285	-4.59901815976	-0.00156901145457	-0.000877130683372	0.000398697275671	0.990098822377	-0.14036877719
-3.78942835296	-4.60095912325	-0.00154927947688	-0.000269353277646	0.000552820614417	0.988227536969	-0.152990055279
-3.79368013423	-4.6023468392	-0.00153870337227	-3.69656055496e-05	0.000619201022479	0.986948951583	-0.16103223961
-3.79697994716	-4.60347613815	-0.00154477086635	1.19497291221e-05	0.000649901822908	0.985991114629	-0.166796580772
-3.80334235758	-4.60577354016	-0.00155089128479	-0.000402637508009	0.00062576268968	0.984110863051	-0.177553528629
-3.80799638944	-4.60755211321	-0.00157108420271	-0.000841058058414	0.000561728697641	0.982680193453	-0.185306811743
-3.81466781022	-4.61024520844	-0.00157926603544	-0.000936253244813	0.000504350236433	0.980592592475	-0.196053657562
-3.81965767748	-4.61237144465	-0.00155935746742	-0.000615276967763	0.00050262133832	0.979015924749	-0.20378220701
-3.82425721087	-4.61441449058	-0.00155330699137	-0.000396989736334	0.000479632205586	0.977485834003	-0.211000134301
-3.83053327275	-4.61733160729	-0.001546690431	-0.000120881711613	0.000491283352944	0.975435003428	-0.220286854158
-3.83538956651	-4.6196877831	-0.00154267797045	-0.000209843662369	0.000484158653178	0.973820951782	-0.227315805492
-3.84129257213	-4.6226681819	-0.00156374308887	-0.000621846139322	0.000449101710492	0.971790072991	-0.235846275467
-3.84688183332	-4.62560854835	-0.00157721954864	-0.000970663052968	0.000443140274609	0.969808667795	-0.243864735681
-3.85445134378	-4.62977132656	-0.00157088695702	-0.000650307657091	0.000594283281541	0.967265931023	-0.253763359468
-3.85890786932	-4.63231724133	-0.00154336208932	-0.0002616558479	0.000713559987457	0.965830145487	-0.2591747527
-3.86746753988	-4.6373904957	-0.00153443827889	5.0619638835e-05	0.000807284126036	0.963076834922	-0.269225473844
-3.87459066447	-4.6417974853	-0.00154904781795	-0.000392420901756	0.000683477081812	0.960713656449	-0.277540355944
-3.88281008265	-4.64709407221	-0.001581922228	-0.00108604586806	0.000475168025384	0.9579088977	-0.287069919057
-3.8882109956	-4.65069698691	-0.0015909359362	-0.00119626738602	0.000421830975279	0.95606050594	-0.293166676117
-3.89786936676	-4.65738704948	-0.00155194487673	-0.000525602267042	0.000571831536253	0.95287456875	-0.303363565679
-3.90151540207	-4.65999285597	-0.00154210501133	-0.000334413399536	0.00061003263432	0.951634529164	-0.307231572158
-3.91166207987	-4.66747933816	-0.00154172820159	-2.91632457555e-05	0.000681613022363	0.94820357264	-0.317662587326
-3.91857811654	-4.67277669213	-0.0015293454246	7.23521776908e-05	0.000745146463329	0.945987985898	-0.324200817486
-3.93049667913	-4.68226046649	-0.00155594078437	-0.000581913521477	0.000638767557434	0.942109424044	-0.335304468326
-3.9361602489	-4.68692463473	-0.00157433126011	-0.000831953461399	0.000615415352778	0.940305378892	-0.340330315346
-3.94388884641	-4.69345385648	-0.00156819812228	-0.000949185555434	0.000651164130888	0.937862970776	-0.347003923722
-3.953999933	-4.70228448277	-0.00157130473568	-0.00098758126516	0.000688800990628	0.934563833366	-0.355793467618
-3.96494954096	-4.71222802322	-0.00155804999343	-0.000571618034632	0.000818560615573	0.930998414289	-0.36502185661
-3.97751529545	-4.72412882777	-0.00152475799315	-0.000119814595827	0.000908739421062	0.926974926881	-0.375122173126
-3.98386357641	-4.73034184224	-0.00153815277819	-0.000312909312649	0.00078445616718	0.924873403868	-0.380274208346
-3.99218948773	-4.73870075282	-0.00156377190288	-0.000798828918385	0.000543047043303	0.922054771954	-0.387058218475
-4.00442763805	-4.7514310792	-0.00157500674864	-0.000927580238952	0.000486862410142	0.917979869586	-0.396625593722
-4.01553088219	-4.76344547647	-0.00155698425645	-0.000779421123228	0.000589697589569	0.914216537966	-0.405224834467
-4.02654431685	-4.77581993151	-0.0015551479811	-0.000679764195938	0.000689456308689	0.910393391332	-0.413742595813
-4.03241158574	-4.78260607839	-0.00155337366247	-0.000734111545215	0.000697797854508	0.908298713806	-0.41832095412
-4.04717685795	-4.80031475452	-0.00157035404063	-0.000971672023538	0.000651987987544	0.902854279724	-0.429945089924
-4.0527736635	-4.80727130892	-0.00156715523803	-0.000873206543725	0.000707045492818	0.900790793112	-0.434251867746
-4.06496171532	-4.82290750748	-0.0015540792981	-0.000780495105999	0.000740075433129	0.896162145501	-0.443725424205
-4.07234475969	-4.83272022795	-0.00156148139997	-0.000863075328216	0.000672218162478	0.893245727167	-0.449567430005
-4.08451649316	-4.84949312251	-0.00156293827525	-0.000898155895655	0.000599602021669	0.888354755123	-0.459156468804
-4.09338372811	-4.86220695219	-0.00156667988976	-0.00096259252087	0.000532507921909	0.884649900553	-0.466254590651
-4.10232486036	-4.87548040745	-0.00157076976307	-0.00102521143626	0.000478134177131	0.880766230629	-0.473549962847
-4.10659437199	-4.88198996916	-0.00157150794268	-0.00102855837556	0.000473457109522	0.878862148965	-0.477074460668
-4.11640181035	-4.89738324939	-0.00156280626435	-0.000892495134861	0.000556789779765	0.874408610008	-0.485189113833
-4.12643474613	-4.91381264203	-0.00156177665599	-0.00087579371998	0.000593822381429	0.869636566505	-0.493691323155
-4.13548774299	-4.92927982016	-0.00156325182854	-0.000923728103244	0.000598719856638	0.865166979559	-0.50148268738
-4.14089269342	-4.93882848533	-0.00156561997533	-0.00099675441139	0.00057550782319	0.862403057181	-0.506220942115
-4.15163723134	-4.95857155923	-0.00157349791701	-0.00113019598695	0.000517146701143	0.856664876281	-0.515871829977
-4.15901474826	-4.97277068569	-0.00157439419484	-0.00114221062435	0.000502596474231	0.852515577216	-0.522700328444
-4.16747601684	-4.98977671286	-0.00157091941386	-0.00107813205272	0.000508577461759	0.847517278172	-0.530766466706
-4.17370936957	-5.00284919683	-0.00156847029442	-0.00101993048901	0.000507268735305	0.843653952969	-0.536886123922
-4.18036319477	-5.01736768776	-0.00156791040402	-0.000989983295772	0.000483371955254	0.839352577699	-0.543586273369
-4.18776783146	-5.03428430558	-0.00156962141638	-0.00100847815473	0.000435706348774	0.83431586003	-0.551285623641
-4.1943006613	-5.04995560271	-0.00157215152878	-0.0010474666792	0.000400444810739	0.829624914945	-0.558320018413
-4.19930167013	-5.06248338679	-0.00157327412214	-0.00107095252418	0.000392849259721	0.825858494081	-0.563876268772
-4.20726215784	-5.08350985715	-0.00157270470784	-0.001080056674	0.000420326284522	0.819499787195	-0.573078315408
-4.21246964847	-5.09809074566	-0.00157171767597	-0.00107609954475	0.000448314971455	0.81506295551	-0.579371227779
-4.21328832825	-5.10044943911	-0.00157160483772	-0.00107578035995	0.000451977683769	0.81434343843	-0.580382117832
-4.22250350339	-5.12842589063	-0.00157178438223	-0.00108975227864	0.000457828369592	0.805762642885	-0.592237423812
-4.22500646797	-5.13653622948	-0.00157233776777	-0.0010975790361	0.000446841021203	0.803258498884	-0.595629397885
-4.23116757504	-5.15762758913	-0.0015737291628	-0.00110909208747	0.000406586720563	0.796711454652	-0.604358720156
-4.2362435619	-5.17643436119	-0.00157405556986	-0.00109976406345	0.000373563943757	0.790830396359	-0.612034259796
-4.24013594994	-5.19193579861	-0.00157377977628	-0.00108363189861	0.000355156941567	0.785947522697	-0.618292156809
-4.24454530186	-5.21090553282	-0.00157341391428	-0.00106996237478	0.000342859048536	0.779920384381	-0.625877728998
-4.24808838077	-5.22750830845	-0.00157347088368	-0.0010726574961	0.000337482653917	0.774605203361	-0.632444080087
-4.24985045031	-5.23632154712	-0.00157369640372	-0.00107958434574	0.000336199993695	0.771769314421	-0.635901601496
-4.25433179054	-5.26088324984	-0.00157445837691	-0.0011074694227	0.00033665249261	0.763834287887	-0.645411373331
-4.25571683167	-5.26925923014	-0.0015746516495	-0.00111598655274	0.0003381604612	0.761111739244	-0.64861973498
-4.25883593837	-5.29000048997	-0.00157478738908	-0.00112937192714	0.000341375099519	0.754328533047	-0.65649605651
-4.26104435466	-5.30683486917	-0.00157466255158	-0.00113118878222	0.000338162135838	0.748778102864	-0.662819703034
-4.26264987959	-5.32072404802	-0.00157464112951	-0.00112867090088	0.000329028848805	0.74416768372	-0.667991823565
-4.2641094991	-5.33513096652	-0.00157466846193	-0.00112415661897	0.00031351941138	0.739354960892	-0.673314844468
-4.26620819079	-5.36101152824	-0.00157495013097	-0.00111503324532	0.000278979005081	0.730631640321	-0.682770887658
-4.26686684005	-5.37147758488	-0.00157501161056	-0.00111187031459	0.00026649869194	0.727075454602	-0.686556608037
-4.26772291998	-5.3889346759	-0.00157502787063	-0.00110862090772	0.000251426168221	0.721113253796	-0.692816269255
-4.26823298927	-5.40440807788	-0.00157560149476	-0.00110334148567	0.000226436872932	0.71610102041	-0.697995744924
-4.26854463704	-5.42138821502	-0.00157502911043	-0.00107404696968	0.000182495014946	0.710857553404	-0.703335163266
-4.26861097252	-5.43587349679	-0.0015761101555	-0.00105216432108	0.000158854354234	0.706393107194	-0.707818935763
-4.26838346467	-5.45684946153	-0.00157455751326	-0.00103414877476	0.00013697044098	0.70004828705	-0.714094746916
-4.26804696344	-5.47033224031	-0.00157514092779	-0.00101694321037	0.000107341348782	0.696315287025	-0.717735310097
-4.26731756521	-5.48980058936	-0.00157587615861	-0.000996986120572	8.25183176996e-05	0.691010754242	-0.72284378446
-4.26680728411	-5.50027863961	-0.00157561582667	-0.00099562897866	7.34214337275e-05	0.688289590084	-0.725435347577
-4.26553197593	-5.52172578655	-0.00157479304039	-0.000967423994367	3.02280302097e-05	0.683280322963	-0.730155506334
-4.26412665051	-5.54116134847	-0.00157634205082	-0.000948354354512	1.83057195706e-05	0.678853586148	-0.734273047893
-4.26280060535	-5.55709409556	-0.00157447231614	-0.000944132690804	1.08089070119e-05	0.675445983181	-0.737408863726
-4.2612906026	-5.57351544516	-0.00157522517582	-0.000920277741436	-2.36958575157e-05	0.672467280525	-0.740126279192
-4.25990932815	-5.58744003256	-0.0015761849997	-0.000898865485168	-4.39001653838e-05	0.670045854491	-0.74231916518
-4.25767457108	-5.60831130246	-0.00157530513378	-0.000875747933794	-8.04945739929e-05	0.666924718375	-0.745124584621
-4.25604311244	-5.62271740173	-0.00157541689485	-0.000829750228605	-0.000132356129017	0.665453258408	-0.746439049669
-4.25424369881	-5.63811199104	-0.0015766448068	-0.000773882922947	-0.000176583060591	0.664133856849	-0.747613262396
-4.25293475903	-5.6490323798	-0.00157601376581	-0.000748152093485	-0.000193005075313	0.663278534472	-0.748372226052
-4.25044312829	-5.66937954121	-0.00157466240549	-0.000703582675474	-0.000237061317259	0.662454307954	-0.749101954774
-4.24786756273	-5.69022326481	-0.00157632107492	-0.000662402010373	-0.000267353967247	0.662258697309	-0.74927492123
-4.24559460795	-5.70858420076	-0.00157466750731	-0.000669612606107	-0.000261020703124	0.66227188813	-0.749263257927
-4.24375362871	-5.72347180699	-0.00157476536469	-0.000689819330719	-0.000234676327093	0.662301575078	-0.749237007045
-4.2418531029	-5.73885425281	-0.0015757479424	-0.00073092357353	-0.000193207638212	0.662340726886	-0.749202369143
-4.24026035163	-5.75175546843	-0.00157489279516	-0.000769539547945	-0.000161322421987	0.662389245515	-0.749159441782
-4.23744739652	-5.77458291852	-0.0015755658254	-0.000816742659483	-0.00012574952662	0.662509604529	-0.749052962764
-4.2357384349	-5.7884787612	-0.00157576656959	-0.000825475527247	-0.000120441646752	0.662571454727	-0.748998245302
-4.23451807986	-5.79840408729	-0.0015752394037	-0.000821995949728	-0.000119356519457	0.662496913096	-0.749064182975
-4.23243635808	-5.8152748334	-0.00157539799209	-0.000810294610079	-0.000124183689441	0.662283317568	-0.74925305156
-4.23028249695	-5.83263971999	-0.00157485501907	-0.000783857176763	-0.000146747685022	0.662039528777	-0.749468495915
-4.22731142002	-5.85645333177	-0.0015756567331	-0.000743697692469	-0.00019310529577	0.66185704771	-0.749629680589
-4.22594915493	-5.86737004308	-0.001575322945	-0.000719283352361	-0.000226401177228	0.661990364348	-0.749511967139
-4.22330109983	-5.88871122438	-0.00157633371912	-0.000671954510901	-0.000264138228246	0.662299078446	-0.749239220408
-4.22231997341	-5.89665172616	-0.00157570742726	-0.000666606131473	-0.000261731710717	0.662348607553	-0.74919544126
-4.21968682018	-5.917989568	-0.00157433096139	-0.000684669390735	-0.000230408701155	0.662420851538	-0.749131559599
-4.21730258738	-5.93734101311	-0.00157508069493	-0.000732040773791	-0.0001869238331	0.662480093456	-0.749079137976
-4.21559175542	-5.95123446759	-0.00157504086923	-0.000775656903332	-0.000153633102049	0.662409892618	-0.749141180897
-4.21301045691	-5.97207198926	-0.00157571084222	-0.000847047249789	-9.32613367023e-05	0.661933728672	-0.749561880474
-4.2114598656	-5.98447382989	-0.00157503011854	-0.000873942835645	-7.36420791291e-05	0.661623448331	-0.749835744293
-4.20895836543	-6.00431567593	-0.00157579527424	-0.00087241319907	-7.89631449343e-05	0.661183352495	-0.75022383796
-4.20757243217	-6.01522751913	-0.00157574685652	-0.000853272760027	-9.68584710094e-05	0.660947327026	-0.750431804657
-4.20503472457	-6.03506505666	-0.00157517750316	-0.000792088787566	-0.000148546004466	0.66052307673	-0.750805311407
-4.20363048439	-6.04597481124	-0.00157561322007	-0.000752099557695	-0.000185776231564	0.660414382458	-0.750900954371
-4.20081672485	-6.06779482699	-0.00157513496597	-0.000674381980948	-0.000254047751205	0.660315872517	-0.750987635831
-4.19876757367	-6.08366320858	-0.00157531480272	-0.000649254803198	-0.000274112103558	0.660241229939	-0.751053274821
-4.19664923732	-6.10002564021	-0.00157462543694	-0.000661232121325	-0.000256329274928	0.660025070399	-0.75124323858
-4.19445624968	-6.11688145283	-0.00157493218562	-0.000711346293007	-0.000211532975088	0.65977247425	-0.751465056714
-4.19212201781	-6.13472744651	-0.00157502365955	-0.000781229952309	-0.000154459461875	0.659503229829	-0.75170130748
-4.19010235061	-6.15009454826	-0.00157569071916	-0.00083442361709	-0.000115371446032	0.65934385416	-0.751841055282
-4.18755372459	-6.16942809388	-0.00157554347606	-0.000861137106786	-9.54985071823e-05	0.659207137554	-0.751960902655
-4.18571943986	-6.18330803764	-0.00157572229164	-0.000851436377435	-0.000101363994513	0.659115525956	-0.752041214445
-4.18322151139	-6.20214220052	-0.00157480182081	-0.000811003510677	-0.000125013466585	0.658812096108	-0.75230708402
-4.18183326813	-6.21254836185	-0.00157513924509	-0.0007861299643	-0.000143828530058	0.658595243056	-0.752496954902
-4.17870410123	-6.2358349948	-0.00157472864478	-0.000733682411297	-0.0001938159439	0.658098852924	-0.752931154838
-4.17669218757	-6.25069828779	-0.00157547141741	-0.000712128351722	-0.00022321669808	0.657886661323	-0.753116580551
-4.17480771593	-6.26457119848	-0.00157518128384	-0.000701163760204	-0.00023796739579	0.657715301762	-0.753266243482
-4.1728496057	-6.27893922368	-0.0015754496036	-0.000703771341512	-0.000234788196035	0.657543222693	-0.753416458455
-4.16979652418	-6.30123061098	-0.00157484499718	-0.000736466578972	-0.000194127186313	0.65716340528	-0.753747755348
-4.16788466028	-6.31509756139	-0.00157487449286	-0.000770085361499	-0.000160648806588	0.656893032522	-0.753983371822
-4.1651361349	-6.334904651	-0.00157491831197	-0.000815414509246	-0.000123695291637	0.656509335449	-0.75431744794
-4.16403136238	-6.34282719201	-0.00157526483742	-0.000827740623022	-0.000117977170826	0.656420329316	-0.754394891411
-4.1608473153	-6.36560647157	-0.00157541240031	-0.000822193173773	-0.000134958237024	0.656282383522	-0.754514903009
-4.15814171859	-6.38491942847	-0.00157557830281	-0.000784269218034	-0.000164810100453	0.656177194675	-0.75460641857
-4.15689095763	-6.39383232845	-0.00157504565424	-0.000761909929736	-0.000179573756962	0.656109453894	-0.754665337589
-4.1538267818	-6.41561676835	-0.00157485933295	-0.000713945674396	-0.00021177055297	0.655934654501	-0.754817311977
-4.15159219423	-6.43145820691	-0.00157473408525	-0.000698309828809	-0.000225790708742	0.655805477627	-0.754929557572
-4.14928198665	-6.44779423351	-0.00157486335463	-0.000703254767507	-0.000225703207752	0.655640020393	-0.7550732535
-4.14661178283	-6.46660469481	-0.00157515857691	-0.000733609763858	-0.000204352822312	0.655409052817	-0.75527372094
-4.14414223235	-6.48392936619	-0.00157520072387	-0.000768910580402	-0.000175450174318	0.655210602614	-0.755445857899
-4.14187734792	-6.49976839221	-0.00157523543309	-0.000794813402354	-0.000152820061481	0.655076816515	-0.755561850137
-4.14017511669	-6.5116470222	-0.00157521206475	-0.000805970568627	-0.00014114577288	0.654982110156	-0.755643941195
-4.13704636354	-6.53342264535	-0.00157509722794	-0.000805551893847	-0.000138647985399	0.654799174238	-0.75580246975
-4.13511996483	-6.54678334001	-0.00157480882909	-0.000794996395464	-0.000143828129711	0.654594585285	-0.75597967976
-4.13217915885	-6.56706878524	-0.00157484398753	-0.000776084468434	-0.000162228008065	0.654243549149	-0.756283511503
-4.13059330418	-6.57795284102	-0.00157483290948	-0.000763497686901	-0.000175512936237	0.65405502543	-0.756446567826
-4.12762500619	-6.59823605608	-0.00157521725641	-0.000742073221466	-0.000200408809858	0.653785475999	-0.756679562653
-4.12595384947	-6.60961405299	-0.00157511449585	-0.000732951280721	-0.000208985164122	0.653643862988	-0.756801902406
-4.12405971128	-6.62247539685	-0.00157512001469	-0.000728231613411	-0.000211572453912	0.653484985946	-0.756939097985
-4.11996340508	-6.65017344161	-0.00157490976226	-0.00073794393578	-0.000199478717709	0.653214099812	-0.757172870258
-4.11798259744	-6.66352683364	-0.00157497126994	-0.000748053495331	-0.000189755369301	0.653117510357	-0.757256179951
-4.1154833155	-6.68034132352	-0.00157500290274	-0.000764656879875	-0.000175937082385	0.652975375042	-0.757378732164
-4.11319771498	-6.69567084419	-0.00157499441848	-0.000780214749479	-0.000161468106074	0.652776657117	-0.757549999086
-4.11179264836	-6.70506565855	-0.00157505572683	-0.000788385525545	-0.00015520615775	0.652648602422	-0.757660317105
-4.10763253139	-6.73275323605	-0.00157508950227	-0.000793301435537	-0.000153197921538	0.652269296641	-0.757986881062
-4.10643899498	-6.74066343425	-0.00157520842908	-0.000789295956132	-0.00015834119453	0.652199993573	-0.758046515936
-4.10315107123	-6.76241685447	-0.00157496186832	-0.00076130831798	-0.000185447055755	0.652087884892	-0.758142978861
-4.10053158352	-6.77972005709	-0.00157519646765	-0.000736416098368	-0.000203987422736	0.651995619305	-0.758222347658
-4.09843231595	-6.7935613078	-0.00157475494764	-0.000723663842804	-0.000210965096205	0.651878746632	-0.758322841206
-4.0961031012	-6.80888427802	-0.00157472239089	-0.000720189381033	-0.000211989010654	0.651741564527	-0.75844074881
-4.09399465772	-6.8227235199	-0.00157482696767	-0.000727236595676	-0.000206735807701	0.651617113224	-0.758547668997
-4.0905973554	-6.84496461817	-0.00157511361061	-0.000751024471951	-0.000192889856448	0.651474344089	-0.758670269451
-4.08863157773	-6.85781546374	-0.00157500592909	-0.000762952087907	-0.00018475332726	0.651427508819	-0.758710474769
-4.08568000726	-6.87709145576	-0.00157524151831	-0.000775289131041	-0.000172821932497	0.651359188746	-0.758769119229
-4.08340671174	-6.89191813816	-0.00157490766922	-0.000778341637341	-0.000166285682704	0.651277363896	-0.75883935178
-4.07953426415	-6.91712112794	-0.00157486909014	-0.000771826154858	-0.000168898393424	0.651127398889	-0.758968040285
-4.07778455247	-6.92848656731	-0.00157487961256	-0.000765309388266	-0.000175565691352	0.651059392297	-0.759026383718
-4.07626124262	-6.93836935836	-0.00157492627694	-0.000759128819503	-0.000182194215672	0.650982682738	-0.759092179715
-4.07274864495	-6.96109855761	-0.00157498449674	-0.000749199499477	-0.000192780101682	0.650757289534	-0.759285421732
-4.07006663551	-6.97839129928	-0.00157492198366	-0.000745575973873	-0.000196129990407	0.650567176386	-0.759448322572
-4.06899135428	-6.98530795016	-0.00157487683368	-0.000745908406531	-0.000194849787093	0.650477192245	-0.759525396562
-4.06529172003	-7.00901964702	-0.00157477859462	-0.000756124626516	-0.000185309238022	0.650156089264	-0.75980027213
-4.06281420878	-7.02482570786	-0.00157487233191	-0.000764874334118	-0.000178044399159	0.649945097755	-0.759980758422
-4.06056302119	-7.03914966326	-0.00157531221252	-0.0007693414493	-0.000180220318419	0.649895213413	-0.760023412282
-4.05730218655	-7.05989631255	-0.00157522697883	-0.000758021066306	-0.000191114178964	0.649906753453	-0.760013552968
-4.05450802994	-7.07767896545	-0.00157507965017	-0.00074603434283	-0.000198744329197	0.649938153956	-0.759986710388
-4.05334436111	-7.08508841692	-0.00157480809359	-0.000739931210776	-0.000202883525298	0.649964605565	-0.759964093134
-4.05001210402	-7.10632889836	-0.00157498022733	-0.000724757885704	-0.00021110278034	0.65005207247	-0.75988929012
-4.04691694046	-7.12608754889	-0.00157472660814	-0.000723798296158	-0.000212723615445	0.650135294513	-0.759818089869
-4.04483045701	-7.13942545904	-0.00157489693478	-0.000727672959508	-0.000212000561825	0.650225949927	-0.759740508062
-4.04328738705	-7.14930618762	-0.0015750851975	-0.000731197306633	-0.000211865393787	0.650323786405	-0.759656760188
-4.04013258945	-7.16956359681	-0.00157516731876	-0.000737778306554	-0.000206620642495	0.650538671313	-0.759472744815
-4.03699545974	-7.18982545006	-0.0015756009625	-0.00073279952954	-0.000221925058291	0.651210304955	-0.758896931391
-4.03465747981	-7.20515434191	-0.00157497602436	-0.000694215051985	-0.000258108783564	0.652117075984	-0.758117913425
-4.03228436287	-7.22098356628	-0.00157620996744	-0.000654981732764	-0.00028358002664	0.653105189628	-0.757266863043
-4.02944707065	-7.24028083017	-0.00157383782599	-0.000625171489158	-0.000292675568401	0.654169794103	-0.756347409584
-4.02793982795	-7.25067256387	-0.00157422319611	-0.000627458804368	-0.000276531157427	0.654574189123	-0.755997460816
-4.02481524059	-7.27244742382	-0.00157406093693	-0.000682797623648	-0.000232215301292	0.655329409122	-0.755342866124
-4.02347853561	-7.28185244037	-0.00157396538526	-0.000714054620584	-0.000208213964664	0.655542469929	-0.755157941687
-4.02053943598	-7.30264584999	-0.00157566535925	-0.000794727648779	-0.00015457784199	0.655945094133	-0.754808172979
-4.018869172	-7.31453064217	-0.00157514915835	-0.000823013478893	-0.00013578872879	0.656163433741	-0.754618348857
-4.01554644931	-7.33830279875	-0.00157546429922	-0.000830175888951	-0.00011887278451	0.656420710956	-0.754394556519
-4.01381880037	-7.35068248184	-0.00157515296601	-0.000818778057409	-0.000121836767244	0.656433956165	-0.754383043256
-4.01070914149	-7.37296439467	-0.00157476923118	-0.000770160884722	-0.000159677325061	0.656408040341	-0.754405637526
-4.0090490195	-7.3848474603	-0.00157499524285	-0.000744846000063	-0.000182754701257	0.656328421467	-0.754474926674
-4.00599753893	-7.40663309049	-0.0015748414153	-0.000713350980271	-0.000221836891582	0.656152973966	-0.754627535063
-4.00377194134	-7.42247789999	-0.00157528123018	-0.000703871641543	-0.000233417439183	0.656022782344	-0.754740723114
-4.00167879447	-7.43733082266	-0.00157488086581	-0.000713737133361	-0.000217852434066	0.65570420344	-0.755017510201
-4.00006290398	-7.4487146907	-0.00157498806882	-0.000740740303418	-0.000185024461242	0.655297300257	-0.755370680756
-3.9970069185	-7.46999068111	-0.00157420259226	-0.000810060578278	-0.000124245585211	0.654477364726	-0.756081151349
-3.99499212308	-7.48384170215	-0.00157508986524	-0.00084840104205	-9.6103828125e-05	0.653942705002	-0.756543593955
-3.99215240372	-7.50313057865	-0.001575283383	-0.000879978370872	-8.12533048331e-05	0.653199722191	-0.757185143783
-3.98986760121	-7.51846025598	-0.00157527329822	-0.000872130493272	-9.17229847099e-05	0.652606809311	-0.757696234263
-3.98808234162	-7.53032378313	-0.00157549657738	-0.00085050232605	-0.000110542762464	0.652146969498	-0.758092075279
-3.98502881034	-7.55033173626	-0.00158581801226	-0.00108208811262	-0.000451976012207	0.650809881094	-0.759239832644
-3.98225450985	-7.56794022818	-0.00162349216075	-0.00153963556976	-0.000918287490884	0.648306183261	-0.761377619199
-3.97989746171	-7.58221871724	-0.00163025436757	-0.00171210180503	-0.000961416293125	0.645180194556	-0.764027918952
-3.97936636365	-7.58533284159	-0.00162813973682	-0.00170516008923	-0.00091075255368	0.644365392584	-0.764715308987
-3.97594780972	-7.60436346731	-0.00159630818938	-0.00147363033463	-0.000372517406969	0.637932195568	-0.770091035854
-3.97370271396	-7.61579945156	-0.00158971529479	-0.00146900041794	-0.000251621794758	0.632158539663	-0.774837634254
-3.97277794412	-7.62024394233	-0.00159452321967	-0.00154186528156	-0.000325726265574	0.629419053318	-0.777064457992
-3.97040173449	-7.63095906745	-0.00161010690407	-0.00167429171651	-0.000638695450754	0.621884636959	-0.78310681719
-3.96842231549	-7.6391543916	-0.00161121755511	-0.00155632639171	-0.000806601259635	0.614567934691	-0.788861953001
-3.96675960019	-7.64551139691	-0.00160061139609	-0.00130665281224	-0.000827611274934	0.607127391885	-0.794603006376
-3.96595987123	-7.6483950158	-0.00159484560799	-0.00114524920027	-0.000813068706605	0.603052113819	-0.797700554934
-3.9646143322	-7.65298455838	-0.00158202539658	-0.000863066420949	-0.000741559143496	0.595260801128	-0.803531756589
-3.96359894005	-7.65623188074	-0.00157627227113	-0.000633653698716	-0.000549528474946	0.588865516796	-0.808230598053
-3.96228726782	-7.66017409629	-0.00155222053039	-0.000394935420537	-0.000164982923398	0.580775033315	-0.814063988569
-3.96125256532	-7.66309921788	-0.00155434026348	-0.000617278197737	-0.000239858662461	0.573508392628	-0.819199417127
-3.96021257895	-7.66587615054	-0.00158912414415	-0.00112377448014	-0.000612472365759	0.56452575832	-0.825414459651
-3.95957399939	-7.66749324406	-0.00158090498915	-0.00115334671079	-0.000515211566842	0.559272425214	-0.828982966498
-3.95897203363	-7.66895748303	-0.00156781865355	-0.00105993695111	-0.000335685317293	0.553790240191	-0.832655471199
-3.95805173255	-7.67108556946	-0.00155860172403	-0.00073899712509	-3.75107645161e-05	0.544253647845	-0.838920389121
-3.95755403084	-7.67217740636	-0.00154966792113	-0.000569430499394	3.9963961677e-05	0.53893149429	-0.842349404116
-3.95708322445	-7.6731705044	-0.00156043754014	-0.000669615924167	-0.000427050048752	0.530368813275	-0.847766648995
-3.95691315304	-7.67351648517	-0.0015728121843	-0.000723296936535	-0.000644121633405	0.526275219733	-0.850313739183
-3.95661535741	-7.67410394943	-0.001567154402	-0.000655920436173	-0.000701369950822	0.519564174244	-0.854430890529
-3.95626544851	-7.67476119791	-0.00155032661863	-0.000413933921153	-0.000381213854018	0.508628324059	-0.860986011094
-3.95630151978	-7.67470031982	-0.00155512335329	-0.000434514678607	-0.000316496758178	0.501541436723	-0.865133456917
-3.95634725299	-7.67462320948	-0.00155098128126	-0.000466960231832	-0.000208157932387	0.495312371742	-0.868714793829
-3.95639574207	-7.67454336234	-0.00154835608102	-0.000508971059412	-8.83799348197e-05	0.489114407536	-0.872219484693
-3.95647354191	-7.6744199464	-0.00154813433376	-0.000584230765687	1.59450873359e-05	0.48047285563	-0.87700940327
-3.95655074999	-7.67430184229	-0.00154874922862	-0.000651396686877	1.91745720178e-05	0.472238448117	-0.881470602706
-3.95664163229	-7.67416764457	-0.00154871460998	-0.000676351312932	-5.14614001766e-05	0.464175180734	-0.885743157744
-3.95671994126	-7.67405596216	-0.00154950790158	-0.000633682139647	-0.000105199838246	0.457194326346	-0.889366592209
-3.95674775561	-7.67401708949	-0.00154937710034	-0.000605241682272	-0.000117397213202	0.45470974412	-0.890639471673
-3.95699674718	-7.67368366127	-0.00154875888768	-0.000453239939214	-0.000213567130589	0.441755357178	-0.89713541529
-3.95708718685	-7.67356707901	-0.00154943964691	-0.000413357439185	-0.000226878741403	0.438096223883	-0.89892795945
-3.95736557935	-7.67322076217	-0.00154810475652	-0.000330862700955	-0.000194207018141	0.427304225082	-0.904107821026
-3.95726487514	-7.67333943002	-0.00154972510959	-0.000214269345212	0.000137817015291	0.418738557321	-0.908106797523
-3.95689157593	-7.67377147428	-0.00154557688312	-0.00011502449209	0.000479960769207	0.414095808343	-0.910233166787
-3.95618603087	-7.67456790538	-0.0015395919199	-0.000139810371118	0.000708844624806	0.407355573814	-0.913269354832
-3.95496276145	-7.67590385517	-0.00154790721132	-0.000412488823273	0.000550555627952	0.398992836856	-0.916953784484
-3.95312178855	-7.67784923985	-0.0015458690483	-0.000600968285593	0.000512659466801	0.391544907022	-0.920158661212
-3.94988394208	-7.6811404163	-0.00154806430568	-0.000887646455227	0.000168617297183	0.380783618517	-0.924663733214
-3.9479375559	-7.68304968279	-0.00155780441971	-0.00103258214842	-0.000215076283111	0.374417637913	-0.927259575273
-3.94504375283	-7.68578693366	-0.00157668818415	-0.00106754546171	-0.000770750954029	0.36396426466	-0.931411982068
-3.94283398047	-7.68779456185	-0.00156623776801	-0.000764007489006	-0.000621060378738	0.356086055503	-0.93445264816
-3.94110230688	-7.68931901825	-0.00155509350915	-0.000450838458841	-0.000322929453359	0.349877329894	-0.936795359984
-3.93966222917	-7.6905552479	-0.00154779374277	-0.000238902011096	-0.000114854501215	0.344616964558	-0.938743350162
-3.93739037826	-7.69245040886	-0.00154463628525	-0.000124891533314	-4.83266964058e-05	0.336233333303	-0.941778704178
-3.93449485979	-7.69477329955	-0.00155470727173	-0.000265306862764	-0.000119824709584	0.326590839222	-0.945165773286
-3.92994782621	-7.69826438075	-0.00154016105472	-0.000449603128323	0.000304121523777	0.315672564449	-0.948868029508
-3.9274226714	-7.70013470758	-0.00154002888994	-0.000647878874393	0.0003000699213	0.310079017245	-0.95071052023
-3.92334172525	-7.70306344995	-0.00156429896855	-0.0010825752227	-0.000229860628118	0.300800741705	-0.95368636825
-3.92016239597	-7.70526420483	-0.00158300726223	-0.00127938655259	-0.000598300010589	0.293695145125	-0.955898094431
-3.9154365406	-7.70840595892	-0.00158022864068	-0.00115597816305	-0.000611961692724	0.283368327397	-0.959010260761
-3.91375278693	-7.70948935105	-0.00157433762728	-0.00101737666125	-0.000507637560465	0.279668507549	-0.960095949962
-3.90943871084	-7.71217282567	-0.00156943613722	-0.000627894108617	-0.000544042969485	0.268760449664	-0.963206691454
-3.90565110595	-7.71441493933	-0.00156560043115	-0.000300310116454	-0.000523046504228	0.258809981385	-0.965928066562
-3.90193066705	-7.71652243545	-0.00155403736371	-6.29019448627e-05	-8.70135184089e-05	0.25060302347	-0.968089930275
-3.8986035611	-7.71834297114	-0.00153354574797	-3.13649735908e-05	0.000178417643762	0.243878595813	-0.969805752554
-3.89371976437	-7.72090926202	-0.00155176668404	-0.000350293462516	-6.63764068017e-05	0.234163935445	-0.972197060387
-3.88888160536	-7.72333967238	-0.00156411109367	-0.000687073242666	-0.000153073801004	0.226029849999	-0.974120121653
-3.88545926675	-7.72500183957	-0.0015563265594	-0.000836583144502	2.11050034785e-05	0.221109557916	-0.975248616037
-3.87498323574	-7.72984166968	-0.00154283121842	-0.00112303244389	0.000283907798756	0.207537061575	-0.978226469825
-3.86988530198	-7.73207288003	-0.0015539403618	-0.00116142746065	0.000253831298167	0.201510277899	-0.979485678587
-3.86350365279	-7.73476605397	-0.00154540492006	-0.0010999804225	0.000300740086318	0.194705768872	-0.980861031526
-3.85401406465	-7.73858568168	-0.00154772222466	-0.000958043457896	1.21955040902e-05	0.185101493815	-0.982718942013
-3.84842635475	-7.74073506775	-0.00156665500178	-0.000877286693043	-0.000348624812415	0.179526173168	-0.98375274433
-3.83500041868	-7.74561940332	-0.00157113032291	-0.000612536363991	-0.000548205526557	0.167147202537	-0.98593160866
-3.8265637044	-7.74849750084	-0.00156756590287	-0.000508629317787	-0.000528820594612	0.159537564044	-0.987191585916
-3.81560465286	-7.75202043327	-0.00157119613339	-0.000524011700309	-0.000543636504443	0.149510128562	-0.988759905805
-3.81080598852	-7.75348669613	-0.00157101875373	-0.00057784277974	-0.000546653386448	0.145129773487	-0.989412308452
-3.79775377966	-7.75724239312	-0.00157183410214	-0.000803996043455	-0.00052808837715	0.133267509173	-0.991079636413
-3.78868985757	-7.75965213822	-0.00157176955991	-0.000945143438924	-0.000359681925084	0.12535291606	-0.99211169924
-3.77611884433	-7.76275280264	-0.00153948852496	-0.000999057615877	0.000309566957898	0.115515171027	-0.993305165251
-3.76538790167	-7.76519875069	-0.00152263485902	-0.00101068395934	0.000577785304037	0.107702441769	-0.994182492664
-3.75733986785	-7.76691652336	-0.00153490874492	-0.00104001575147	0.000283321007618	0.101863947302	-0.994797755494
-3.7420501201	-7.76991430695	-0.00158552912762	-0.00107384091298	-0.00075897870283	0.0909018157632	-0.995858991378
-3.73081731321	-7.77189743846	-0.00160651882456	-0.00102379846779	-0.00119889887076	0.0829662634859	-0.996551109377
-3.71674734196	-7.77412458319	-0.00158915854137	-0.000850369568533	-0.000696039536726	0.073543730357	-0.997291387773
-3.70408414696	-7.77590256662	-0.00153468721874	-0.000679835583026	0.000312354978215	0.0656830568463	-0.997840255903
-3.69647211363	-7.7768751736	-0.00151389485196	-0.000617915573158	0.000740889461831	0.0611323875819	-0.99812920028
-3.67492522041	-7.77925104431	-0.00152980059536	-0.000684824358576	0.000563287253989	0.0486271021923	-0.998816609121
-3.65915253643	-7.78065840166	-0.0015571369415	-0.000893085962729	-0.000305819356107	0.0398938687636	-0.999203476829
-3.64880243067	-7.78143317218	-0.00159176680702	-0.00105068160354	-0.000914920206509	0.0342269986939	-0.999413113557
-3.62915392238	-7.78258961889	-0.00160337887978	-0.00125846779793	-0.00102142469571	0.0240449335237	-0.999709564885
-3.61064438107	-7.78331433838	-0.00156749127237	-0.00131683293443	-0.000490628066623	0.0146809209246	-0.999891241984
-3.59224083969	-7.78368711327	-0.00155623931562	-0.00124150301375	-0.000199094069769	0.00534353114144	-0.99998493274
-3.58380008784	-7.78374280381	-0.0015561595919	-0.00117155493742	-0.000225777857382	0.00109210903271	-0.99999869189
-3.56240621434	-7.78356332744	-0.00157341192591	-0.000951842285433	-0.000591351479885	-0.0096405266684	-0.999952901163
-3.54441467994	-7.78305853792	-0.00158555644643	-0.000788825537442	-0.000869533658428	-0.0186448556309	-0.999825480283
-3.52889573835	-7.78236415533	-0.0015867404625	-0.000706544519059	-0.000893498221714	-0.0262795218302	-0.999653984731
-3.51789340594	-7.78173113818	-0.00158226787121	-0.000673720275376	-0.000807871327575	-0.0313120308946	-0.999509104594
-3.49049435097	-7.77968472172	-0.00156865984058	-0.00070116307092	-0.000520705945153	-0.0433694025075	-0.99905872308
-3.47758975929	-7.77849532268	-0.00156734866294	-0.000751206487435	-0.000506069783062	-0.0485953201217	-0.998818138824
-3.46965431084	-7.77769778296	-0.00156731143672	-0.000779286475919	-0.000536549425409	-0.0517368416673	-0.998660304629
-3.44386718943	-7.77475988353	-0.00157763788083	-0.000885745792976	-0.000721741341266	-0.0618609707352	-0.998084122128
-3.43246287544	-7.77329154264	-0.00157840012414	-0.00091928212304	-0.000774331974621	-0.0662807455787	-0.997800289685
-3.4171038125	-7.77115761497	-0.00157932711356	-0.000907637927142	-0.000781397898625	-0.0716143446099	-0.997431677488
-3.40325270649	-7.76909746793	-0.00157628021843	-0.000832641696084	-0.000732594425193	-0.0759209689354	-0.9971132215
-3.38400623665	-7.76603835765	-0.00157384309193	-0.000679552174581	-0.000653295114993	-0.0813700541278	-0.996683513311
-3.36135327233	-7.76219584071	-0.00157205814969	-0.000417396129383	-0.000642825095368	-0.0859926861815	-0.996295473481
-3.34757259217	-7.75976927088	-0.00157545485022	-0.000261443148267	-0.000665764664382	-0.0879306394384	-0.996126342917
-3.33527047618	-7.7575595905	-0.001575646745	-0.000175510168884	-0.000682027121854	-0.0895178031258	-0.995984973259
-3.31313220334	-7.7534987935	-0.00157585358305	-0.000139585234168	-0.000692631732297	-0.0912832162384	-0.995824721128
-3.29788412356	-7.75067416743	-0.00157526178908	-0.000167691234883	-0.000674873477565	-0.0915432421166	-0.995800859233
-3.27870470132	-7.74712652865	-0.00157529942953	-0.000249373638961	-0.000661891387028	-0.0908361198656	-0.9958656029
-3.26640590362	-7.74487625237	-0.00157332143265	-0.000282994273987	-0.000663139725488	-0.0897615640234	-0.995963022298
-3.25016290552	-7.74195105757	-0.00157522606153	-0.000318468071518	-0.000661858393657	-0.0881766224454	-0.996104584758
-3.23243316406	-7.7388192983	-0.00157459682471	-0.000348026383874	-0.000671543013464	-0.0863516847755	-0.99626442998
-3.21813800667	-7.73634892568	-0.00157515084705	-0.000320140605394	-0.000681963666982	-0.0842867015903	-0.99644125987
-3.20382637209	-7.73394741177	-0.00157608719921	-0.000232575449009	-0.00068392102407	-0.0814803846761	-0.996674683673
-3.18702814239	-7.73123952342	-0.00157556138311	-0.000116692492895	-0.000662024294522	-0.0780937144008	-0.996945795857
-3.16922746633	-7.72849387394	-0.00157440274519	-4.43197487898e-05	-0.000637808279203	-0.0746626924962	-0.99720864095
-3.14992690894	-7.7256587335	-0.00157384612463	-2.59220842895e-05	-0.000620768670003	-0.0709744465417	-0.997477940564
-3.13358178452	-7.72337110297	-0.00157459563336	-7.79544783238e-05	-0.000627766978773	-0.068017502477	-0.997683927498
-3.11920858671	-7.72143402387	-0.00157405908211	-0.000185401329198	-0.000637682726608	-0.0659701580084	-0.997821375417
-3.10135472027	-7.71910636408	-0.00157507904462	-0.000343313525354	-0.000662111617222	-0.0636122254398	-0.997974412757
-3.08199832424	-7.71667722509	-0.00157606158834	-0.000470644952452	-0.000673949875288	-0.0611899230745	-0.998125802491
-3.06710092528	-7.71487108304	-0.00157600397501	-0.000513534766704	-0.000676787011205	-0.0593480196554	-0.998236991302
-3.05468151028	-7.71340747851	-0.00157528169692	-0.0004982318287	-0.000671656984214	-0.0578188886605	-0.998326738476
-3.03430570991	-7.71108908605	-0.00157561518613	-0.000394442810497	-0.000656325321491	-0.0553077816883	-0.998469059579
-3.01839595293	-7.70935041176	-0.00157490955042	-0.000277952929194	-0.00064691012549	-0.0533520120863	-0.998575518955
-3.00347444369	-7.70777717871	-0.00157503996869	-0.000173172651803	-0.000641474182557	-0.051506459215	-0.998672440383
-2.98356567036	-7.70577504031	-0.00157593525148	-5.50309333681e-05	-0.000652182596223	-0.0482442056635	-0.998835355927
-2.96762063973	-7.70428422233	-0.00157617292882	3.78540886293e-05	-0.000661725864515	-0.0445592655952	-0.999006522769
-2.95016427993	-7.70279927996	-0.0015763802298	8.52810772834e-05	-0.000652935505399	-0.0400871162247	-0.999195971527
-2.93020362297	-7.70129387702	-0.00157432564227	2.31005405463e-05	-0.000629374837567	-0.0352362925517	-0.999378810582
-2.91722793658	-7.70041364156	-0.00157415857353	-9.06780280996e-05	-0.000612978660011	-0.0325450353546	-0.999470077946
-2.905249177	-7.69966168696	-0.00157450538107	-0.000217860705942	-0.000616794489993	-0.0301276689788	-0.999545844703
-2.88177956307	-7.69835105255	-0.00157531608789	-0.000439861466873	-0.000640063758429	-0.0258051759482	-0.999666689319
-2.87028878974	-7.69777969125	-0.00157707408047	-0.000517034470966	-0.000657110744078	-0.0238313316234	-0.999715643828
-2.85479474213	-7.6970801698	-0.00157602362529	-0.000545462537102	-0.000668018896054	-0.0211964127866	-0.999774958831
-2.84029676139	-7.69649690631	-0.00157655942433	-0.000506496564459	-0.000656362449399	-0.0190362919118	-0.99981844964
-2.81680753291	-7.69565693732	-0.00157496603806	-0.000421240505236	-0.000621497820062	-0.01681230095	-0.999858381389
-2.79831904657	-7.69506051931	-0.00157401700446	-0.00032546172132	-0.000617508717925	-0.0153589258824	-0.999881801091
-2.78782509574	-7.69474426468	-0.00157497143132	-0.000286741628429	-0.000618721611992	-0.0148215079806	-0.999889922874
-2.76683886832	-7.69412784414	-0.00157550255398	-0.000317507885485	-0.000629036910898	-0.0147472781653	-0.999891004704
-2.75434588498	-7.69375791982	-0.00157499536294	-0.000371331007479	-0.000640769895343	-0.0148976917373	-0.999888748966
-2.74185127163	-7.6933844132	-0.00157590464195	-0.00043364413605	-0.000645466859453	-0.0150704995933	-0.999886131201
-2.71786144674	-7.69265439434	-0.0015761618272	-0.000553617273378	-0.000649619681762	-0.0154091226675	-0.999880908129
-2.70086912433	-7.69212690933	-0.00157588600906	-0.000592344685859	-0.000644876292663	-0.0156606360365	-0.999876981304
-2.68737662092	-7.69170134431	-0.00157606970209	-0.000591822996735	-0.000639422246153	-0.015891749334	-0.999873338572
-2.66539077713	-7.69099324445	-0.00157553095685	-0.000531353099872	-0.00063803066212	-0.016284635836	-0.999867051771
-2.65439782915	-7.6906325213	-0.00157565142433	-0.00048297165429	-0.000639364801746	-0.0164828332478	-0.999863827808
-2.63640891531	-7.69003286801	-0.00157589965696	-0.000402456505995	-0.000642576181087	-0.0167971010483	-0.999858631268
-2.61642054981	-7.68935394968	-0.00157583246708	-0.000338569432726	-0.000643564274955	-0.0171301203183	-0.999853004283
-2.59993041356	-7.68878423947	-0.00157570928039	-0.000326970034642	-0.00064153599021	-0.0174056061458	-0.999848251685
-2.58543988344	-7.68827633363	-0.00157561658156	-0.000349244627044	-0.000639024461238	-0.0176600002508	-0.999843784832
-2.56795233284	-7.68765373961	-0.00157563551591	-0.000406687188	-0.000638550684384	-0.0179691478984	-0.99983825521
-2.54496937946	-7.68681920556	-0.00157578678054	-0.00049600670383	-0.000641889062486	-0.0183767067512	-0.999830804989
-2.54097237939	-7.6866721161	-0.00157586764447	-0.000509661491025	-0.000642541876641	-0.0184568066682	-0.999829322271
-2.51149498281	-7.68556595006	-0.00157594288093	-0.000563767878758	-0.000645926563676	-0.019088582687	-0.999817428812
-2.50649888261	-7.68537461101	-0.00157589248847	-0.000561996756695	-0.000646004730681	-0.0191973569414	-0.999815347114
-2.4825182506	-7.68444070491	-0.00157596636574	-0.000514247840128	-0.000644508721356	-0.0197187902252	-0.999805225766
-2.47202715004	-7.6840240846	-0.00157582079068	-0.000479735688068	-0.000643583051868	-0.0199478284605	-0.999800700037
-2.45354338331	-7.6832783125	-0.00157569909654	-0.000416499363625	-0.000641917368781	-0.020353494392	-0.999792553351
-2.43156414278	-7.68237086904	-0.00157535692076	-0.000372909142511	-0.000637968348098	-0.0210123447028	-0.99977894322
-2.42007661443	-7.68188253969	-0.00157566705053	-0.000381567257005	-0.000635951980276	-0.0215192135456	-0.999768159835
-2.40159815198	-7.68107186886	-0.00157509998203	-0.000423539627878	-0.000639553153567	-0.0223661552124	-0.999749551981
-2.38511619346	-7.68032650634	-0.00157656469779	-0.000458937347164	-0.000651370055253	-0.0226937052382	-0.999742147174
-2.36962975884	-7.67962353833	-0.00157579744577	-0.00046162947596	-0.000659021211919	-0.0226283396062	-0.999743622553
-2.35364261639	-7.67890139966	-0.0015770358209	-0.000454756660392	-0.000655577773438	-0.0224988541327	-0.99974655037
-2.33415873158	-7.67803086321	-0.00157557533091	-0.000420570026128	-0.000649906873913	-0.0220317336896	-0.999756972195
-2.32316775556	-7.67754947828	-0.00157520491128	-0.000389814789298	-0.000641377442436	-0.021703099335	-0.999764178273
-2.29669146843	-7.67642006134	-0.00157515793312	-0.000340232294098	-0.000636699870166	-0.0208761421577	-0.999781808968
-2.28570049174	-7.67596450371	-0.00157517625352	-0.000328774790768	-0.000638807865677	-0.0205108915584	-0.999789371397
-2.26671437474	-7.67519713836	-0.00157606936454	-0.000334083084702	-0.000642901941251	-0.0198678078756	-0.999802353106
-2.25422248941	-7.67470566339	-0.00157586557979	-0.000352262274104	-0.000645443859432	-0.0194445354667	-0.999810666753
-2.23623322848	-7.67401617757	-0.0015757984359	-0.000390558829666	-0.000643966977214	-0.0189207196414	-0.999820703496
-2.21974427764	-7.67339730096	-0.00157596188492	-0.00044184330529	-0.000638562109543	-0.0186422132064	-0.999825917297
-2.20275649661	-7.67276813258	-0.00157531631066	-0.000482688464558	-0.000638682407295	-0.0183925039888	-0.999830523086
-2.18476913954	-7.67210969865	-0.00157584712415	-0.000503380386576	-0.000639708505005	-0.0182237969559	-0.999833601459
-2.16578183253	-7.67141996596	-0.00157578718561	-0.00049548753355	-0.000644993787382	-0.0180736312173	-0.999836327771
-2.15528813451	-7.67104110365	-0.00157588491591	-0.000476452183735	-0.000646085611964	-0.017992130409	-0.999837806252
-2.13929654694	-7.67046906727	-0.00157652480122	-0.000429551359954	-0.000649782666847	-0.0176336530786	-0.999844211639
-2.11780532115	-7.66972416832	-0.00157596879164	-0.000346475718333	-0.000645395641991	-0.016945121864	-0.999856152786
-2.10081247935	-7.66915706013	-0.00157577435808	-0.000304588520122	-0.000640354468499	-0.0163321213916	-0.999866370563
-2.08231699345	-7.66857390022	-0.00157594940584	-0.000255660485256	-0.000649291546049	-0.0148636426988	-0.999889286463
-2.07481682239	-7.66835588557	-0.00157569651599	-0.000231503804748	-0.000650593343966	-0.0140761697002	-0.999900687359
-2.04931351791	-7.66770696957	-0.00157642817664	-0.000212084042788	-0.000644435695445	-0.0112783908224	-0.999936166774
-2.03831186425	-7.66747142134	-0.00157503729597	-0.000228653006547	-0.000640096062252	-0.0100545017187	-0.999949221206
-2.01880883624	-7.6671217061	-0.0015756285887	-0.000280358766518	-0.000631413818216	-0.00783096100348	-0.999969098905
-2.00130641043	-7.66688198996	-0.00157551898951	-0.000341442575757	-0.000632538442509	-0.00582710182731	-0.99998276395
-1.99080465577	-7.66677066643	-0.00157523802506	-0.000377889382279	-0.000632744674387	-0.00480956131743	-0.999988162407
-1.97130345205	-7.66661076336	-0.00157630439323	-0.000464221214126	-0.000628298995933	-0.00348728534983	-0.99999361427
-1.9578029638	-7.66652754842	-0.00157516469467	-0.000502931043184	-0.000632832250673	-0.00265970871618	-0.999996136259
-1.93830040637	-7.66644572324	-0.00157627979267	-0.000507384645358	-0.000635345841175	-0.00159532545364	-0.999998396915
-1.91730121418	-7.6663863361	-0.00157591513178	-0.000511171519943	-0.000626398578766	-0.00138547755341	-0.999998713389
-1.90630277894	-7.66635548476	-0.00157527860862	-0.000503473996506	-0.000627914291912	-0.00140388344566	-0.999998690674
-1.88380688375	-7.66628431074	-0.00157534934844	-0.000484957231136	-0.000620281434163	-0.00207872176424	-0.999997529489
-1.87081269119	-7.66621918226	-0.00157593587362	-0.000515005077963	-0.000618312934933	-0.00308407346449	-0.999994920462
-1.8573190588	-7.66612129906	-0.00157463949481	-0.000547818092862	-0.000626908403725	-0.00423579672026	-0.99999068241
-1.83632688975	-7.66590559429	-0.00157632900985	-0.000587914410956	-0.000632748914532	-0.00628957620517	-0.999979847405
-1.8203355917	-7.66567321466	-0.00157628311372	-0.000644487996847	-0.000632408426286	-0.00843617864077	-0.999964007145
-1.80134753715	-7.66530390971	-0.0015749397585	-0.000681731601684	-0.000636857670463	-0.0111205048503	-0.999937730074
-1.78685885453	-7.66495050301	-0.00157579000307	-0.000694961615018	-0.000630786911702	-0.0135422506761	-0.999907859046
-1.76987922486	-7.66443556989	-0.0015758283552	-0.000729497511045	-0.000627406906988	-0.0169996458646	-0.999855032609
-1.7509069658	-7.66371646524	-0.00157447131041	-0.000732468393952	-0.000637122532274	-0.0210089013921	-0.999778817353
-1.7384270442	-7.66316085532	-0.0015761952691	-0.000713974872599	-0.000644975880448	-0.023561338607	-0.999721930123
-1.71496857192	-7.66194951698	-0.00157552393101	-0.000635513718585	-0.000661113839472	-0.0280640676135	-0.999605705846
-1.69451316934	-7.66072036335	-0.00157590852722	-0.000570722002863	-0.000652819880424	-0.032149210723	-0.999482704379
-1.68753244192	-7.66026098458	-0.00157485938399	-0.000567207134167	-0.000643385195421	-0.0337807635909	-0.999428899093
-1.66809951174	-7.65885645449	-0.00157471947938	-0.000604941535327	-0.000634328356998	-0.0385368608432	-0.999256794838
-1.65117074643	-7.65748012411	-0.00157414114878	-0.000657634240067	-0.000642003446509	-0.0427234148722	-0.999086515358
-1.63474889773	-7.65601067135	-0.00157593709172	-0.000706631986082	-0.000662166561155	-0.0466097805081	-0.998912704178
-1.62678972781	-7.65525242288	-0.00157557182007	-0.000723521203334	-0.000670771474258	-0.0484725901715	-0.998824025835
-1.59994622122	-7.6524734711	-0.00157583205489	-0.000739101785694	-0.000677367147826	-0.0548162403668	-0.998495956273
-1.58604423074	-7.65089496082	-0.0015748757322	-0.000734607068487	-0.000666280954579	-0.0583560420684	-0.998295341458
-1.5662083902	-7.64846684434	-0.00157404804151	-0.000709344337935	-0.000660718819896	-0.0634794799974	-0.997982673146
-1.55630045579	-7.64717641205	-0.00157409932191	-0.000688650971338	-0.000661889862265	-0.0660450164453	-0.997816187213
-1.53403286514	-7.64408376052	-0.00157429895084	-0.000656484347039	-0.00066852230552	-0.0721718903873	-0.997391768737
-1.51921289479	-7.64185927512	-0.00157442645607	-0.000686225577081	-0.000669788071228	-0.0769283452843	-0.99703616292
-1.49948866634	-7.63866859657	-0.00157325634515	-0.000745820230582	-0.000681925300566	-0.0834660128402	-0.996510112056
-1.48423226547	-7.63601605806	-0.00157438552172	-0.00079295346507	-0.000688073222182	-0.0886684173776	-0.996060645513
-1.46753261541	-7.63292238906	-0.00157370971053	-0.000831412870895	-0.000701356270183	-0.0943962270175	-0.995534112513
-1.45282685138	-7.63003298183	-0.00157367181536	-0.000833501465699	-0.000707520118642	-0.0994288673435	-0.995044071903
-1.43228482259	-7.62574691741	-0.00157411858992	-0.000766845145489	-0.000717439595458	-0.105851954787	-0.994381345811
-1.42496089668	-7.6241531077	-0.00157321476189	-0.000726859723083	-0.000714286911762	-0.108075221262	-0.994142197082
-1.4020605896	-7.61894805367	-0.00157357351027	-0.000609113726186	-0.000701518043093	-0.114985976803	-0.993366680532
-1.38942310778	-7.61593514353	-0.00157310599194	-0.000546395722217	-0.000700013156182	-0.118415808737	-0.992963699072
-1.37922875109	-7.61344168409	-0.00157337372819	-0.000486580443901	-0.000700768081662	-0.120805609085	-0.992675816658
-1.35500107228	-7.60731725896	-0.00157403645749	-0.000409401957552	-0.000691029642044	-0.126172315298	-0.992008014948
-1.34436177149	-7.6045417622	-0.00157315331574	-0.000410223661725	-0.000693533311555	-0.128272852265	-0.991738587582
-1.3221478343	-7.59860705894	-0.00157259482989	-0.000425420834963	-0.000692606358183	-0.132035899219	-0.991244601817
-1.30527737179	-7.59398245331	-0.00157341766042	-0.000481912273845	-0.000696502570034	-0.134779826825	-0.990875209563
-1.29228008502	-7.59035288445	-0.0015722796041	-0.000519828852063	-0.000705891013819	-0.136700538388	-0.990612030161
-1.27929572745	-7.58667443057	-0.00157243535979	-0.00054497513318	-0.000708238209445	-0.138559285231	-0.990353737751
-1.26056574406	-7.58127539751	-0.00157314915612	-0.000566825761403	-0.000714248252088	-0.141219390612	-0.989977904942
-1.25288996771	-7.57903122006	-0.00157247057268	-0.000564349188085	-0.000715901265163	-0.142288539764	-0.989824802906
-1.22940467061	-7.57206889171	-0.00157282878043	-0.000479285426112	-0.000717141983767	-0.144721029371	-0.989472121715
-1.21408243814	-7.5674653345	-0.00157361433006	-0.00040019634473	-0.000703093715448	-0.146092441255	-0.989270612174
-1.19590144854	-7.56195001325	-0.00157277653435	-0.000303114172437	-0.000695436124904	-0.147081016398	-0.989124157579
-1.17723989841	-7.55627521504	-0.00157333679247	-0.000165588841745	-0.000683805788329	-0.146674745436	-0.989184524768
-1.16527016389	-7.55265398248	-0.00157400200322	-8.89593386377e-05	-0.000672566404684	-0.145925700472	-0.989295319752
-1.15089865093	-7.54833541195	-0.00157309852893	-4.43031713637e-05	-0.000659120449069	-0.144800699932	-0.989460621196
-1.12979376304	-7.54208313023	-0.00157259746816	-1.13307346103e-05	-0.000656375080195	-0.141771197157	-0.98989923563
-1.11537380143	-7.53791121377	-0.00157412918503	6.14034197193e-06	-0.00065623818558	-0.138729035107	-0.990330159155
-1.10526284675	-7.53504718448	-0.00157396240616	6.60669860642e-06	-0.000656768251628	-0.136272068359	-0.990671233052
-1.08837402497	-7.53039553025	-0.00157361649562	1.91750997437e-05	-0.000663345783874	-0.131369314511	-0.991333275347
-1.06658838123	-7.52467505543	-0.0015746687762	2.26907447983e-05	-0.000645304282679	-0.124577981584	-0.992209609695
-1.04959052104	-7.52044107193	-0.00157348030835	2.45874085231e-05	-0.000647977868178	-0.118561160783	-0.992946539686
-1.04180056929	-7.51857767218	-0.00157282406381	4.7208752913e-05	-0.000649307972102	-0.115418612331	-0.99331672698
-1.0212875519	-7.51393812862	-0.00157551894071	0.000148540236326	-0.000647373870185	-0.106136529449	-0.994351344324
-1.00314197056	-7.51018135397	-0.0015748803555	0.000236193533482	-0.00063686935848	-0.0972851887046	-0.995256314056
-0.991829037843	-7.50801210229	-0.00157324661583	0.0002779736592	-0.00062334848818	-0.0916357294556	-0.995792361516
-0.972101767486	-7.50454795282	-0.00157393797796	0.000286960941336	-0.000604341673394	-0.0817699491505	-0.99665100604
-0.957266419142	-7.50220671701	-0.00157313896386	0.000241760426589	-0.000606332834673	-0.0744556437222	-0.99722411274
-0.93644817962	-7.49928057839	-0.00157388174445	8.14817242469e-05	-0.000616413302481	-0.0651705558774	-0.997873945968
-0.927511159386	-7.49814206401	-0.00157469906172	-4.91860661278e-06	-0.000631659288819	-0.0613402238012	-0.998116715583
-0.902139405088	-7.49528685476	-0.00157551062798	-0.000178091422665	-0.000663233312499	-0.0505249916712	-0.998722560885
-0.884691344357	-7.49364435779	-0.00157575057645	-0.000211143170318	-0.000667759255122	-0.0430907674294	-0.999070916041
-0.871215862293	-7.49255411602	-0.00157505992403	-0.000175436552388	-0.000657913512028	-0.0373590873499	-0.999301673652
-0.855731123231	-7.49149390935	-0.00157504314608	-8.1743947126e-05	-0.000642089809225	-0.030584211057	-0.999531984017
-0.834729087089	-7.49040981021	-0.00157370984031	0.000135602919898	-0.000634566854138	-0.0204333526697	-0.999791006679
-0.823719573925	-7.49001526788	-0.00157450840474	0.00024602469423	-0.00062702521882	-0.0150090342027	-0.999887131232
-0.808202308609	-7.48966041165	-0.0015741683114	0.000335965104353	-0.000620459347093	-0.00752649996468	-0.99997142657
-0.783670543408	-7.48957165137	-0.00157358860219	0.000316499911778	-0.000622399111828	0.00420594804822	-0.999990911183
-0.773657964031	-7.48970137306	-0.00157434844025	0.000252808610492	-0.000627270428898	0.00899557814141	-0.999959310269
-0.75864249349	-7.49007335526	-0.0015738136083	0.000107879594319	-0.000632261272609	0.0158498861222	-0.999874176943
-0.735134415656	-7.49104899105	-0.00157488958859	-0.000188014736329	-0.000632062581304	0.0257063374	-0.999669320008
-0.721639332035	-7.49181655572	-0.0015740890165	-0.000310474293557	-0.000632818562262	0.0313258167755	-0.999508977623
-0.708650982889	-7.49270176778	-0.00157596654366	-0.000351990736775	-0.000640325367404	0.0371496665898	-0.999309445747
-0.687689328905	-7.49446523282	-0.00157422508508	-0.000228361211715	-0.000647979449209	0.0472754415826	-0.998881654951
-0.667266957547	-7.49659866456	-0.00157428934491	7.39023991461e-06	-0.000634637547461	0.057275232363	-0.998358224756
-0.65583321047	-7.49797425301	-0.00157234449211	0.000147551472129	-0.000628207655973	0.0629427008753	-0.998016933719
-0.638964526735	-7.50024651626	-0.00157199796388	0.000312116287722	-0.000624304672124	0.0713516324584	-0.997450979935
-0.6196675426	-7.50320311599	-0.00157198943886	0.0003654859094	-0.00063718791958	0.0809290776206	-0.996719591865
-0.608314520974	-7.50511786396	-0.00157142441909	0.000309747360388	-0.000638125170399	0.0861562990037	-0.996281380432
-0.597967080836	-7.50696676986	-0.00157246983523	0.00019316013725	-0.000631960139913	0.0905601927793	-0.995890764491
-0.574868050963	-7.51142770106	-0.00157216827754	-0.000161198748398	-0.000623076043898	0.100110167634	-0.994976150532
-0.561145852972	-7.51429663342	-0.00157390571698	-0.000339313921022	-0.000615307321156	0.10593915836	-0.994372365359
-0.540624818737	-7.51891783079	-0.00157322663631	-0.000422388012789	-0.000622807491433	0.115710593734	-0.993282684938
-0.525052195024	-7.52271538821	-0.00157363154145	-0.000327656014825	-0.000614698556086	0.123409364774	-0.992355603336
-0.515352190836	-7.52521004393	-0.00157297099423	-0.000227807009271	-0.000610194792093	0.128209333576	-0.991746914566
-0.498441429758	-7.52979895685	-0.00156960812218	-9.28689600516e-06	-0.000609648841244	0.136570915474	-0.990630109218
-0.482094643948	-7.53452838774	-0.00157002373229	0.000184968933966	-0.000624560262228	0.144679728909	-0.989478323034
-0.462965898492	-7.54043419839	-0.00156951351793	0.000296234920494	-0.000655451083122	0.154073348991	-0.988059150942
-0.448692157981	-7.54509489062	-0.00156983299191	0.000243395221824	-0.000653849210603	0.160378844987	-0.987055286861
-0.431641541358	-7.55091550018	-0.0015703440471	2.33502777509e-05	-0.000631904516131	0.167293560753	-0.985906924959
-0.41232021844	-7.55782885289	-0.00156987366632	-0.000287386203954	-0.000586373532933	0.17458893359	-0.984641192437
-0.393567128971	-7.56482260698	-0.00157070524028	-0.000600132551672	-0.000521513133032	0.180354741648	-0.983601308982
-0.383754635063	-7.56857617869	-0.00156985159112	-0.000712398324468	-0.000502188163753	0.183132800638	-0.983087797517
-0.368841963812	-7.57439966632	-0.0015699786428	-0.000764240253497	-0.000490093817721	0.187087827355	-0.98234277144
-0.350728440317	-7.58164122368	-0.001571084745	-0.000697752357186	-0.00049488150003	0.191043644738	-0.981581170377
-0.331746250554	-7.58940343725	-0.00156883127155	-0.000476032541584	-0.000544352870589	0.195041590581	-0.980794705846
-0.317434826308	-7.59537896977	-0.00157050027269	-0.000260107692376	-0.000591696523474	0.198276085928	-0.980145997282
-0.309603329333	-7.59869638664	-0.00157004734538	-0.000152904736699	-0.000613354361794	0.200064375269	-0.979782550449
-0.2907659267	-7.6068154887	-0.0015690561473	1.65885897338e-05	-0.000643769777585	0.204370078762	-0.978893485622
-0.278401172916	-7.61225302354	-0.00156880858009	3.07654194176e-05	-0.000640966002441	0.207180345387	-0.978302556831
-0.255586285474	-7.62249103052	-0.00156839870632	-0.000196492530585	-0.000573724787913	0.211146899423	-0.977454151914
-0.246028779225	-7.62683747208	-0.00156829018083	-0.000375658855487	-0.000536210657139	0.212339413264	-0.977195755687
-0.227851122401	-7.63518382303	-0.0015688547594	-0.000687540341474	-0.000494236651292	0.214824941831	-0.976652203902
-0.211523029184	-7.64277927672	-0.00157155424686	-0.000847322956277	-0.000475810478367	0.21718078267	-0.976130915035
-0.198394230102	-7.64895465858	-0.0015703942498	-0.000861298059315	-0.000475713464875	0.219081642846	-0.975706034434
-0.178069719643	-7.65863439212	-0.00156968747734	-0.000679613686136	-0.00049223231603	0.221922474995	-0.975063952223
-0.17401232386	-7.66058386127	-0.00156952807856	-0.00062455502097	-0.000499280370584	0.222486138228	-0.974935525533
-0.151965073238	-7.67127753753	-0.00156764353522	-0.000299381689667	-0.000558339553919	0.225531537936	-0.974235661441
-0.142537272062	-7.67590143275	-0.00156763385267	-0.000191676599089	-0.000582091295801	0.226636833726	-0.973979142502
-0.117438598504	-7.68830604184	-0.00156818144839	-0.000195383374588	-0.000585519007809	0.228185828467	-0.973617402617
-0.107139283728	-7.69342134127	-0.00156745876943	-0.000292232979854	-0.000573356175466	0.228687606345	-0.973499647954
-0.0928169745229	-7.7005617143	-0.00156991946598	-0.000461791051792	-0.000551170899233	0.229721373688	-0.973256170507
-0.0785085278933	-7.7077366168	-0.00156964106322	-0.000626543386488	-0.00051744255165	0.230884450199	-0.972980837608
-0.06287821647	-7.71562314937	-0.00156948757283	-0.000751038260996	-0.000479384305206	0.232173152414	-0.972674063307
-0.0499447128822	-7.72218672367	-0.00156859107985	-0.000784018780737	-0.000456690335505	0.233165322747	-0.972436686379
-0.0299051637234	-7.73241944187	-0.00156827282996	-0.000706451639082	-0.000464168077058	0.234668516723	-0.972075085954
-0.0174522052188	-7.73881687597	-0.00156808326544	-0.00059901655013	-0.000493622225744	0.235597888802	-0.971850313736
-0.00945260484032	-7.74294207773	-0.00156826936225	-0.000520923466274	-0.000516463488028	0.236157575206	-0.971714495918
0.00964063215858	-7.75283196733	-0.00156870031608	-0.000364761074807	-0.00056064488652	0.237329080507	-0.971429081391
0.0260517839502	-7.76137897379	-0.00156808155229	-0.000301582098458	-0.000576848066173	0.238310093111	-0.971188898112
0.0433291549314	-7.77043174635	-0.00156901422695	-0.000309199109276	-0.000582128317151	0.239946593231	-0.970785866151
0.05261900661	-7.77533542162	-0.00156787016735	-0.000327716814096	-0.000578677133487	0.241077354232	-0.970505675929
0.0693989812285	-7.78426549656	-0.00156918849857	-0.000403726160308	-0.00055216345741	0.243192885321	-0.969977707295
0.0852574726468	-7.79279396112	-0.00156769903579	-0.000489477699675	-0.00052742539139	0.245458703959	-0.969406780916
0.0988785727014	-7.80020877812	-0.00156838251544	-0.000504490738168	-0.000533242023293	0.248277054102	-0.968688786736
0.112017128572	-7.80747290996	-0.00156927007433	-0.000446048442703	-0.000559143212382	0.251880127689	-0.967758177271
0.129448807909	-7.81731664101	-0.00156757868227	-0.000319582059298	-0.000573070435306	0.256664170827	-0.966500425696
0.140725185315	-7.82380098716	-0.00156781084946	-0.000265519838543	-0.000569441672853	0.259539423349	-0.965732309164
0.15842424114	-7.83415891741	-0.0015653592232	-0.00021830707798	-0.000564885129566	0.263961551112	-0.9645330128
0.167022577906	-7.83926811335	-0.00156611709941	-0.000233308358352	-0.000556564808515	0.265824303008	-0.964021304606
0.185019291046	-7.85009123475	-0.00156644696708	-0.000375877380364	-0.000529964571911	0.269001826271	-0.963139447493
0.20082064407	-7.85972259086	-0.00156683182371	-0.000520335695121	-0.00051153903698	0.271605857172	-0.962408294815
0.207213018643	-7.86365137442	-0.00156778975366	-0.000575975427331	-0.000497742221575	0.272485768594	-0.962159511941
0.223378381595	-7.8736434835	-0.0015675378923	-0.00072312924441	-0.000441998123087	0.27381710001	-0.961781408359
0.24036996446	-7.88418956029	-0.00156616642479	-0.000819563477218	-0.000403805420129	0.274490558241	-0.961589360742
0.258621801485	-7.89554514225	-0.00156696635013	-0.000800980413643	-0.000406896257081	0.274752324088	-0.961514614176
0.271355259566	-7.90346757254	-0.00156747402307	-0.000743315359523	-0.000436560951366	0.274695445188	-0.96153089877
0.286215743691	-7.91270994713	-0.00156690405831	-0.000625164490371	-0.000482837589703	0.274641941227	-0.961546244419
0.302349616607	-7.92275496532	-0.00156862667959	-0.000463373362401	-0.000546325720652	0.275454282888	-0.961313905471
0.316342381973	-7.93151930994	-0.0015677241479	-0.000296048666084	-0.00060164222305	0.277274610775	-0.960790476952
0.326495614034	-7.93793402939	-0.00156807083807	-0.000188362207054	-0.000626403388743	0.279047969721	-0.960276940644
0.340413912927	-7.94681444364	-0.00156651530808	-0.000124506276117	-0.000615413974652	0.28136459138	-0.959600735974
0.357640367773	-7.95793394139	-0.00156484959282	-0.000206598510093	-0.000568596463935	0.284098292335	-0.958794969901
0.371456921247	-7.96695486424	-0.00156545093436	-0.000358129792402	-0.000527045717584	0.286347390868	-0.958125652359
0.382729630837	-7.97438932438	-0.00156751113528	-0.000489252416611	-0.000513964872495	0.288686521757	-0.957423411364
0.396044067291	-7.98328516132	-0.00156728513545	-0.000574004908478	-0.000518120515716	0.292100139936	-0.956387426893
0.409296316393	-7.99228142094	-0.001569031988	-0.000586599694744	-0.000510973389879	0.295674508529	-0.955288427551
0.420834376781	-8.00023474131	-0.00156764409976	-0.000539539145185	-0.000511527767123	0.299071602195	-0.954230383082
0.439249963961	-8.01319163767	-0.00156561516406	-0.000358407037835	-0.000529689872264	0.304797180269	-0.952417067189
0.451839914821	-8.02224317111	-0.00156526528792	-0.000240117940826	-0.000556544217077	0.308802738828	-0.951125912324
0.465155253264	-8.03200165083	-0.00156514755493	-0.000128741185607	-0.000611975799948	0.313668308446	-0.949532411868
0.480361453575	-8.0434232074	-0.00156638954328	-4.06318620952e-05	-0.000659975066334	0.319796336121	-0.94748607704
0.495024545828	-8.05473563129	-0.00156656414932	-5.95978332352e-05	-0.000655749083243	0.325814139023	-0.945433611236
0.505240598099	-8.06279727826	-0.00156521185819	-0.000117108172285	-0.00063071307392	0.330210016243	-0.94390726963
0.520027047773	-8.07476347115	-0.00156614491382	-0.000200288945281	-0.000605913751433	0.337649882077	-0.941271560118
0.531941133963	-8.0847120916	-0.0015669437327	-0.000225282052522	-0.000606244435618	0.344589286198	-0.938753325189
0.545967155311	-8.09681338886	-0.00156599099671	-0.000243030300127	-0.00058068662204	0.352473100713	-0.935821733565
0.552716328717	-8.1027815936	-0.00156637607513	-0.000259982631373	-0.000566504852652	0.356162318641	-0.934423894312
0.570113665235	-8.11861117073	-0.0015645453071	-0.000268170108772	-0.000552946091143	0.365704667338	-0.930730744428
0.581046004109	-8.12890189228	-0.0015664845835	-0.000255545966075	-0.000570018169428	0.372071221484	-0.928203973229
0.594330361745	-8.14181149806	-0.00156535277138	-0.000187364071493	-0.0006217327071	0.380468585498	-0.924793616864
0.609472000007	-8.1571190187	-0.00156719792075	-0.000108410091623	-0.000646405832634	0.390115452524	-0.920765716189
0.611906323416	-8.15963987986	-0.00156634866416	-0.000103289185702	-0.000642901827001	0.391573576274	-0.920146570049
0.625665331227	-8.17417904168	-0.00156433873664	-0.000144542956547	-0.000589719501831	0.399176148454	-0.916874055606
0.635490398148	-8.18485283257	-0.00156423636452	-0.000232029588185	-0.000552007941126	0.404406045606	-0.91457935234
0.65082346699	-8.2020191748	-0.00156712016105	-0.000365702643046	-0.000537007714455	0.413103610972	-0.910683800496
0.65901801419	-8.21148051778	-0.00156722174505	-0.000392955537569	-0.000550831493792	0.418190333358	-0.908359173046
0.66871261872	-8.22295819713	-0.00156847860626	-0.000380424864542	-0.000560193314555	0.42433652161	-0.905504311358
0.682952309714	-8.24042357377	-0.00156676567488	-0.000275443568691	-0.000586762701059	0.43411348072	-0.900857960889
0.694060487466	-8.25461646029	-0.0015666295084	-0.000149842999681	-0.000613816167136	0.442135046507	-0.896948271322
0.70398566439	-8.26775510317	-0.00156569294753	-8.94880847464e-05	-0.000671260410813	0.449499047076	-0.893280553958
0.713310219154	-8.28052805812	-0.00157240080085	-9.95948851317e-05	-0.000782094748104	0.456715124831	-0.889612653439
0.720451162161	-8.29061361912	-0.00157424466268	-0.000114008487896	-0.000787825333842	0.462349302659	-0.886697518134
0.729685295691	-8.30407263198	-0.00156983506591	-0.00014181394913	-0.000690187244033	0.469753524067	-0.882797332436
0.740684659435	-8.32075547022	-0.00155853296195	-0.00015971437346	-0.000436207413762	0.478547890547	-0.878061330812
0.74844576733	-8.33297974186	-0.00155892367749	-0.00024106819397	-0.000380007530962	0.484879240748	-0.874580996462
0.754737503117	-8.34318429763	-0.00156392434081	-0.000331035135251	-0.000425258373804	0.490098105256	-0.871667113522
0.768477840429	-8.3664667555	-0.00157469238473	-0.000455479863388	-0.000606501428159	0.501773061768	-0.864998970622
0.770710494525	-8.37038871171	-0.00157538408769	-0.000452384887291	-0.000623875548498	0.503708416076	-0.863873392171
0.782319502572	-8.39147093776	-0.00157232044577	-0.000329195237267	-0.000619379706044	0.513983691116	-0.857799669658
0.789582680951	-8.40529447911	-0.0015705138241	-0.000347685379297	-0.000777341273465	0.520481702677	-0.853872397981
0.797386008756	-8.42072200284	-0.00160166914471	-0.000547154072568	-0.00106055051948	0.526932216249	-0.849906474463
0.804950264276	-8.4362043657	-0.00158373511482	-0.000562125046942	-0.000786602626809	0.532151428804	-0.846648641464
0.809325485888	-8.44536925887	-0.00157064029569	-0.00054550603863	-0.000490939077843	0.534686164124	-0.845050393347
0.816833506024	-8.46140225464	-0.00156163888156	-0.000643766891821	-0.000110818967213	0.538142473914	-0.842853635605
0.824022309441	-8.47701884761	-0.00156021920947	-0.000836580362341	2.85369208185e-05	0.540240797643	-0.841510059287
0.830027216192	-8.49018038312	-0.00156362577558	-0.00086782586592	0.000198220674985	0.541025948428	-0.841005428469
0.833657516437	-8.49815296477	-0.00155168786142	-0.000787707158818	0.00037915105475	0.541099875097	-0.840957882971
0.843220446674	-8.51911067669	-0.00155066736433	-0.000793205855294	0.000272245561619	0.540323076196	-0.84145723007
0.848700786826	-8.53105651462	-0.00156863221744	-0.000940377536366	-0.000169380237841	0.539502731005	-0.841983307577
0.856901417763	-8.54877389303	-0.00159508754634	-0.00105022836938	-0.000625616345222	0.53722674569	-0.843436974136
0.863147381786	-8.56206436717	-0.00158673802133	-0.000967634804721	-0.000570544482045	0.534590537734	-0.845110463269
0.871195676998	-8.57884023814	-0.00156565346527	-0.000768846151627	-0.000167504364388	0.530505148359	-0.847681348375
0.877202774148	-8.59109069917	-0.00155414724379	-0.000709626230498	6.75089835948e-05	0.527410379851	-0.849610371346
0.886586119341	-8.60978658029	-0.00155766181041	-0.00084859121651	8.47438743006e-05	0.522653876739	-0.852544543025
0.892615076377	-8.62153138841	-0.00156633912636	-0.00100078143883	-3.72014980629e-05	0.519692433936	-0.854352837627
0.89668984355	-8.6293580828	-0.00157130174355	-0.00108951345628	-0.000130491448583	0.517716755618	-0.855551375947
0.906831482347	-8.64846480967	-0.00157816579715	-0.00115795711226	-0.000240651272346	0.512868999153	-0.858466068596
0.914938157274	-8.66337020695	-0.00156698018994	-0.000994559810699	-7.39495801102e-05	0.50903269447	-0.860746606931
0.922686823323	-8.67732617538	-0.00155773171475	-0.000850214606084	1.32578264554e-05	0.505398374892	-0.862885716428
0.933273417807	-8.69595642156	-0.0015614883777	-0.000794665394903	-0.000104634634696	0.500497218364	-0.865737773214
0.938211691953	-8.70448190656	-0.00156595045361	-0.000853350429605	-0.000280267271728	0.498319954882	-0.866992742651
0.946888077195	-8.71924815961	-0.00158624317892	-0.000939145897263	-0.000574645179337	0.495222867048	-0.868765273098
0.957159127905	-8.73647794004	-0.00157915696607	-0.000817537875363	-0.000583736227769	0.492960078	-0.870051350428
0.966313853737	-8.75171640673	-0.00157536428155	-0.000655834576974	-0.000519281445976	0.4922207192	-0.870470024652
0.972237316375	-8.76156418495	-0.00156797926316	-0.000524384163487	-0.000436212655324	0.492400953071	-0.870368218718
0.980349537093	-8.77508631925	-0.00156089686599	-0.00039055363289	-0.000357012628461	0.493169497263	-0.869933081897
0.990733421811	-8.79248912366	-0.00156173063141	-0.00033175630789	-0.000254098451222	0.494465840492	-0.869196961545
0.998268714997	-8.80521173094	-0.00155024305089	-0.000324262062394	-0.000195463166187	0.496121337317	-0.868253117073
1.0085045002	-8.82272615978	-0.00156692528807	-0.000430228090009	-0.000379081323986	0.499574439909	-0.866270771867
1.01547512262	-8.83486211736	-0.0015709893923	-0.000483370310915	-0.000512002677379	0.502639361693	-0.864495908772
1.02383357034	-8.84970667664	-0.00157512544901	-0.00047975718535	-0.000623600375337	0.506904246197	-0.862002010521
1.03084807142	-8.86244182793	-0.00157499642906	-0.000429548272057	-0.000616405600697	0.510614986706	-0.859809147941
1.03939187915	-8.87832058564	-0.00156906364723	-0.000353068914362	-0.000534929842869	0.515482483372	-0.856899876607
1.04772885686	-8.89428477704	-0.0015653659357	-0.000271334358119	-0.000505042143162	0.521321847675	-0.853359948935
1.05582515662	-8.91036725447	-0.0015678816796	-0.000211884976546	-0.000565432652763	0.528145455234	-0.849153704288
1.06301262691	-8.92523795873	-0.00157075070029	-0.000179165159526	-0.000659609986069	0.53499729022	-0.84485349752
1.06850687442	-8.93704511661	-0.00157209427514	-0.000164297942322	-0.000705858716294	0.540465496789	-0.841365866642
1.07665248533	-8.95533287054	-0.00157263537589	-0.000182631617192	-0.000704687342676	0.548861647089	-0.835912891643
1.08159993809	-8.96695546019	-0.00157537007039	-0.000334295050716	-0.000855772837155	0.554398845459	-0.832250608923
1.08703155878	-8.98024441791	-0.00159664398487	-0.000493240427342	-0.000959428867019	0.560791766428	-0.82795617693
1.09225626461	-8.99361213562	-0.00158541564172	-0.000501449362473	-0.000800161917702	0.56716039652	-0.823606819368
1.10080058692	-9.0168898432	-0.00155142797878	-0.000215057611635	-0.000121314971777	0.577703285036	-0.816246809177
1.10336589697	-9.02425932253	-0.0015433846965	-0.000178444144659	-2.21151856453e-05	0.580966303501	-0.813927590063
1.10996859651	-9.0441616828	-0.00156038209699	-0.000310175195959	-0.000231751168733	0.58968528915	-0.807633029192
1.11653876254	-9.06553220224	-0.00158813090366	-0.000580879097049	-0.000820247267513	0.598993560703	-0.800753210428
1.11870042386	-9.07297450473	-0.00159835976019	-0.000609495183632	-0.000953383896563	0.60222871037	-0.798322804372
1.12430958303	-9.0934413168	-0.00158640357965	-0.000438488672405	-0.000921221619257	0.611097093718	-0.791554989326
1.12643127679	-9.10169829131	-0.00158174244559	-0.000348848817468	-0.00083627041317	0.614727994845	-0.788738658435
1.13168944736	-9.12369632	-0.00156418087352	-0.000138021223642	-0.000498528176313	0.624367030811	-0.781130938611
1.13410055896	-9.13467589217	-0.00156131123913	-0.000149781555236	-0.000411655569028	0.629161243839	-0.77727468591
1.13793017775	-9.15364183396	-0.00157784779496	-0.000433965010134	-0.000558083826616	0.637486906332	-0.770460864984
1.13936638943	-9.16135048976	-0.00158324832943	-0.000533417385235	-0.000603042043523	0.640833771708	-0.767679248674
1.14306078685	-9.18318433043	-0.00158221833317	-0.000620818997081	-0.000563611159021	0.650213214299	-0.759751323051
1.14430175038	-9.19135522259	-0.00157983329142	-0.000592089647291	-0.00051207332791	0.653699799655	-0.756753565662
1.14672794198	-9.20906090553	-0.00157181073362	-0.00046071474313	-0.000391452806801	0.661208648693	-0.750201811115
1.14845120367	-9.22359094383	-0.00156798804259	-0.000365193264453	-0.000366980542361	0.667325070625	-0.744766394297
1.14970480612	-9.23571817179	-0.00156990863985	-0.000388119804417	-0.000484824160114	0.672458656804	-0.740134426438
1.15154537988	-9.25769268964	-0.00158207954971	-0.000434669956174	-0.00067727718786	0.681689610964	-0.731641050421
1.15237460752	-9.27071139986	-0.00157913902361	-0.000404153430062	-0.000670815372618	0.687099331478	-0.726563070456
1.15312813708	-9.28675342231	-0.00157736248954	-0.000382234487021	-0.000606687916305	0.693755777199	-0.720209974542
1.15351910729	-9.29966115309	-0.00157316822629	-0.000366242745837	-0.000508731089467	0.699077242477	-0.715045883919
1.15374368745	-9.31744633835	-0.00157018481615	-0.000395760317621	-0.000398181900279	0.706356191543	-0.707856352302
1.15371611905	-9.32677647598	-0.00157071564504	-0.000437693451669	-0.000373354497544	0.710138679777	-0.704061591422
1.15343678451	-9.3427756615	-0.00157371612838	-0.000516672268402	-0.000375654960044	0.71657249969	-0.697512325784
1.15299855115	-9.35566697121	-0.00157559995177	-0.000553643113133	-0.00039810759801	0.721711003164	-0.692194165608
1.15217013976	-9.37196816795	-0.00157891250397	-0.000592259465423	-0.000477150582986	0.728231972915	-0.685330296412
1.15071204231	-9.39218212218	-0.00157585852731	-0.000494938746126	-0.000486245075879	0.736254524872	-0.676704361746
1.14984738097	-9.40182520949	-0.00157269549726	-0.000423097658589	-0.000465605357221	0.7400565617	-0.672544340311
1.14811720507	-9.41827503672	-0.00156987630899	-0.000413104221172	-0.00050987911076	0.746580523566	-0.665294740096
1.14637463937	-9.43236603527	-0.00158045660771	-0.00048375653927	-0.00057842349839	0.752198140184	-0.658936559397
1.14477051547	-9.44387456863	-0.00157740413942	-0.000499140939161	-0.000562510822117	0.756753927288	-0.653699417144
1.14141977067	-9.4648705667	-0.0015779619641	-0.000538588326955	-0.000480775822775	0.765078685452	-0.643936397359
1.14016049765	-9.47197287747	-0.00157475187859	-0.000526387780711	-0.000424268510674	0.767880317172	-0.640592976399
1.13636255293	-9.49152042627	-0.00156884387896	-0.000489772562651	-0.000288752130188	0.775557681826	-0.631276452044
1.13505260151	-9.49773264878	-0.00156815444403	-0.00048965018321	-0.000270450006547	0.777985228297	-0.62828231843
1.13083608256	-9.51630746248	-0.00156995652334	-0.000521195268569	-0.00029827954708	0.785199719714	-0.619242310849
1.12632880517	-9.53425454816	-0.00157233641212	-0.000609767557783	-0.000436529476037	0.792144557268	-0.610333054992
1.12497831558	-9.53931851586	-0.00157584041232	-0.000729580832571	-0.00055369506875	0.794171178887	-0.607693425798
1.1213640653	-9.55225581179	-0.00160368942978	-0.000961993186118	-0.000780278967188	0.79941885148	-0.600772807001
1.115654429	-9.57111341803	-0.00157610109525	-0.000612863266312	-0.000502929477537	0.807025836883	-0.5905155968
1.11250913153	-9.58081312793	-0.00156093678807	-0.000336814015845	-0.000250835719741	0.810933194455	-0.58513859706
1.10718699621	-9.5962975423	-0.00155095800583	-0.000213593198116	-7.05033002489e-05	0.817180712994	-0.576381498418
1.10263564436	-9.60874578457	-0.00156159155632	-0.000426093498676	-0.000173458145148	0.822174130785	-0.569235879951
1.0988526794	-9.61861372609	-0.00157287836045	-0.000642777095865	-0.000314704756066	0.826092976803	-0.563533389849
1.09580545751	-9.62628036373	-0.0015796908689	-0.000752739704342	-0.000397137058091	0.829110536332	-0.55908406721
1.08836362673	-9.64407046231	-0.0015765337539	-0.000692574898154	-0.000396006189315	0.836053305951	-0.548647640228
1.08499743006	-9.65173173164	-0.00157061495907	-0.000515056851754	-0.000294691602136	0.838977079611	-0.544166433879
1.07807354963	-9.66682620656	-0.00154559400908	-0.000164488676946	-9.30022358788e-05	0.844607535565	-0.535385912367
1.07458909833	-9.67412209315	-0.00154891561221	-0.000173058983049	-0.000110600024285	0.847322399726	-0.531078815941
1.06739883708	-9.68859512739	-0.00156895307972	-0.00068858564302	-0.000463239233599	0.852882785077	-0.522101777605
1.06014358416	-9.70245994302	-0.0016090145861	-0.00116650458816	-0.000757255695574	0.858377241116	-0.513017132039
1.05333530033	-9.7148528828	-0.00158488494734	-0.000895101787497	-0.00053281264194	0.863252325088	-0.504771570252
1.04854370289	-9.72325181248	-0.00156569898118	-0.000437745020472	-0.000194976630334	0.866484118429	-0.499204409909
1.04163346904	-9.73493759782	-0.00152445295702	0.000186891656636	0.000254440403986	0.870816697574	-0.491607749693
1.03342067587	-9.74825101367	-0.00153702384397	5.78637812521e-05	0.000214443522833	0.875701389096	-0.482853008483
1.02431402202	-9.76237238757	-0.00154960302492	-0.000172148874093	1.82645235138e-05	0.880449102358	-0.47414064178
1.01812952364	-9.77163262541	-0.00155325473483	-0.000369183413073	-0.000170191675047	0.883440152628	-0.468543841559
1.00870375903	-9.78527983948	-0.00157747679415	-0.000683436115938	-0.000475656409634	0.887785417782	-0.460256839862
1.0044950572	-9.79120334981	-0.00158124559472	-0.000713242088224	-0.000540116066988	0.889632515787	-0.456676238067
0.991873606824	-9.80838774457	-0.00155964812252	-0.000393752006895	-0.000434212208837	0.894854937546	-0.446356692756
0.9820211872	-9.8212424851	-0.00155595145407	-0.000269285577924	-0.000331618666024	0.89875089761	-0.438459395566
0.97334881465	-9.83218005749	-0.00155573790988	-0.000300993007325	-0.000273386628677	0.90204650661	-0.431638662048
0.963002364822	-9.84479835614	-0.00156325861361	-0.000500952203887	-0.000267038344688	0.90583017389	-0.423640618695
0.95667345856	-9.85229838632	-0.00156905295754	-0.000631646989384	-0.000273804193847	0.908064543746	-0.418829691455
0.944627682269	-9.86614183358	-0.0015743317744	-0.00069813418586	-0.000235822421156	0.912137389221	-0.409883935013
0.934039627247	-9.87787424046	-0.00155943817219	-0.000506267659278	-0.000133543421522	0.915502301913	-0.402312392366
0.923272124131	-9.88941497276	-0.0015565438219	-0.000413378551904	-0.000122258537151	0.918804425398	-0.394712860243
0.909722305419	-9.90341334903	-0.00155404490688	-0.000311597311622	-0.00016334467997	0.922717374648	-0.38547700677
0.899318740482	-9.91379154078	-0.00155725625907	-0.000391238078113	-0.000271418578699	0.925590460329	-0.378526185372
0.886235449104	-9.92641214994	-0.00156938098931	-0.000571115567944	-0.000422790931066	0.929054795549	-0.369941457452
0.87564767704	-9.93629344465	-0.00157057026588	-0.000546809638483	-0.000438869470188	0.931708837001	-0.363205384663
0.863021411194	-9.94771001182	-0.00156335240339	-0.00048786882026	-0.000396496464178	0.934757476654	-0.355285891381
0.847932486342	-9.96085365725	-0.00156355018877	-0.000486916733933	-0.000322120191975	0.938260864633	-0.345928040275
0.83528782154	-9.97146782447	-0.00156525440864	-0.000546375273354	-0.000266051986725	0.94109329162	-0.338146487722
0.829091604116	-9.97654055448	-0.00156661200764	-0.000581942370615	-0.000243368315749	0.942444257889	-0.334362711569
0.809456977613	-9.99207901437	-0.00156902909042	-0.000650311822767	-0.000194568547372	0.946567483774	-0.322505097478
0.797087261244	-10.0014658725	-0.00156870755159	-0.000639883598367	-0.00018501873163	0.949043563097	-0.315144207722
0.788627706095	-10.0077137429	-0.00156769735399	-0.000617225071935	-0.000189725054087	0.950686042575	-0.310154205985
0.771110685676	-10.0202227474	-0.00156618700842	-0.000567883765358	-0.000229510589817	0.953966151108	-0.299913666533
0.757490981871	-10.029562911	-0.00156649524078	-0.00055225512737	-0.000276462638186	0.95640836391	-0.292031950351
0.742037541512	-10.0397675322	-0.00156754537726	-0.000560448965764	-0.000322089689444	0.959068371866	-0.283173869277
0.72851813464	-10.0483636502	-0.00156867213828	-0.000575146638106	-0.000337735191906	0.961300782389	-0.275500201307
0.719143146478	-10.0541485601	-0.00156905312932	-0.000583162968981	-0.000329900057129	0.962793450972	-0.270237528577
0.698472437143	-10.0664121415	-0.0015688847395	-0.000593622314473	-0.000269792710272	0.965946058537	-0.258742703901
0.683658681883	-10.0747975964	-0.00156879691069	-0.000599999390438	-0.000213258015032	0.96809585617	-0.250579344295
0.666496846575	-10.0841057992	-0.00156905145096	-0.000612592538273	-0.000160426977003	0.970475278958	-0.241199775962
0.652728651917	-10.091267011	-0.00156951208307	-0.000623143811681	-0.000140795465495	0.972301589874	-0.233728924603
0.649604427418	-10.0928547978	-0.00156965229853	-0.000624944644937	-0.000139551909746	0.972706020247	-0.232040057197
0.626225725835	-10.1043106912	-0.00157034241121	-0.000625469514518	-0.000158290676287	0.975599002043	-0.219559037494
0.612151828602	-10.110855147	-0.00157043846415	-0.000617569086554	-0.000184612409648	0.977238821248	-0.212141157657
0.594767709026	-10.1185844928	-0.00157053089198	-0.000604894315847	-0.000218985724435	0.979162283669	-0.203078330672
0.588788704781	-10.1211547363	-0.00157037153264	-0.00060028628165	-0.000224132901586	0.979780826354	-0.200072791079
0.567046774438	-10.1301426842	-0.0015707246212	-0.000603613507014	-0.000207138792711	0.981912909224	-0.189332066602
0.544643276215	-10.1388300864	-0.00157175160269	-0.000621721730035	-0.000165618673756	0.983958381874	-0.178396997658
0.533840500902	-10.142816579	-0.00157203588999	-0.000630790215292	-0.000136890956113	0.984885185146	-0.173207261524
0.520160301642	-10.1476810928	-0.00157213262813	-0.000639888532515	-0.000103511392157	0.986011886488	-0.166673751781
0.500711717468	-10.1542485427	-0.00157246843036	-0.000641134609129	-7.4472566072e-05	0.987526376716	-0.157452337834
0.492136547065	-10.1570176787	-0.00157226775912	-0.000636707757656	-6.26397566735e-05	0.988132784427	-0.153600752015
0.472052493517	-10.1632253073	-0.00157264480334	-0.000633421785785	-2.27026756378e-05	0.989431372451	-0.145000543
0.457643238063	-10.1674467878	-0.00157177853926	-0.000637602229273	-1.49002302046e-05	0.990304529789	-0.138911956006
0.437385553257	-10.1730626039	-0.00157310021227	-0.000639590822965	-1.1465076756e-05	0.991407547313	-0.130807744128
0.426742301431	-10.1758784716	-0.00157299080875	-0.000637393774139	1.7815286339e-05	0.991879885164	-0.127176596979
0.403465598362	-10.1817786251	-0.00157253259709	-0.000640989971067	0.000146758842481	0.992690004731	-0.120690190575
0.392775909468	-10.18438795	-0.00157233830228	-0.000646235620294	0.000216955421574	0.992979320895	-0.118286109012
0.370395645701	-10.1897023034	-0.00157334089988	-0.000666834142581	0.000392070576749	0.993399048348	-0.114707159121
0.356756981611	-10.1928691959	-0.00157361554954	-0.000689080632391	0.000468909972287	0.993597971112	-0.112970691306
0.340177991654	-10.1966532834	-0.00157464618637	-0.000700920952166	0.000484966795988	0.993818709505	-0.111011918973
0.326515674536	-10.1997270693	-0.0015745704431	-0.000691881088145	0.000471938133568	0.993935432442	-0.109962060326
0.305039988286	-10.2045110615	-0.00157307163131	-0.00067735671941	0.000406111824418	0.994063257115	-0.108800813945
0.293811085404	-10.2069937127	-0.00157312653177	-0.000664065133839	0.000353764841218	0.994111689518	-0.108357660697
0.272813814092	-10.2116098469	-0.0015736091387	-0.000660608590995	0.000269077722301	0.99419722638	-0.107570285174
0.262555641112	-10.2138524	-0.00157340510615	-0.000662791662748	0.000236844848017	0.99423776645	-0.107195001636
0.243497479798	-10.2179953643	-0.00157477301141	-0.000669299799288	0.000212074067813	0.994332672252	-0.106311071649
0.232740919714	-10.2203145086	-0.0015748639329	-0.000675717406254	0.000204867132899	0.994415164523	-0.105536638196
0.21757616971	-10.2235517792	-0.00157443705289	-0.000670925916752	0.000210623634037	0.99453799233	-0.1043728284
0.191637481305	-10.2290068123	-0.00157370842058	-0.000662506774913	0.000288987148034	0.994724323069	-0.102581668278
0.176949040796	-10.2320536205	-0.00157369723915	-0.000662759764572	0.000339015719958	0.994824546552	-0.101604957532
0.160295280818	-10.2354718242	-0.00157423920226	-0.00067112104365	0.000384304954473	0.994937518698	-0.100492466352
0.148533908333	-10.2378619143	-0.00157439969573	-0.000680106257015	0.000396172413656	0.995029271041	-0.0995797684002
0.125474620098	-10.2424586921	-0.00157540227548	-0.000697707325609	0.000295762780368	0.995348108794	-0.0963408949979
0.110730109178	-10.2452973165	-0.00157645829042	-0.000688667546619	0.000152789371541	0.995641018742	-0.0932655573691
0.104335349943	-10.2464982836	-0.00157579143851	-0.000674778597574	9.2483913836e-05	0.995759436961	-0.0919928248532
0.0767751170411	-10.2515089838	-0.00157324067044	-0.000611961388592	1.37060177499e-05	0.996139210141	-0.0877855303304
0.0620017841026	-10.2541026816	-0.001571924133	-0.000609551532588	5.90080099705e-05	0.996314338397	-0.0857750783701
0.0467236024705	-10.2567183547	-0.0015748572565	-0.000636048532866	0.000148348485945	0.996508279341	-0.0834914524983
0.038830896122	-10.2580401379	-0.00157562913059	-0.000659906604779	0.000195769058048	0.996619968507	-0.0821472127976
0.0156149777896	-10.2617972166	-0.00157685121664	-0.000694399156422	0.000309391431885	0.996946126638	-0.0780886846362
-0.00416527834504	-10.2648523558	-0.00157485153676	-0.00067467630893	0.000386841368923	0.997168388897	-0.0751970700851
-0.0209825295146	-10.2673684368	-0.00157460142224	-0.000651831234397	0.000427103486758	0.997319299119	-0.0731683558901
-0.0353309333328	-10.2694610947	-0.00157345873822	-0.000643081434049	0.000415526176408	0.997442297677	-0.0714722085034
-0.0506782517743	-10.2716416259	-0.00157533658925	-0.000654140692073	0.000353758182478	0.997595669356	-0.0692988270961
-0.0714989343476	-10.2744743837	-0.00157517018571	-0.000673719509531	0.000183819140246	0.997847871554	-0.0655678087773
-0.0873810121773	-10.2765256512	-0.00157713177716	-0.000665351214839	6.81075430036e-05	0.998036550741	-0.062630631908
-0.100789389233	-10.2781834611	-0.00157512548688	-0.000648947850178	8.82402394176e-06	0.998188639195	-0.0601582859694
-0.118675876141	-10.2802890262	-0.00157444533656	-0.00062463384555	-3.3240295659e-06	0.998381779655	-0.0568632735183
-0.134582452669	-10.2820603717	-0.00157436910197	-0.000621397862054	5.71707834936e-05	0.99854436424	-0.0539329513429
-0.151492350412	-10.2838440376	-0.00157393232706	-0.000629049202452	0.000183990242826	0.998682771466	-0.0513058712107
-0.171889174782	-10.2859011564	-0.00157505399489	-0.000641047764328	0.000433102495528	0.998768926864	-0.049598711784
-0.185819241455	-10.2872788164	-0.00157495343365	-0.000652758218693	0.000609646635927	0.998791953274	-0.0491308081827
-0.196267151778	-10.2883067131	-0.00157518156903	-0.000659765180904	0.000712687007364	0.998793589846	-0.0490960453667
-0.215665799834	-10.2902303411	-0.00157595020342	-0.000658931919931	0.000845613959562	0.9987434469	-0.0501036727212
-0.237541479495	-10.2924707955	-0.00157488684177	-0.000668940028106	0.000838071091619	0.998647448884	-0.051981948733
-0.248974464539	-10.2936764805	-0.00157552464117	-0.000669724995573	0.000754190799329	0.998591206005	-0.0530526715135
-0.270337717991	-10.2960127115	-0.0015752799349	-0.000654396111406	0.000581776358921	0.998420943551	-0.0561680761703
-0.281257750159	-10.2972688364	-0.00157410880591	-0.000644742642587	0.000527010541394	0.998287996645	-0.0584840347608
-0.299107071778	-10.2994479521	-0.00157320538569	-0.00063175386396	0.000524590423603	0.997991743587	-0.0633388145161
-0.315937712585	-10.3016812047	-0.00157365933238	-0.000641393158291	0.000630765374627	0.997630336316	-0.0687960959099
-0.326815133177	-10.3032263649	-0.00157349943005	-0.000662500222461	0.000720976866743	0.997374099105	-0.0724151069953
-0.349526993379	-10.3067144636	-0.00157517933426	-0.000700073360892	0.000898194415627	0.996778417152	-0.0801965725143
-0.368242339857	-10.3098802514	-0.0015746863798	-0.000706725136479	0.00103165356939	0.996159686036	-0.0875460801368
-0.381508107104	-10.3123013694	-0.00157328442182	-0.000710608750756	0.00107229496146	0.995675185592	-0.0928938642539
-0.393768388733	-10.3146681643	-0.00157374401083	-0.000715509105036	0.00104056875431	0.995232426824	-0.0975234426213
-0.416273130793	-10.319311588	-0.00157402603556	-0.000718086178145	0.000844052805718	0.994407033419	-0.105609771393
-0.427497940959	-10.3217703902	-0.00157404262226	-0.000715380690852	0.000723387241945	0.993972262463	-0.109627124359
-0.44600109371	-10.3260292818	-0.00157342465699	-0.000704871276161	0.000536578107512	0.993253011867	-0.11596408779
-0.466881359662	-10.3311098782	-0.00157295505614	-0.000690930624507	0.000365727515905	0.992526357015	-0.122027945528
-0.480444675714	-10.3345502752	-0.00157352471848	-0.000679923484525	0.000336083498995	0.992055018123	-0.125802487132
-0.492049219999	-10.3375783944	-0.00157309802297	-0.000683277835277	0.000357027451739	0.991680513917	-0.128721264677
-0.513280551708	-10.3432971389	-0.00157233105984	-0.000688928020201	0.00046174613783	0.991018757251	-0.133720360998
-0.527240651172	-10.3471813614	-0.00157321114679	-0.000703674973507	0.000577171105777	0.99057673516	-0.136955844981
-0.546938772014	-10.3528197371	-0.00157272927961	-0.000737074800255	0.000686104488267	0.99004760537	-0.140729261645
-0.560374776327	-10.3567456704	-0.00157383642597	-0.000749084784141	0.000670353943702	0.989793192215	-0.142507635381
-0.577632691683	-10.3618595013	-0.00157412020586	-0.0007374428265	0.000583161535094	0.989500523114	-0.144526228962
-0.595348348711	-10.3671852106	-0.00157213079088	-0.000710042446175	0.000443563904726	0.989229292719	-0.146371805748
-0.605871637137	-10.3703820408	-0.00157187835642	-0.00068676220227	0.000359007572396	0.989069221302	-0.147449906556
-0.624028313616	-10.3759563416	-0.00157202788246	-0.000663294750071	0.000259253920635	0.988791027594	-0.149304375611
-0.641687126505	-10.3814478298	-0.00157144806126	-0.000667317882733	0.000232918275653	0.988539618421	-0.150960005456
-0.653613374587	-10.3851866102	-0.00157295239798	-0.000685741348152	0.00023354671759	0.9884559835	-0.151506580377
-0.673657356912	-10.391476423	-0.00157413081494	-0.000708539878297	0.000217741175721	0.9885302017	-0.151021491472
-0.692768383113	-10.397422422	-0.00157374178833	-0.000700669765007	0.000181902529854	0.988792324806	-0.149295727932
-0.699462123523	-10.3994862467	-0.00157310431506	-0.000688787689623	0.00017450064926	0.988892814803	-0.148628718463
-0.720989414328	-10.4060559901	-0.00157200605293	-0.000654861006875	0.000181838321446	0.989215558652	-0.14646541098
-0.738704424036	-10.4113863219	-0.0015711543304	-0.00064720644357	0.000216536568918	0.98945289996	-0.144853349968
-0.751161233733	-10.4150994897	-0.00157248543795	-0.000659969379969	0.000259786176063	0.989598517952	-0.143855031953
-0.762667700363	-10.4185055454	-0.00157243739446	-0.000679746586281	0.000298478367551	0.989729523444	-0.142950758227
-0.781382718866	-10.4239987771	-0.00157351085612	-0.000701326099135	0.000349261402845	0.9899189655	-0.141632721862
-0.79819173638	-10.4288886434	-0.00157367706292	-0.000706842012313	0.000375381891315	0.990079001269	-0.140509539567
-0.816933882408	-10.4342926602	-0.00157312274738	-0.00069324712813	0.000361846977095	0.990254750637	-0.139265635802
-0.828953100397	-10.4377322631	-0.0015729581367	-0.000681149037453	0.000339434998855	0.990351372745	-0.138576979766
-0.848668217011	-10.4433442751	-0.0015727972757	-0.000668037852014	0.000316403538669	0.990446605729	-0.13789479618
-0.85636336531	-10.4455275843	-0.00157238391138	-0.000669682276887	0.000308056956453	0.990479415268	-0.137658942887
-0.882342135941	-10.4528769639	-0.0015735323957	-0.0006794530914	0.000308284575263	0.990533997234	-0.137265595205
-0.897740227817	-10.4572259783	-0.00157286336315	-0.000690392684727	0.00032923314921	0.99055168967	-0.137137759409
-0.915066008221	-10.4621141252	-0.00157339492974	-0.000692884912425	0.000353000355742	0.990571200916	-0.136996683235
-0.925654271232	-10.4650988127	-0.00157351519527	-0.000692390135868	0.000368071865315	0.990583491251	-0.136907749894
-0.938649067157	-10.4687592022	-0.00157289551732	-0.000690589951373	0.000379930808861	0.99059828194	-0.136800667231
-0.956457268222	-10.4737705314	-0.00157291518028	-0.00068741103145	0.000381306132224	0.990619292275	-0.136648453498
-0.972825207708	-10.4783666668	-0.00157363809601	-0.000693199684984	0.00035107068364	0.990705149724	-0.136024639438
-0.992103406498	-10.483726456	-0.00157402804583	-0.000697332973758	0.000222755121354	0.990996240623	-0.133887696144
-1.00852057459	-10.4881978467	-0.00157522515691	-0.000684320664546	6.4040936826e-05	0.991395088639	-0.130901893897
-1.02351548884	-10.4921808799	-0.00157391662514	-0.000653317055463	-6.21995580388e-05	0.991805019362	-0.12775904225
-1.03562713984	-10.4953176876	-0.00157432670502	-0.00063562649622	-0.000142166735721	0.992199006088	-0.124662376382
-1.05456402203	-10.5000437106	-0.00157261136202	-0.000612016847327	-0.000222879405395	0.992887138922	-0.119057570629
-1.07209278012	-10.5042045202	-0.00157493949216	-0.000619569461456	-0.000209303855334	0.993579783512	-0.113131720231
-1.08039008864	-10.5060928279	-0.00157363181091	-0.000632193665985	-0.000195422677874	0.993941401707	-0.109909290386
-1.10536821414	-10.5114112208	-0.00157559223028	-0.000649315461841	-0.000141589277986	0.995064995409	-0.0992230479942
-1.12405450872	-10.5150128443	-0.00157490976367	-0.000656737639637	-8.58428848552e-05	0.995897103488	-0.0904904447487
-1.13638384501	-10.5171970615	-0.00157313471443	-0.000648364712675	-8.3240625247e-05	0.996432902658	-0.0843862737371
-1.15764587576	-10.52059705	-0.00157502595662	-0.000628504332788	-8.2715229513e-05	0.99726797635	-0.0738659697516
-1.1705304842	-10.5224389373	-0.0015724181372	-0.000618249204598	-7.20099889407e-05	0.997692817993	-0.06788706436
-1.18442804604	-10.5242519796	-0.00157372668434	-0.000619971487254	-5.58094935146e-05	0.998103693212	-0.0615518490155
-1.20531617882	-10.5266413626	-0.00157439786759	-0.000634276206258	-4.03070169869e-05	0.998643030471	-0.0520739259255
-1.22225954063	-10.5282861502	-0.0015751623226	-0.000646105667142	-3.26959265035e-05	0.999009842952	-0.0444849993005
-1.23273590399	-10.5291762699	-0.00157422923213	-0.000641667340597	-1.47371607594e-05	0.999192324577	-0.0401781850387
-1.25519859824	-10.5308025344	-0.0015744782728	-0.000622273166768	9.50610051138e-05	0.999480832633	-0.0322128691566
-1.26918145931	-10.5316447078	-0.00157302610578	-0.000616750263112	0.000182758011361	0.999607994776	-0.0279900517869
-1.28566612335	-10.5324957592	-0.00157517793343	-0.00062136204455	0.000294644824769	0.999721353234	-0.0235954016906
-1.3001595684	-10.5331272604	-0.00157482480865	-0.000642113871894	0.000357121601759	0.99980314381	-0.0198276015187
-1.32516536764	-10.5339656715	-0.00157637248374	-0.000652443793316	0.000357831195707	0.999904024183	-0.0138343303903
-1.33916984863	-10.534316039	-0.00157613471675	-0.000641302900936	0.000347265989244	0.99993791634	-0.0111189748939
-1.35267367482	-10.5345843625	-0.00157458330446	-0.000632687522369	0.000313315943484	0.999962746607	-0.00860272853799
-1.3651765766	-10.5347742003	-0.00157435777988	-0.000619785835453	0.000275804127022	0.999978141152	-0.00657700653552
-1.38867639541	-10.5350130699	-0.00157516538132	-0.000618496895258	0.000276162370014	0.999993271122	-0.0036053995462
-1.40767987161	-10.5351080809	-0.0015751224132	-0.000634695194036	0.00028714778705	0.999998872336	-0.00133042676985
-1.41818384362	-10.5351234145	-0.00157681785228	-0.000642367268404	0.000302100301049	0.999999744704	-8.18025891621e-05
-1.43468976974	-10.5351000089	-0.00157543742785	-0.000639051639428	0.000351621653686	0.999998854363	0.00132636670047
-1.44669107094	-10.5350610091	-0.00157550268867	-0.000624655680319	0.000419301559164	0.999998201645	0.00174089026097
-1.4746823433	-10.5349631204	-0.00157445289604	-0.000604920237234	0.000611894820247	0.999998671914	0.00138413378995
-1.48917607733	-10.534928556	-0.001575601428	-0.00061736761631	0.00067652330986	0.999999146551	0.000931703355252
-1.50467286898	-10.5349068953	-0.00157604501713	-0.000636746836518	0.000687365150365	0.999999465294	0.000437601124699
-1.52167354639	-10.5349013486	-0.0015771529138	-0.000650282404939	0.000633655803314	0.999999582433	-0.000103664768016
-1.53267505509	-10.5349079385	-0.00157680520712	-0.000650852871797	0.000571758381935	0.999999520659	-0.000456251462241
-1.55517649318	-10.5349457194	-0.00157584629104	-0.000635873179391	0.000420977576414	0.99999903314	-0.00116282548032
-1.56917609631	-10.5349815517	-0.001575967635	-0.000634665944836	0.000328008323837	0.999999060218	-0.00117011615017
-1.57767698692	-10.5350003455	-0.0015757308898	-0.000640468800825	0.000265831402814	0.999999426521	-0.000816144161336
-1.60719299322	-10.5349691862	-0.00157725648691	-0.000663394150692	5.98423195601e-05	0.9999964614	0.00257556105393
-1.62320567723	-10.534848969	-0.00157616683574	-0.000654169726446	1.51257951929e-05	0.999986618854	0.00513166118888
-1.63121153957	-10.5347563731	-0.0015767046852	-0.000650577574975	1.4666538501e-05	0.999977535172	0.00667125808345
-1.65322749788	-10.5343533542	-0.00157505618561	-0.000645709628884	2.50290464513e-05	0.999925376427	0.0121993446325
-1.67274088373	-10.533759822	-0.00157648446425	-0.000652207379103	2.31671646265e-05	0.999824009338	0.0187489850412
-1.6852468197	-10.5332366226	-0.00157500547245	-0.000652181667656	1.46192897333e-05	0.999726517261	0.0233765936648
-1.70774147238	-10.5320001837	-0.00157515236069	-0.000635295698521	2.70697730695e-05	0.999494058823	0.0317997176604
-1.72172361605	-10.5310397965	-0.00157377233609	-0.000624803938058	4.8461269913e-05	0.999314010512	0.0370285790501
-1.74017945906	-10.52955338	-0.00157339298291	-0.000606603923986	0.000109045388365	0.999062140158	0.0432950371667
-1.7531336602	-10.5283783448	-0.00157432862434	-0.000603920318218	0.000185723426307	0.998882313252	0.0472623006088
-1.76757124206	-10.5269509673	-0.00157269492502	-0.000606897173251	0.000268868112508	0.998683293464	0.0512956015895
-1.78945670531	-10.5245711209	-0.00157550393597	-0.000618805069758	0.000366647606288	0.998367884451	0.0571056034603
-1.79790619115	-10.5235839852	-0.00157480987755	-0.000623650194147	0.000380179973498	0.998237831687	0.0593354692579
-1.82174067912	-10.5205962021	-0.00157488189187	-0.000616942681141	0.000347920121676	0.997866228499	0.0652877350928
-1.83116321041	-10.5193395269	-0.00157447998317	-0.000605993661985	0.000331665862679	0.997729988874	0.0673378947548
-1.85048433066	-10.5166426613	-0.00157299373459	-0.00059991053237	0.000281871587513	0.997444958032	0.0714360997856
-1.86730869939	-10.5141658262	-0.00157345828357	-0.000596839942598	0.000245177568393	0.997214318964	0.0745867664035
-1.88757449887	-10.5110555845	-0.00157422311237	-0.00060129306025	0.000285057863704	0.996986154776	0.0775768288479
-1.9023937349	-10.5087047944	-0.00157344286358	-0.000609604859978	0.000326267652705	0.996821045922	0.079670096895
-1.91473734248	-10.5066976851	-0.00157524943636	-0.000612318806525	0.000364065653181	0.996679667751	0.081419484242
-1.93151341664	-10.5039023813	-0.00157428132363	-0.000603941764686	0.000424981312979	0.996516611076	0.0833912375211
-1.95123306328	-10.5005474512	-0.00157452208499	-0.000579503911271	0.000519272260026	0.996393908534	0.084844407995
-1.96650648989	-10.4979148663	-0.00157261631061	-0.000565687421179	0.000575161286774	0.996339358881	0.0854823439781
-1.98571550755	-10.4945865681	-0.00157503891119	-0.000566397221959	0.000627923041276	0.996310977523	0.0858121260278
-2.00394093792	-10.4914193357	-0.00157397224659	-0.000585723903055	0.000614788903183	0.996289736005	0.086058357487
-2.01527179755	-10.4894456278	-0.0015755796053	-0.000595656724879	0.000578841495638	0.99627624224	0.0862146117709
-2.03103647796	-10.4866940438	-0.00157521158079	-0.000604455172212	0.000512054898853	0.996257613275	0.086429974113
-2.04926270282	-10.4835042445	-0.00157446169954	-0.000602632848126	0.000425461960269	0.996237452693	0.0866625274647
-2.06945339338	-10.4799679911	-0.00157358526825	-0.000584040885852	0.000390888098921	0.996265451314	0.0863403533718
-2.07831661249	-10.4784222471	-0.00157411429326	-0.000581660699692	0.000405828110268	0.996288391281	0.0860751902262
-2.09653838496	-10.47525979	-0.0015734045404	-0.000585045870544	0.000462743710052	0.996338161397	0.08549685219
-2.11525945779	-10.4720334556	-0.00157523758735	-0.000591870144005	0.000547304973862	0.996391982583	0.0848667614053
-2.13053724731	-10.4694191728	-0.00157502770194	-0.000595129397523	0.000610120548833	0.996436758052	0.0843389635701
-2.14976289126	-10.4661531436	-0.00157521950908	-0.000588382091327	0.000649003971183	0.996491059791	0.0836946853517
-2.16948426922	-10.462825973	-0.00157463276536	-0.000585137992961	0.000622098292499	0.996525778501	0.0832805102673
-2.18181074653	-10.4607543267	-0.00157460213371	-0.000584402139784	0.00057643576237	0.996544753988	0.083053473704
-2.19956155801	-10.4577813604	-0.00157440470436	-0.000589903542724	0.000500044448491	0.996571695892	0.0827300242709
-2.21682201354	-10.4548981586	-0.00157501874614	-0.000606666303081	0.000418134254893	0.996564173909	0.0828209176503
-2.22915249076	-10.4528310165	-0.00157456673387	-0.000619366311024	0.000353289119973	0.996532019108	0.0832071298941
-2.24690652753	-10.4498348462	-0.00157559917772	-0.000620589844911	0.000301098424362	0.996478660489	0.0838439228489
-2.25972545433	-10.4476566169	-0.00157445978275	-0.000615268608543	0.000302247463372	0.996438387626	0.0843212295675
-2.27796243688	-10.4445350514	-0.00157399088182	-0.000599683358571	0.000349024466298	0.996380494504	0.0850025219296
-2.2986558931	-10.4409613085	-0.00157412033562	-0.000588968237912	0.000450635290148	0.996313368766	0.0857853207874
-2.31343359388	-10.4383903945	-0.0015739286172	-0.000583331613129	0.000529537024026	0.996286314856	0.0860985374191
-2.32131387917	-10.4370176566	-0.00157389995311	-0.000574370605985	0.000579660197772	0.996298627803	0.0859556765465
-2.34988032922	-10.4321073406	-0.00157328600839	-0.000539412121251	0.000802556179117	0.996526930696	0.0832654870675
-2.36762304609	-10.429174207	-0.00157387674532	-0.000524938193928	0.000932021685489	0.996806057779	0.0798532338191
-2.37946201331	-10.4272953619	-0.00157424295093	-0.000526434776486	0.001000522442	0.997028779777	0.0770216470713
-2.39674927485	-10.4246803921	-0.00157479352089	-0.000552578890528	0.00102114489304	0.997350335373	0.0727389885251
-2.41356901714	-10.4222832684	-0.00157636288197	-0.000578573787487	0.000947955846369	0.997651807501	0.0684809288891
-2.42446371983	-10.4208120414	-0.00157580115517	-0.000582308869435	0.000883654645203	0.997863145097	0.0653301134777
-2.44825939753	-10.4178727402	-0.00157387738556	-0.000562370766786	0.000806348762575	0.998386584977	0.0567737657642
-2.46116358764	-10.4164665622	-0.00157295923456	-0.000549057677519	0.000826821558071	0.998687683221	0.0512047486474
-2.48104229607	-10.41459382	-0.00157381320266	-0.000562691084937	0.000916786896846	0.999105399647	0.0422758001236
-2.49149335087	-10.4137532553	-0.00157429534641	-0.00057933232493	0.000967779175223	0.999293629795	0.0375628703449
-2.51042745629	-10.4124877558	-0.00157562669824	-0.000597839695689	0.00106530270871	0.999590953683	0.0285732922955
-2.52638852803	-10.4116942312	-0.00157597714536	-0.000604981325447	0.00113772784461	0.999785180635	0.0206865210906
-2.53886541905	-10.4112505174	-0.00157470386622	-0.000604378997674	0.00115553002609	0.999894064643	0.0144968606358
-2.56382923861	-10.4108201105	-0.00157511645965	-0.000614357460838	0.0010798218896	0.999995980667	0.00254856822085
-2.57631341225	-10.4108270891	-0.00157475792177	-0.000622897068732	0.000999587776545	0.999993705611	-0.003346873507
-2.59628639267	-10.4111446324	-0.00157505984282	-0.000637971464147	0.000866776875646	0.999917807749	-0.0127757362632
-2.60925084772	-10.4115515644	-0.00157493993203	-0.000655351254892	0.000794185547131	0.999823656336	-0.0187508937047
-2.62619231647	-10.4123088189	-0.00157605795851	-0.000675183962293	0.000709555926019	0.999661086007	-0.0260144917533
-2.63963756045	-10.4130824623	-0.00157563543279	-0.000668023378076	0.000679148826205	0.999497611262	-0.0316799239919
-2.65696987016	-10.4143022989	-0.00157682298904	-0.000702674333497	0.000689714201007	0.999253854433	-0.038610425317
-2.6772359715	-10.4160201772	-0.00157581416316	-0.000694770512158	0.000714779701787	0.998936739977	-0.0460911695235
-2.68957572701	-10.4172146988	-0.00157613243485	-0.000669184108769	0.000754878320263	0.998718771496	-0.0505944444798
-2.70780804274	-10.4191862011	-0.00157254213534	-0.0006413210033	0.000818154775613	0.998358531532	-0.0572639664005
-2.72207461739	-10.4209009584	-0.00157309106033	-0.000640051992291	0.000853364853052	0.99804525788	-0.0624862010842
-2.74564657022	-10.4240676704	-0.00157419046451	-0.000681517584912	0.000871769738808	0.997466974584	-0.0711225011243
-2.7595132759	-10.4261302624	-0.00157681748748	-0.000916269918528	0.000845031648004	0.997057096848	-0.0766524102434
-2.77306414553	-10.4283099813	-0.00160452343935	-0.00142954198885	0.000817990905919	0.996535488908	-0.083152309931
-2.78839934706	-10.4310100415	-0.00162783480156	-0.00181828852957	0.00080017034979	0.99581002117	-0.0914245880033
-2.80267258762	-10.4337634317	-0.00160236513808	-0.00127091425675	0.000812797658068	0.995061289876	-0.0992509623503
-2.82102230981	-10.4376332886	-0.00153228619605	0.000296710343687	0.000845070732887	0.994139014811	-0.10810558288
-2.82878832024	-10.4393710863	-0.00150742556847	0.00082596387654	0.00083840145603	0.99375830311	-0.111548419378
-2.84858347165	-10.44404991	-0.00150535457334	0.000815067682993	0.000739307667189	0.992828457575	-0.119542640584
-2.85858515029	-10.4465338402	-0.00153626470673	5.62848977466e-05	0.000621236416542	0.992407310073	-0.122993259206
-2.88133364011	-10.4524384846	-0.00162087806209	-0.00163477398579	0.000427758836679	0.99147840642	-0.130260178642
-2.89307377948	-10.455621742	-0.00163095550778	-0.00184546777945	0.000459504723853	0.990988641159	-0.133932431468
-2.90916600542	-10.4601302031	-0.00160190484523	-0.00133768047254	0.00058455616237	0.990375321073	-0.138400116746
-2.92793794365	-10.4655645718	-0.00155489220239	-0.000369031767066	0.000679974192554	0.989827705703	-0.142269162062
-2.94600756357	-10.47091952	-0.00154043732705	-2.70154326098e-05	0.000578286981372	0.989505208745	-0.14449604396
-2.9545505763	-10.4734769047	-0.00154655156188	-0.000151375912976	0.000461730253849	0.989412735117	-0.145128231156
-2.97170415748	-10.4786433053	-0.00157282670284	-0.000668079748875	0.000210459725863	0.989249817563	-0.146233743806
-2.99570477365	-10.4859392746	-0.0015937316145	-0.00109253475798	6.05339316644e-05	0.989025863322	-0.147738432318
-3.00916568736	-10.4900600791	-0.00158777299073	-0.000971444299841	0.00010157289845	0.988969497823	-0.148116097552
-3.02737747658	-10.4956320406	-0.00156970143882	-0.000623027967485	0.000197448951134	0.989061428265	-0.147502759188
-3.04170352472	-10.4999894548	-0.00156065365074	-0.000435494879074	0.000277361741663	0.989170315364	-0.146771320829
-3.05792055386	-10.5048948951	-0.00156202181278	-0.000468230096694	0.000352273790887	0.989293759646	-0.145936677327
-3.07129776373	-10.5089192671	-0.00156897698066	-0.000625012057043	0.000379294074876	0.989393306296	-0.14525959849
-3.09046741625	-10.5146536971	-0.0015798366049	-0.000829647284385	0.000396380805867	0.989499499142	-0.144533372498
-3.0991083948	-10.5172320578	-0.00158027044624	-0.000856295940298	0.000415836186652	0.989497487997	-0.144546930388
-3.12357960959	-10.5245452048	-0.00157380338866	-0.000741807661253	0.000463819793487	0.989446592062	-0.144895396925
-3.12932895944	-10.5262668109	-0.00157167358818	-0.000695133877641	0.00046661837285	0.98941747523	-0.145094309904
-3.15133016567	-10.5328861469	-0.00156832489382	-0.000597941846214	0.00047011926399	0.989255391608	-0.146195730539
-3.16279705083	-10.5363591475	-0.0015675599678	-0.0006187736552	0.000446353683324	0.989163007146	-0.146819491834
-3.18478227927	-10.5430621083	-0.00157432848358	-0.000716048209013	0.00038252145863	0.988976358588	-0.148071277116
-3.19816739557	-10.5471787368	-0.00157463614974	-0.000747498484681	0.0003792016406	0.98877774963	-0.149391630585
-3.21678822557	-10.552987861	-0.0015741617155	-0.000735275659383	0.000455645194028	0.988370869775	-0.152060105015
-3.22393801773	-10.5552498906	-0.00157217573565	-0.000718655202441	0.000498831295635	0.988174951525	-0.153328079233
-3.24770772898	-10.5629284594	-0.00157054392723	-0.000688504038168	0.000659965358222	0.98743125323	-0.158046229162
-3.26192872405	-10.5676453735	-0.00156963534528	-0.000710415606193	0.000711508280061	0.986965169726	-0.160930863455
-3.27612613107	-10.5724469803	-0.00157204843787	-0.000743714528848	0.000713385695528	0.986491035829	-0.163812008711
-3.29124291482	-10.5776658775	-0.00157233932148	-0.000764304136693	0.000684041506828	0.985908289893	-0.167283567172
-3.30773148676	-10.5835077822	-0.0015727452112	-0.000759046544057	0.000655674553044	0.985149408637	-0.171696349996
-3.32369219183	-10.5893300018	-0.00156964273146	-0.000734686575873	0.000630360740383	0.98430209159	-0.176489250021
-3.34192055934	-10.5962038307	-0.00157022494066	-0.000722970137132	0.000619892180074	0.983253227839	-0.182242099945
-3.35402657933	-10.6009048018	-0.00156924264448	-0.000729451117918	0.000613022780232	0.982531256465	-0.186095196534
-3.37350483152	-10.6087021846	-0.00157022020672	-0.000747806864743	0.000622411432571	0.981274855428	-0.192610258017
-3.38458756689	-10.6132776398	-0.00157080666433	-0.000762358943008	0.000649210118516	0.980498901479	-0.196522012847
-3.39655290866	-10.6183347539	-0.00156970663517	-0.000773897184624	0.000675770845316	0.979635303826	-0.200782508984
-3.42171126111	-10.6293810458	-0.00156915432222	-0.000773780925057	0.000740522052881	0.977602344791	-0.210457854093
-3.43125243764	-10.633735218	-0.00156921989098	-0.000778921689804	0.000780836604479	0.976712448739	-0.21454970532
-3.45067138119	-10.6429019325	-0.00156780601802	-0.000799074180154	0.000819161962691	0.974810149952	-0.223033320391
-3.46322808323	-10.6490554969	-0.00156874921886	-0.000807850418322	0.000829036325309	0.973437974346	-0.228947963908
-3.47481735931	-10.654910138	-0.00156927677977	-0.000822297683157	0.000843417582004	0.97206424306	-0.234711993384
-3.49427024482	-10.6651339442	-0.0015677834005	-0.000836915061092	0.000820287966658	0.969633357241	-0.244560379513
-3.50610244896	-10.6716043604	-0.00156851427992	-0.00083315662647	0.000799447723032	0.968029776667	-0.250832649827
-3.52217466005	-10.6807223577	-0.00156772347662	-0.000835510086207	0.000778632977656	0.965716995063	-0.259594647671
-3.53765132903	-10.6898727942	-0.00156711457335	-0.000835336738437	0.000748858189838	0.963381716727	-0.268131328457
-3.54829026356	-10.6963805731	-0.00156773567638	-0.000847570974205	0.000732248158976	0.961714407511	-0.274051352525
-3.56458321961	-10.7067036741	-0.00157216677593	-0.000943397690854	0.000698350477226	0.959006810785	-0.283380590683
-3.57738041031	-10.7151289921	-0.00157101773623	-0.000945436098191	0.000701392810827	0.956783073695	-0.29080021336
-3.5894679131	-10.7233533866	-0.00157118468579	-0.00100262835198	0.000691080592725	0.954569627166	-0.297985476215
-3.60454904082	-10.7339957653	-0.00157194828732	-0.000968217682638	0.000706704269823	0.951685701171	-0.307071472642
-3.61239700758	-10.7397067578	-0.00156707106578	-0.000909648681709	0.000724240366956	0.950133487319	-0.311841312675
-3.62634261553	-10.7501584595	-0.00156336741972	-0.000829421748383	0.000740513949069	0.947280964705	-0.320402149816
-3.63763090978	-10.7589127189	-0.00156708179538	-0.000938276776962	0.000687807844916	0.944847724596	-0.327507898962
-3.66004284119	-10.7771248994	-0.00157064146506	-0.00106877438618	0.00060412031826	0.939735181524	-0.341900981815
-3.66574466372	-10.7819434014	-0.001575103461	-0.00109342210479	0.000584745568522	0.938357580995	-0.34566387241
-3.67807183547	-10.792634316	-0.00157256316617	-0.00101151793897	0.00059174920881	0.935290718482	-0.353878366935
-3.68778010867	-10.8013263595	-0.00156501588514	-0.000884385664395	0.000624684919003	0.932787425017	-0.360425370029
-3.70282632673	-10.8153000761	-0.00156717484372	-0.000955739397307	0.000581867102937	0.92866724585	-0.37091224633
-3.71227958699	-10.8244116225	-0.00157404080779	-0.00102215019319	0.000553379756627	0.925947894966	-0.377649499917
-3.72286017667	-10.8349313603	-0.00156999408793	-0.00101683045689	0.000559313496859	0.922793495634	-0.385293158049
-3.73605797498	-10.8485621293	-0.00157805457987	-0.00111498470546	0.000519694188701	0.918577480285	-0.395239040887
-3.74147970949	-10.8543361437	-0.00157623975154	-0.00108266558169	0.000530223096382	0.916779907738	-0.399390970687
-3.75419642654	-10.8683030074	-0.00156515690181	-0.000909202011139	0.000589263840013	0.912413729505	-0.409267653659
-3.76085029703	-10.8758592423	-0.00156166632002	-0.000842869709472	0.00060482258596	0.91003417875	-0.414531925511
-3.7712701868	-10.88806257	-0.00157316939733	-0.00112354324432	0.000453371778034	0.906021103264	-0.423230779298
-3.78080027182	-10.89965383	-0.00158611493242	-0.00127928935921	0.000359338756707	0.902135488013	-0.431450803177
-3.78791414953	-10.9085973872	-0.00158289374347	-0.00128769092666	0.000337037435295	0.899062989839	-0.437817277594
-3.79829077517	-10.9221271147	-0.00157020897418	-0.00098399379597	0.000449201130529	0.894371799752	-0.447323053042
-3.80382289096	-10.9295917478	-0.00155970080547	-0.000801187307752	0.000521202325797	0.891764002605	-0.452499779121
-3.8114435656	-10.9401814206	-0.00155627755489	-0.000825347613009	0.000488991838304	0.887975349805	-0.459890049715
-3.817786375	-10.9492928785	-0.00157921532493	-0.00110777380361	0.000337647864428	0.884594335934	-0.466359860691
-3.82906474012	-10.9662244846	-0.00158045039204	-0.0011820132758	0.000308585903437	0.878289049276	-0.478128490619
-3.83523462026	-10.9759217572	-0.00157130612983	-0.000996495426194	0.000411723399154	0.874651480418	-0.484751096216
-3.83984808276	-10.9833916279	-0.00156275523815	-0.000853569322982	0.00048717857644	0.871830806038	-0.489806165457
-3.84840461071	-10.9977836724	-0.00155939985927	-0.000778446988297	0.00051963870968	0.866360589521	-0.499418114331
-3.8541900745	-11.0079409412	-0.00156448966942	-0.000944328467136	0.000415196424895	0.862488397901	-0.506075784189
-3.86029302738	-11.0190647005	-0.00159685227338	-0.00154569128797	8.13037527455e-06	0.858287383821	-0.51316700746
-3.86499121402	-11.0279363105	-0.00162868659853	-0.00199272411997	-0.000339587010164	0.854723831935	-0.519079073796
-3.86916858122	-11.0360914889	-0.00163491015006	-0.00206721499842	-0.00048038538034	0.851202203086	-0.524833597737
-3.87344536281	-11.0447516424	-0.00161376363822	-0.00168832810291	-0.00039621823721	0.846986137113	-0.531612148185
-3.87711900555	-11.052509102	-0.00158991203381	-0.00121409501918	-0.000242367671787	0.842503487506	-0.538689465992
-3.8787724964	-11.0561227857	-0.00158370861137	-0.000995071968921	-0.000156180631312	0.840181142798	-0.542304925965
-3.88109895538	-11.0613541638	-0.0015688061601	-0.000881462605374	-0.000107669970577	0.836178990218	-0.548455930544
-3.88329151713	-11.0665118522	-0.00159469765983	-0.0012325187068	-0.000236245078877	0.830915281771	-0.556397537383
-3.88412250074	-11.0685413047	-0.00160051075198	-0.00139773642131	-0.000292637866227	0.828488754761	-0.560003878496
-3.88634901621	-11.0742652836	-0.00158875258225	-0.00118690407445	-4.73822614197e-05	0.82125635172	-0.570558142325
-3.8877688944	-11.0781742604	-0.00155677903116	-0.000679531392539	0.000296647683311	0.816121949748	-0.57787923771
-3.88890569971	-11.0814744963	-0.00154615853636	-0.000461030166274	0.000397905605498	0.811535581994	-0.584302685498
-3.88981193574	-11.0842479236	-0.00156150279489	-0.00077471026422	0.000109216625393	0.806921886204	-0.590657648271
-3.89085534081	-11.0876274684	-0.0015825659797	-0.00108654881547	-0.000206264121091	0.801193998069	-0.598403671718
-3.89161770653	-11.0902621697	-0.00158118353364	-0.00113963259728	-0.000322653670132	0.796322884084	-0.604870615435
-3.89227220777	-11.0926671284	-0.00157518413216	-0.000907665030075	-0.00022037446428	0.791709175727	-0.610897461649
-3.89287185209	-11.0950155563	-0.00155606708476	-0.000573517812579	-1.36084166481e-05	0.787054656575	-0.616883002243
-3.89356182522	-11.0979258327	-0.00154707445816	-0.000378687040166	0.000143948646652	0.78094186595	-0.624603584589
-3.8940296302	-11.1000737041	-0.00156242819108	-0.000768698136726	-8.78714116321e-05	0.775065031816	-0.631880999745
-3.89427458525	-11.101276306	-0.00157326762484	-0.00095232788319	-0.000180188595195	0.771697144881	-0.635989447386
-3.89466561173	-11.1033605948	-0.00156988858126	-0.00106979591302	-0.000204613290984	0.765232631428	-0.6437529289
-3.8949184585	-11.1048630582	-0.00156344319006	-0.000866539505308	-4.11660334733e-05	0.760335636179	-0.649529805144
-3.89519001603	-11.1066785996	-0.0015491856684	-0.000518564238039	0.000186112885552	0.754076755749	-0.656786070873
-3.89535547439	-11.1079261323	-0.00154566572464	-0.000510097273723	0.000116472421256	0.748552474124	-0.663075349954
-3.895401283	-11.1082919427	-0.00156385226637	-0.000974725120186	-0.000367069774023	0.742939738223	-0.669357498307
-3.89541063197	-11.1083535431	-0.00157661716019	-0.00117070879283	-0.000600007198194	0.739159997466	-0.673528594477
-3.89542418435	-11.1084615464	-0.00155887659517	-0.000816422549331	-0.00042216069593	0.731374377825	-0.681975567521
-3.89541894042	-11.1083673476	-0.00154314721983	-0.000188962297368	6.02268788321e-05	0.724213336423	-0.689575959568
-3.8954142957	-11.1082684985	-0.00154029289505	-4.4277562574e-05	0.000192403649126	0.721225620046	-0.692700199227
-3.89540597029	-11.1079313665	-0.00154291457762	-0.000231967428673	0.000168338145386	0.71236821083	-0.701805849257
-3.89540740657	-11.1077974807	-0.0015468871605	-0.000559324145804	1.43330040671e-05	0.707173238708	-0.707040096038
-3.89541034357	-11.1077361454	-0.00154961878423	-0.000780073798287	-6.66019084625e-05	0.70265925727	-0.711526074872
-3.895413676	-11.1077167968	-0.00154838383326	-0.00083395371959	3.07407255662e-06	0.695721064733	-0.718311565129
-3.89541663529	-11.1076630421	-0.00154457901896	-0.000632412538742	0.000180649738317	0.688529096314	-0.725208418972
-3.89542147831	-11.10756778	-0.00154279915795	-0.000459672313466	0.000244581290239	0.682768000531	-0.730635056873
-3.8954308705	-11.1074255864	-0.00154272725119	-0.000375979569161	0.000149184733302	0.675664049702	-0.73720955523
-3.89543862823	-11.1073344203	-0.00154355510394	-0.000400404140428	-1.45191680738e-06	0.670217931524	-0.742164243236
-3.89544527352	-11.1072714983	-0.00154483160619	-0.00044699722403	-0.000128913505123	0.664923756173	-0.746911093807
-3.89545076639	-11.1072285961	-0.00154519754885	-0.000473458770174	-0.00018117568552	0.659220358347	-0.751949640703
-3.89545977057	-11.1071698837	-0.00154428180269	-0.000455269545454	-9.51580829714e-05	0.650984014171	-0.75909129686
-3.89546971712	-11.1071103032	-0.00154359659587	-0.000444170897386	1.38289429064e-05	0.645195388804	-0.764017481991
-3.89547768729	-11.1070665101	-0.00154321592713	-0.000452362139109	9.34374952707e-05	0.64053551925	-0.767928405008
-3.89526178458	-11.1081492743	-0.0015414772542	-0.000157636106697	0.000634784326061	0.630901864966	-0.775862364716
-3.89509214333	-11.1089411575	-0.00153794063455	-3.59841217122e-05	0.000842846401751	0.627739055104	-0.778423385448
-3.8944632944	-11.1116772861	-0.00153688499588	-5.16744980314e-05	0.000970120387347	0.619614394129	-0.78490576427
-3.89381379451	-11.1142938543	-0.00153846019057	-0.000449481037565	0.000567290438	0.613228480985	-0.789905251443
-3.89285936577	-11.1178677563	-0.00156164873636	-0.00106565321585	-0.000197833763549	0.604960208541	-0.796254966281
-3.89250054719	-11.1191423517	-0.00156707073651	-0.00116695648828	-0.000365539256312	0.602113819219	-0.798409326911
-3.89143399287	-11.1227559147	-0.0015686413287	-0.000903064732375	-0.000199276460192	0.595170277167	-0.803599082839
-3.88983625673	-11.1277983049	-0.00153164273811	-0.000180012872295	0.000493776172819	0.586954860585	-0.809619488041
-3.88773205589	-11.1339667895	-0.00153161179153	-3.76084090755e-05	0.000551220536301	0.577464302577	-0.81641574825
-3.88579557308	-11.1392835471	-0.00155442614231	-0.000575449312209	-5.70626096088e-05	0.569566404539	-0.821945117646
-3.88419627215	-11.143459763	-0.00157883057664	-0.00101701326456	-0.000484767478522	0.563489668988	-0.826122341804
-3.88168935322	-11.1496750493	-0.00158590669269	-0.00113242972971	-0.000401718876017	0.554819487275	-0.831969886934
-3.88030598073	-11.1529499233	-0.00156664794857	-0.000932793258912	-3.62230898691e-05	0.550560447318	-0.834794778634
-3.87826332311	-11.1576227427	-0.00154087997755	-0.000675525064942	0.000374116859533	0.544369090512	-0.838845454776
-3.87550340615	-11.163656275	-0.00153877023502	-0.000500825622863	0.000583567369573	0.5366702034	-0.843791740541
-3.872483737	-11.1699484905	-0.00154848087705	-0.000679639332823	0.00021336894485	0.528721178931	-0.848795268315
-3.86919416427	-11.1764854967	-0.00157672998786	-0.000981306005592	-0.00036717327232	0.520490456226	-0.853866843952
-3.8659138644	-11.1827206542	-0.00158464897976	-0.000938676508564	-0.000388976427704	0.513088607016	-0.858335044685
-3.86258794025	-11.1887922975	-0.00155257467447	-0.000662201866126	3.96952458118e-06	0.506314377347	-0.862348718771
-3.85873852519	-11.1955488383	-0.00154730152223	-0.000531585001887	0.000202712322549	0.498624751427	-0.866817762618
-3.85498671089	-11.2018780038	-0.00155274665594	-0.000649223830579	6.20729771059e-05	0.491308143285	-0.870985581395
-3.85157509316	-11.2074326626	-0.00156723789903	-0.000857619905097	-0.000194191226346	0.484845982685	-0.874599108079
-3.84617137638	-11.2158769885	-0.00157975058148	-0.00106499507761	-0.000399841494086	0.47498114748	-0.879995236039
-3.84526563407	-11.2172529689	-0.00158019782599	-0.00105868139648	-0.000369714900743	0.473410378896	-0.880841277222
-3.83968789729	-11.2254958654	-0.00156065787273	-0.000915548595846	-6.95058717618e-05	0.463968951183	-0.885850985933
-3.83397258368	-11.2335633005	-0.00155704400136	-0.0008147838605	3.330102358e-05	0.454484718928	-0.890754160966
-3.829636574	-11.2394489611	-0.00156022774914	-0.000818404668933	-7.46151870836e-05	0.447410715627	-0.894328226206
-3.82576961836	-11.2445385267	-0.00156710230773	-0.000853795660863	-0.000229537602968	0.441214367961	-0.897401303682
-3.81913631106	-11.2529443527	-0.00157347660215	-0.000881053604129	-0.000395134893535	0.430826110352	-0.902434446512
-3.81672435482	-11.2559047508	-0.00157344347337	-0.000869231035207	-0.000394364576351	0.427116377204	-0.904196156394
-3.81106846816	-11.2626615413	-0.00156292664082	-0.000710412365333	-6.64207398892e-05	0.418954806406	-0.908006806743
-3.80323269524	-11.2716344291	-0.00154689912906	-0.000643453848326	0.000173786649234	0.408194187951	-0.91289487932
-3.79905054432	-11.2762570095	-0.00155129029992	-0.000679264748413	0.00018220361021	0.402825459429	-0.915276545442
-3.79023558769	-11.2856588356	-0.00156579614703	-0.0009440473075	-0.000193811289528	0.3918256258	-0.920038993836
-3.78560441165	-11.290424041	-0.00157732620592	-0.00107392883002	-0.000404241334217	0.386179260251	-0.922423038642
-3.77715654418	-11.2988300701	-0.00157394222436	-0.00101904977485	-0.000229948505589	0.376532800342	-0.926402698036
-3.77242152446	-11.303392856	-0.00155326939568	-0.000916716303712	-2.49086632525e-05	0.371351760653	-0.928491803341
-3.76370845344	-11.3115266515	-0.00155361488635	-0.000823605336896	4.05189875362e-05	0.361903267511	-0.932215288974
-3.75431251111	-11.319946715	-0.00155039858573	-0.000738822842791	9.75551073225e-05	0.352368600088	-0.93586100159
-3.74675108299	-11.3264805491	-0.0015523457259	-0.000782134423381	-6.87231884491e-05	0.344946988567	-0.938621840051
-3.7415486726	-11.3308578885	-0.00156559366548	-0.000857080995683	-0.000266412298524	0.339900028887	-0.940461144758
-3.72961616692	-11.3405492191	-0.00158055395761	-0.000997615576506	-0.000536182891826	0.328574131187	-0.944477505071
-3.72033487363	-11.3477748981	-0.00156282185125	-0.000905470246014	-0.000162271344882	0.320406125581	-0.94727982586
-3.71477364132	-11.3519817084	-0.00154583384787	-0.000861980574925	2.41529815411e-05	0.315597679621	-0.948892702588
-3.70219638326	-11.3611810233	-0.00154206137204	-0.000807276261974	0.000307113486837	0.305173724871	-0.952296304537
-3.69435926519	-11.366705194	-0.00154140303521	-0.000883135415592	0.000141760614822	0.298846324724	-0.954300830019
-3.68145230272	-11.375474647	-0.00157563056683	-0.00109032836094	-0.000441646278187	0.288583265051	-0.957454079977
-3.67030920522	-11.3827276802	-0.0015888472346	-0.00114350452358	-0.000615887950197	0.280022913077	-0.959992438112
-3.66085105665	-11.3886732503	-0.00156695510498	-0.00101372181617	-0.000256135601696	0.273196410891	-0.961957705847
-3.64848836793	-11.3961599605	-0.00154746414621	-0.000868865835809	9.47589064811e-05	0.264431653583	-0.964404031864
-3.63446931122	-11.404296029	-0.00153411044905	-0.000726189318361	0.000469957171745	0.255212212691	-0.966884676827
-3.63408391526	-11.4045148086	-0.00153336151648	-0.000723559128241	0.000477831850666	0.254969702599	-0.966948653702
-3.60573414458	-11.4199293968	-0.00157030317354	-0.00101039416012	-0.000382985553443	0.237458899068	-0.971396985624
-3.5984562942	-11.4236779903	-0.00158668347394	-0.0011305455178	-0.00070266969037	0.233058640769	-0.972461772043
-3.58507634038	-11.4303591078	-0.00159422228385	-0.00121655298466	-0.000763483502918	0.225250596888	-0.974299802778
-3.5736450108	-11.4358555685	-0.0015755756413	-0.00120292688366	-0.000543814004591	0.218656117463	-0.975801086046
-3.55252592512	-11.4455161322	-0.00155136671752	-0.00106797314221	7.58295867134e-06	0.206678884661	-0.978408247109
-3.53903408188	-11.4513636629	-0.00155064553375	-0.00102378977978	-5.49608274858e-06	0.199098788271	-0.979978889739
-3.5227798885	-11.4580846369	-0.00156775024124	-0.00102910201497	-0.000361555427781	0.190027952407	-0.981778074481
-3.51073561274	-11.4628400531	-0.00158087693664	-0.00103595839619	-0.000591688403258	0.183393291202	-0.983038899249
-3.49929709661	-11.4671883707	-0.00158047935587	-0.0010074379234	-0.000569178401667	0.177244963381	-0.984166085608
-3.47619033071	-11.475473553	-0.00156967002026	-0.000968011921622	-0.000372891938411	0.164933612112	-0.986304125258
-3.46676876231	-11.4786688878	-0.0015646934447	-0.000958101659778	-0.000249679298112	0.160010485216	-0.987114818206
-3.44830150853	-11.4846278593	-0.00156031185206	-0.000999730198142	-0.000242637823304	0.150411056232	-0.988623009964
-3.44259324904	-11.4863902238	-0.00156479982882	-0.00102459670207	-0.000299020255047	0.147454814865	-0.989068217244
-3.41719511185	-11.4937845248	-0.00157945860342	-0.00113362902916	-0.000601446972219	0.134395057778	-0.990927001142
-3.39736623699	-11.4990585696	-0.00158114827764	-0.00115159253088	-0.000641145476661	0.124324102179	-0.992240787503
-3.38328468541	-11.5025430704	-0.00157652909113	-0.00112135050929	-0.000556518423153	0.117196242234	-0.993107986911
-3.37209660157	-11.5051587046	-0.00157242665829	-0.00108208975775	-0.000477121172858	0.111539918115	-0.993759250575
-3.35308571722	-11.5092960716	-0.00156869277185	-0.00101047210013	-0.000418864111539	0.101943489148	-0.994789590074
-3.3354748383	-11.5127878097	-0.00157109894482	-0.000963401067632	-0.000477407097613	0.0930767018302	-0.995658360843
-3.32172493219	-11.5152886855	-0.00157466076483	-0.000946928330346	-0.000554798949783	0.0861729963293	-0.996279584368
-3.30595537617	-11.5179157995	-0.00157743805817	-0.000949139406145	-0.000616261152624	0.078276821472	-0.996931019969
-3.28518972858	-11.5209854505	-0.00157687539405	-0.000977057745794	-0.000608711797088	0.0679050222449	-0.997691125941
-3.27478786496	-11.5223575542	-0.0015754446411	-0.000996899961252	-0.000579577380721	0.0627179810359	-0.998030623345
-3.25296520418	-11.5248793125	-0.00157287082924	-0.0010378731519	-0.000530098579978	0.0518492232838	-0.998654244401
-3.24054858257	-11.526099481	-0.00157280955192	-0.00105380210962	-0.000531171329661	0.0456730514305	-0.998955744631
-3.22214434525	-11.5276232035	-0.00157431922283	-0.001059298596	-0.000568240826508	0.0365300976898	-0.99933183025
-3.20719713087	-11.5286113926	-0.00157572941556	-0.00104572804364	-0.000605393566798	0.0291138368787	-0.999575372072
-3.18923727365	-11.5295043527	-0.00157634190997	-0.00101174800969	-0.000629441565113	0.020226149298	-0.999794720457
-3.1732596651	-11.5300345627	-0.00157651296129	-0.000953897618976	-0.000637312981784	0.0128513719075	-0.999916759611
-3.15977251704	-11.5303078434	-0.00157558759136	-0.000862021128804	-0.000640847221718	0.00739147459933	-0.99997210578
-3.13529030905	-11.5304586675	-0.00157562700715	-0.000656394980281	-0.000637442185237	-0.00123160068189	-0.999998822986
-3.12130212988	-11.5303602074	-0.00157535043299	-0.000580670210062	-0.000634563656679	-0.00587622523803	-0.999982364909
-3.10281802083	-11.5300444382	-0.00157496725579	-0.000509883198279	-0.000645692288997	-0.0111248511571	-0.999937778458
-3.09232722367	-11.5297835358	-0.00157511868162	-0.000495068893714	-0.0006443814473	-0.0139057001783	-0.999902980885
-3.07035213576	-11.5290541094	-0.00157597476758	-0.000549743680789	-0.00065028220011	-0.0193304314003	-0.999812787144
-3.05287762044	-11.5283085188	-0.0015750913527	-0.000630898306776	-0.000644500064863	-0.0234991507399	-0.999723450011
-3.03740796015	-11.5275269599	-0.00157595814188	-0.000720328280264	-0.000641416137872	-0.0271716916886	-0.999630316109
-3.02942666692	-11.5270787399	-0.00157521318452	-0.000762290961973	-0.000642103119389	-0.0291106141358	-0.999575699365
-3.00549518025	-11.5255447608	-0.00157560550546	-0.000844259704255	-0.000648403492024	-0.0350853048196	-0.999383754213
-2.99054746219	-11.524439552	-0.00157533221823	-0.000844155795556	-0.000657396324281	-0.0388364842657	-0.999245006353
-2.97311663718	-11.5230104736	-0.00157637286694	-0.00077936911656	-0.000671155737196	-0.0428910899647	-0.999079224354
-2.95469837987	-11.5213530127	-0.00157533825109	-0.000648020039395	-0.000673352234013	-0.0468464466709	-0.998901665381
-2.93579686057	-11.5195001359	-0.00157577315706	-0.000522649630435	-0.000663069105399	-0.0508716616817	-0.99870484189
-2.91889971875	-11.5177144194	-0.00157440052181	-0.000449704905192	-0.000654053330894	-0.0543390093587	-0.998522229117
-2.90499225071	-11.5161625561	-0.00157537405121	-0.000406440703873	-0.000659249652819	-0.0566407996256	-0.998394320904
-2.89158645882	-11.5146095641	-0.00157474256961	-0.000390046260291	-0.000659599486783	-0.0586864757578	-0.998276169382
-2.86925450493	-11.5119086257	-0.00157599321444	-0.000422242207467	-0.000674804733975	-0.0613514831416	-0.998115906028
-2.85635241322	-11.5103055277	-0.00157512890032	-0.000418540642649	-0.000683033141194	-0.0620282898744	-0.99807407017
-2.84493759763	-11.5088786642	-0.00157680631196	-0.000396032643791	-0.000684123466259	-0.0621349754341	-0.998067442591
-2.82260493414	-11.5060884911	-0.00157572404623	-0.000354643429643	-0.000667192179781	-0.0619816809618	-0.998077001192
-2.80771760616	-11.5042362694	-0.00157462530066	-0.000326649050101	-0.000655255491712	-0.0616415468771	-0.998098083176
-2.78489148384	-11.5014189204	-0.00157525985711	-0.000312264774573	-0.000641444595931	-0.0611237866019	-0.99812993831
-2.77149517445	-11.4997725037	-0.00157405223282	-0.000343660731089	-0.000639849797612	-0.0612050531576	-0.998124949071
-2.75760347412	-11.4980602126	-0.00157496200798	-0.000398252656969	-0.00065082080285	-0.0614041663323	-0.998112692127
-2.74271866195	-11.4962190238	-0.00157498675084	-0.000455566199658	-0.000662921531434	-0.0616398275044	-0.998098133782
-2.72485572055	-11.494000378	-0.00157609975689	-0.00050759263605	-0.000674127032927	-0.0618543656649	-0.998084828735
-2.70450588925	-11.4914771201	-0.0015760232023	-0.000474022378331	-0.000688748449466	-0.061101716285	-0.99813119438
-2.6901053836	-11.4897200099	-0.00157596520435	-0.000386757287213	-0.000676917016682	-0.060143202332	-0.998189454671
-2.6747110511	-11.4878713882	-0.00157595591898	-0.00030173209432	-0.00065506362867	-0.059291871641	-0.998240428858
-2.65236632477	-11.4852289915	-0.00157373413634	-0.000226081304773	-0.000633088750499	-0.0582988835404	-0.998298947342
-2.63647538425	-11.4833775912	-0.00157486665794	-0.000218220373463	-0.000632599862886	-0.0576054238445	-0.99833920455
-2.62505155913	-11.4820609622	-0.00157512159763	-0.00023951710211	-0.000642953422273	-0.0570444867905	-0.998371401718
-2.60666318879	-11.4799794372	-0.00157605375284	-0.000264676784917	-0.000674615480235	-0.0552951536486	-0.99846978964
-2.59372938227	-11.4785657949	-0.00157681016892	-0.000247014734881	-0.000687588245301	-0.0532502781273	-0.998580930163
-2.57779812487	-11.4769085317	-0.00157730443862	-0.000195423558073	-0.000682270251663	-0.0501447812465	-0.998741706965
-2.55338944894	-11.4745691987	-0.00157494675693	-0.000131527519446	-0.000640220631082	-0.0452230958469	-0.998976698637
-2.5469121066	-11.4739892723	-0.00157429924709	-0.000121884337301	-0.000629749590685	-0.0439173846361	-0.999034960292
-2.5309644099	-11.4726345502	-0.0015741756438	-0.000115982227374	-0.000616499564101	-0.040700180943	-0.999171207425
-2.50652869654	-11.4707595726	-0.00157489946592	-0.000157677268629	-0.000636546179797	-0.0357684043355	-0.999359890729
-2.49355214442	-11.4698626293	-0.00157568594878	-0.000194097559583	-0.00065173216714	-0.0331429421026	-0.999450390445
-2.47057380532	-11.468455453	-0.00157698511542	-0.000216287515172	-0.000675233116057	-0.0275107637945	-0.999621255854
-2.4620746127	-11.4680062973	-0.00157650704406	-0.000189063158019	-0.000676927568757	-0.0249689882106	-0.999687979147
-2.44406886256	-11.4672028373	-0.00157643843934	-0.00010702384312	-0.000655703641009	-0.0193716830219	-0.9998121306
-2.42756188551	-11.4666437449	-0.00157483174597	-4.36305430133e-05	-0.00063056082617	-0.0143053456092	-0.999897473532
-2.40605803263	-11.4661479839	-0.00157369560556	-5.64178411487e-05	-0.000594150426594	-0.00897180953534	-0.999959574401
-2.39306031435	-11.4659474341	-0.0015735713311	-0.000145077785239	-0.000592772681831	-0.00652759258796	-0.999978508823
-2.36956159044	-11.4657274913	-0.00157427030787	-0.000368889614978	-0.000620522075224	-0.00317832998559	-0.999994688532
-2.36406095672	-11.4656963879	-0.0015756650149	-0.000429278836111	-0.000627581265604	-0.00257908249257	-0.999996385091
-2.33905191785	-11.4656328306	-0.00157614907315	-0.000622204596398	-0.000656962999797	1.70726947419e-05	-0.999999590485
-2.32704492451	-11.4656477762	-0.00157717733981	-0.000637308047491	-0.000654037633843	0.00127156523631	-0.999998774597
-2.3085340481	-11.4657359279	-0.0015769733015	-0.000541889127464	-0.000652203883277	0.00389667958154	-0.999992048406
-2.28701938705	-11.4659841212	-0.00157568664549	-0.000252290267619	-0.000640470236472	0.00796242066879	-0.999968062492
-2.27601537191	-11.466177942	-0.00157584244494	-0.000117878641363	-0.000624834762371	0.0097593147253	-0.999952174587
-2.26501601314	-11.4664070057	-0.00157440947099	-3.74382569782e-05	-0.00060884643332	0.0110882693216	-0.999938337193
-2.23803177019	-11.4670566394	-0.00157406475896	-0.000109519291206	-0.000596937209636	0.0127357269349	-0.999918713162
-2.22304094392	-11.4674494186	-0.00157470200522	-0.000269828764121	-0.000616569323095	0.0132994488354	-0.999911331917
-2.20904755703	-11.467825265	-0.00157575455889	-0.000474331776612	-0.000625481117838	0.0131931995065	-0.99991265782
-2.18655962282	-11.4683931559	-0.0015757160831	-0.000845423026109	-0.000619643924202	0.011556731443	-0.999932669363
-2.17656515177	-11.4686169062	-0.00157642228248	-0.000960657658953	-0.000618979236468	0.0106800079998	-0.999942314052
-2.1545762372	-11.4690467009	-0.00157675525196	-0.00101459022726	-0.000617287266091	0.00877143667381	-0.999960824964
-2.13808340726	-11.4693120501	-0.00157636394227	-0.000886486392844	-0.000626153594077	0.00733949838855	-0.99997247654
-2.12208929706	-11.4695198089	-0.00157542502598	-0.000676857493772	-0.000626443311594	0.00558526079463	-0.999983977019
-2.10409680466	-11.4696800598	-0.00157596601075	-0.000441409422517	-0.000628909327136	0.00336207218362	-0.999994053033
-2.09010223568	-11.4697492377	-0.00157477252737	-0.000294457931207	-0.000631126653503	0.0016116575349	-0.999998458766
-2.07160643791	-11.4697738598	-0.00157663767366	-0.000186151908585	-0.000645777114041	-3.44222207145e-05	-0.999999773567
-2.0546033502	-11.4697621301	-0.00157621201042	-0.000148055026272	-0.000662654159551	-0.000382466179147	-0.999999696344
-2.03859585542	-11.4697541305	-0.00157710255904	-0.000170786254773	-0.000661021844375	-5.9328785903e-05	-0.999999765181
-2.02259117906	-11.469756817	-0.00157589427092	-0.000279023939827	-0.000637798861893	2.0774390811e-05	-0.999999757463
-2.00659532559	-11.469750764	-0.00157445041873	-0.000472825438351	-0.000604316154111	-0.000738064860799	-0.999999433249
-1.9886074088	-11.469706211	-0.00157411624585	-0.00070386502354	-0.00059972783935	-0.00191248714405	-0.999997743644
-1.97911297304	-11.469666127	-0.00157485035757	-0.00078647733563	-0.000612711740188	-0.00237673696991	-0.999996678574
-1.96311725717	-11.469580685	-0.00157673746935	-0.000836180064273	-0.000643016673625	-0.00300373332238	-0.999994932446
-1.94511534659	-11.4694602301	-0.00157777836101	-0.000769761071507	-0.000663829680086	-0.00366957705681	-0.999992750475
-1.92661082987	-11.469311588	-0.00157703436903	-0.000587975760445	-0.000658511150506	-0.00416246486353	-0.999990947226
-1.91010804495	-11.4691698055	-0.00157552061344	-0.000371437828179	-0.000640836111235	-0.00426543641934	-0.999990628664
-1.89510896478	-11.4690393817	-0.00157557075517	-0.000204321277659	-0.000624516466868	-0.00432090498408	-0.99999044896
-1.88011291195	-11.4689065891	-0.00157429757721	-0.000114317115765	-0.000617485651156	-0.00451441274904	-0.999989612806
-1.86011880857	-11.4687195873	-0.00157513359662	-0.000142811306255	-0.000624922717665	-0.00487028972006	-0.999987934604
-1.83862185471	-11.4685039621	-0.00157594920033	-0.000326675102935	-0.000641067747198	-0.00525939097488	-0.999985910462
-1.82812221238	-11.4683923013	-0.00157621756127	-0.000447411992742	-0.000644396779517	-0.00554708519541	-0.999984307087
-1.8001256582	-11.468056404	-0.00157606860471	-0.000743515940793	-0.000638019879649	-0.00661186203026	-0.999977661448
-1.79712630433	-11.4680166578	-0.00157588982082	-0.000762985627894	-0.000637071189967	-0.00672971425638	-0.999976861202
-1.77513361913	-11.4676990672	-0.00157563800371	-0.000816534063191	-0.000626052917278	-0.00799924089393	-0.999967476209
-1.75864373047	-11.467412123	-0.00157617731039	-0.000777953760704	-0.000625908337716	-0.00946509704502	-0.999954706457
-1.74365312898	-11.4671071928	-0.00157492619442	-0.000673980893223	-0.000633651619797	-0.010858028615	-0.999940621962
-1.72416440528	-11.4666463036	-0.00157629432925	-0.000506241929723	-0.000640506736086	-0.0128303147327	-0.999917354832
-1.70517623894	-11.4661200539	-0.00157553475387	-0.000378320026461	-0.000646184438136	-0.0148684261521	-0.999889178471
-1.68918736472	-11.4656171517	-0.0015757337264	-0.000326025634662	-0.000641999207796	-0.0166332356141	-0.999861398904
-1.68069499776	-11.4653266174	-0.00157550333591	-0.000333492919038	-0.000635723189543	-0.0177204076237	-0.999842723528
-1.66521297395	-11.4647475146	-0.00157553566051	-0.000406972854155	-0.000630849430305	-0.0198097506854	-0.999803485781
-1.63925014368	-11.4636299448	-0.00157541376874	-0.00060206975899	-0.000638492002412	-0.0233614213211	-0.99972669957
-1.63276029651	-11.4633221222	-0.00157588334249	-0.000650101880478	-0.000643116125819	-0.0241796860538	-0.999707210413
-1.60729881766	-11.4620229387	-0.00157583189563	-0.000729118600668	-0.000664676300839	-0.0267904980228	-0.999640583313
-1.59931114107	-11.4615887256	-0.00157680489143	-0.000720869044339	-0.00066415468236	-0.027566073783	-0.999619503022
-1.57834932766	-11.4603874047	-0.00157539648292	-0.000649227352073	-0.000651049842806	-0.0298243799087	-0.999554731368
-1.55789794295	-11.4591140373	-0.00157539814622	-0.000552170646443	-0.000636720509136	-0.0323912447259	-0.99947491062
-1.5409449204	-11.4579777109	-0.00157471324695	-0.000475090405255	-0.000637917264763	-0.0345459064833	-0.999402795521
-1.52598799566	-11.4569175714	-0.00157614723334	-0.000418546840916	-0.000652493952398	-0.0360683304396	-0.999349025421
-1.51202564006	-11.4558944961	-0.00157603816339	-0.000359575418393	-0.000670138482458	-0.0369356801433	-0.999317355574
-1.49257651487	-11.4544351216	-0.00157727151646	-0.000320194395903	-0.000665205533537	-0.0379517287795	-0.999279300926
-1.47712017	-11.4532503014	-0.00157599126856	-0.000330909692318	-0.000659208263918	-0.0383895474831	-0.999262577398
-1.45617804991	-11.4516433481	-0.00157500875882	-0.000327673028639	-0.000648835279142	-0.0380543688661	-0.999275405808
-1.43822881777	-11.4502822622	-0.0015763437914	-0.000355534695072	-0.000643622232929	-0.0376190969712	-0.999291880728
-1.42177714418	-11.449043387	-0.00157382363963	-0.000409532603479	-0.000637229600978	-0.0377412145657	-0.999287259473
-1.41330365124	-11.4484012077	-0.00157481057435	-0.000454411874415	-0.000633724675785	-0.0380247879365	-0.999276491971
-1.3888840404	-11.4465181789	-0.00157469615402	-0.000572234723908	-0.000648240208644	-0.0390531255692	-0.999236761591
-1.37543034192	-11.4454532858	-0.00157533962178	-0.000625738139238	-0.0006475334214	-0.0401927051336	-0.999191541
-1.36297856693	-11.4444325426	-0.00157586810686	-0.000690808871098	-0.000646164596543	-0.0418528144984	-0.99912333932
-1.34157325925	-11.4425668733	-0.00157465511394	-0.000759076968674	-0.000654240205083	-0.0452100302566	-0.998977001205
-1.32216804476	-11.4407491247	-0.00157622685876	-0.000729387104519	-0.000666247931802	-0.0481081483148	-0.998841644193
-1.31122320685	-11.43967716	-0.00157658065318	-0.000663494560693	-0.000680372643795	-0.0493671995535	-0.998780244336
-1.29480696958	-11.4380206073	-0.00157588367334	-0.000522765391931	-0.000678578638673	-0.051125725405	-0.998691857606
-1.27193340103	-11.4356203941	-0.00157543119397	-0.000345904377829	-0.000662216257184	-0.0532592421084	-0.998580439899
-1.26149540497	-11.4344940414	-0.00157421481742	-0.000288191738622	-0.00064919065916	-0.0541771680035	-0.998531086128
-1.24062938272	-11.4321854049	-0.00157490081324	-0.000269191222247	-0.000637010994564	-0.0559945179023	-0.998430836722
-1.23020024819	-11.4310033422	-0.00157419639931	-0.000303359304339	-0.000640781954799	-0.056854433612	-0.99838222678
-1.20387581263	-11.4279675957	-0.00157606773651	-0.000391806809977	-0.000679727364054	-0.0574225551955	-0.998349655488
-1.19443346168	-11.4268811103	-0.00157683812706	-0.000395326146012	-0.000690957638632	-0.056933119001	-0.998377677162
-1.17901983092	-11.4251373691	-0.00157770410457	-0.000354528126128	-0.000697318782954	-0.0553664812614	-0.99846579351
-1.15912077042	-11.4229722453	-0.00157588442674	-0.000253498932538	-0.000666964170359	-0.0528042447903	-0.998604627783
-1.13772648265	-11.4207618185	-0.00157437424141	-0.000167334618032	-0.000628058047992	-0.0499916135338	-0.998749426092
-1.12528580024	-11.4195329367	-0.00157370650648	-0.000140085941391	-0.000618710169769	-0.0483281676713	-0.998831309973
-1.10636467808	-11.4177541286	-0.0015755789342	-0.000112370016429	-0.000642034415504	-0.0449907980686	-0.998987188734
-1.09440146652	-11.4167043571	-0.00157584883648	-8.10972098477e-05	-0.000663612294204	-0.0422276088722	-0.999107793029
-1.07993221903	-11.4155301903	-0.00157734136763	-4.67829198867e-05	-0.000674643582581	-0.0385008273254	-0.999258339451
-1.06245711034	-11.4142597895	-0.00157634069385	-4.14083188943e-05	-0.000662016771444	-0.0338889690425	-0.999425383806
-1.03848195491	-11.4127810987	-0.0015745830181	-8.98300369598e-05	-0.000624931172349	-0.0276142778826	-0.999618453736
-1.02699306295	-11.4121770397	-0.00157373300766	-0.000143858324368	-0.000610191114122	-0.024938477782	-0.999688791223
-1.01050718178	-11.4114135348	-0.00157470263511	-0.000243015944416	-0.000617421136995	-0.0212824214885	-0.999773283435
-0.997512789356	-11.4108960626	-0.00157438734885	-0.000304618877753	-0.00063483481939	-0.0184324804196	-0.999829859455
-0.975011086709	-11.410168307	-0.00157643240064	-0.000378822729895	-0.000650800005683	-0.0140247626405	-0.999901364628
-0.955004495074	-11.4096757679	-0.00157554246745	-0.000399020057573	-0.00065183025038	-0.0104877315742	-0.999944710165
-0.936496552533	-11.4093453717	-0.00157589834226	-0.000351830871713	-0.000637326973557	-0.00723638640658	-0.999973552021
-0.932995213193	-11.4092963952	-0.00157599729975	-0.000339015181122	-0.00063498186926	-0.00661358214392	-0.999977870954
-0.907981563102	-11.4090878237	-0.00157538039606	-0.000178466160796	-0.000645887751743	-0.00108996009557	-0.999999181483
-0.891965758238	-11.4091176702	-0.00157576547988	-3.03916005858e-05	-0.000650590374469	0.00328594365745	-0.999994389176
-0.880954233671	-11.4092224984	-0.00157703209764	5.17219932552e-05	-0.000651543029896	0.00660256347741	-0.999977989244
-0.858931455711	-11.4096689071	-0.00157391416378	0.000178638887761	-0.000648706387279	0.0141037151896	-0.999900311274
-0.840921694103	-11.4102865555	-0.00157575907761	0.0001735170228	-0.000630097768194	0.0204114571805	-0.999791450896
-0.832921848016	-11.4106339971	-0.00157462732943	0.000135954863772	-0.000625749925009	0.0232114812068	-0.999730372197
-0.804945536565	-11.4121818294	-0.00157429435819	-0.000145556877897	-0.000603807798616	0.0316392698813	-0.999499159995
-0.797458967094	-11.4126699993	-0.00157452961693	-0.000260047102838	-0.000600308604046	0.0333794422117	-0.999442537039
-0.774014716135	-11.4143423798	-0.001574293686	-0.000616133532795	-0.000593205890164	0.0373510069359	-0.999301841671
-0.757063270579	-11.415646526	-0.00157611328879	-0.000796644073023	-0.000598104465571	0.0393234888597	-0.999226035916
-0.742107562694	-11.4168495176	-0.00157571748547	-0.00082414397742	-0.000610383313937	0.0409809042897	-0.99915940355
-0.727651687706	-11.4180582384	-0.00157683698876	-0.000734146043635	-0.000617539763533	0.0425078233533	-0.999095673411
-0.708716152878	-11.4197014752	-0.00157585590839	-0.000517954817004	-0.000615534169756	0.0441661360963	-0.999023876223
-0.691282762938	-11.4212678347	-0.00157444839251	-0.000278502264106	-0.000614557881924	0.0455985462144	-0.998959617471
-0.677341812524	-11.4225533289	-0.00157403904495	-0.000137674365285	-0.000607281929829	0.0462897810999	-0.998927859467
-0.65793232575	-11.4243586315	-0.00157415092736	-0.000125207882038	-0.000601795342527	0.0462735966359	-0.998928614276
-0.644992453956	-11.4255586447	-0.00157367841747	-0.000208681905321	-0.000610374774482	0.0460960671125	-0.998936803052
-0.623585961539	-11.4275337183	-0.00157620524481	-0.000447372818742	-0.000617847176359	0.0456078950647	-0.998959127307
-0.610143373138	-11.428755535	-0.0015757174604	-0.000646621000287	-0.000605032356205	0.0446103852482	-0.999004068733
-0.598692426436	-11.4297684444	-0.00157539718626	-0.000823483015354	-0.000586952137159	0.0431814324871	-0.999066735134
-0.582262700777	-11.4311507239	-0.00157461197811	-0.00104393093024	-0.00055791718246	0.0402288733911	-0.999189790121
-0.564334278562	-11.4325347146	-0.00157536038448	-0.00116249713975	-0.000558479326058	0.0365429063596	-0.999331252737
-0.540907484768	-11.4341380362	-0.0015765517389	-0.00104305310561	-0.000599113620178	0.0316686987263	-0.999497697158
-0.526439832374	-11.4350131429	-0.00157709166983	-0.000852439490878	-0.000627389379591	0.0287996852683	-0.999584642668
-0.509965008155	-11.4359175803	-0.00157708521671	-0.000554121704869	-0.000656951622029	0.0263613022214	-0.999652111041
-0.492982006424	-11.4367832376	-0.00157711222297	-0.000225903453593	-0.000664859746458	0.0248971387753	-0.999689771584
-0.478494905073	-11.4374931944	-0.00157688574446	-1.11760194425e-05	-0.000658010831727	0.0243100526304	-0.999704250385
-0.459015920942	-11.4384290649	-0.00157480036122	8.6284404e-05	-0.000630123772552	0.0237358807504	-0.999718061987
-0.44453561186	-11.4391123188	-0.00157445833237	-9.64316696578e-06	-0.000614541036136	0.0233264450148	-0.999727712534
-0.429057569305	-11.439831427	-0.00157434295953	-0.000228838595883	-0.00061155131965	0.0229938850221	-0.999735392436
-0.412576068703	-11.4405957658	-0.00157637083977	-0.000486919125734	-0.000634016791558	0.0234482757019	-0.999724731763
-0.394586647952	-11.441467161	-0.00157783525681	-0.000660864249317	-0.000659547782039	0.0252059040777	-0.999681844716
-0.379091618038	-11.4422836923	-0.0015787607594	-0.000662470860311	-0.000668569885051	0.0277823834132	-0.999613551988
-0.363100386382	-11.4432192083	-0.00157647390297	-0.000524946994192	-0.000650497184205	0.0309280778872	-0.999521263047
-0.342131004536	-11.444600842	-0.0015748327268	-0.000249368210691	-0.000611420230893	0.0351436795642	-0.999382051954
-0.331156161072	-11.4453959591	-0.00157343487842	-9.82009869601e-05	-0.000604263978622	0.0375483816379	-0.999294623351
-0.31719324614	-11.4464910875	-0.00157383730965	8.75078295854e-05	-0.00062082577894	0.0412346069742	-0.999149295203
-0.29525986709	-11.4484494156	-0.00157542464923	0.000296392941988	-0.000663987210676	0.0483465888303	-0.998830355276
-0.28181131821	-11.4498116316	-0.00157544496125	0.000308919373166	-0.000667975381823	0.0527827568381	-0.998605747509
-0.263901185556	-11.4518124213	-0.00157438296678	0.000172082342382	-0.000650208971503	0.0585968801399	-0.998281500006
-0.247508609814	-11.4538300353	-0.00157345189209	-4.44218384974e-05	-0.000621787247808	0.0639130087626	-0.997955278917
-0.227672710851	-11.4565106372	-0.00157402263668	-0.000325641724592	-0.000604716035401	0.0704715578979	-0.997513552692
-0.211334209454	-11.4589189521	-0.00157406265287	-0.00048172578151	-0.000604658860222	0.0759296364392	-0.997112878584
-0.198478682873	-11.4609418771	-0.00157498544903	-0.000526572387027	-0.000607401220095	0.0802355123673	-0.996775609824
-0.176270796511	-11.4646978001	-0.00157357828823	-0.000449057724985	-0.000598241081294	0.087127144287	-0.996196918879
-0.16248329491	-11.4671750012	-0.00157335455368	-0.000368565076956	-0.000580094350596	0.0904802354694	-0.995898014176
-0.14527876201	-11.470383304	-0.00157128658573	-0.000293561839919	-0.000564128892796	0.0935771327312	-0.995611829886
-0.127114465863	-11.4738783692	-0.00157261010576	-0.00025700004637	-0.000581348205379	0.0963906640856	-0.995343375857
-0.119263756294	-11.4754224184	-0.00157321236382	-0.000245272134676	-0.000600567644765	0.0977438546515	-0.995211393644
-0.0957265801503	-11.4801903007	-0.00157539574097	-0.000233296409372	-0.00063917614518	0.101970673738	-0.994787172577
-0.0829907937563	-11.4828601094	-0.00157550412838	-0.000243363766414	-0.000644790144886	0.104615220886	-0.994512534149
-0.0624479505743	-11.4873381047	-0.00157388399715	-0.00019958672677	-0.000640469990079	0.110212326264	-0.993907839341
-0.05317282714	-11.4894457146	-0.00157405820055	-0.000162509041022	-0.000632298239535	0.113117922497	-0.993581355199
-0.0332075089657	-11.4941770614	-0.00157178233297	-0.000115460074207	-0.000604309422625	0.119188415039	-0.992871463584
-0.0142769115245	-11.4988922888	-0.00157118242316	-0.000141591725158	-0.000590039331665	0.124539618391	-0.992214450236
0.00363524232309	-11.5035535541	-0.00157182394836	-0.000199127134214	-0.000596187417944	0.12955313688	-0.991572281598
0.0210210210206	-11.5082556452	-0.00157221856246	-0.000296911186066	-0.000593330454126	0.133752669834	-0.991014522151
0.0316269443793	-11.511196473	-0.00157279399965	-0.000375972164563	-0.000586506512939	0.135999880649	-0.990708608582
0.0479925874695	-11.5158340476	-0.00157182540556	-0.000467369452916	-0.000576462686221	0.139391878447	-0.990237018839
0.0600061190648	-11.5193162661	-0.00157283678638	-0.000494438182008	-0.00057122548669	0.142025703678	-0.989862681753
0.0825396049075	-11.5260574357	-0.00157177909891	-0.000393624618533	-0.000598878996887	0.148205108799	-0.988956385352
0.0901917850035	-11.5284198756	-0.00157173366939	-0.000322863415362	-0.000604511484111	0.150458254471	-0.988616125696
0.105938216229	-11.5334050421	-0.00157312569315	-0.000166483275743	-0.000621035494001	0.155507997377	-0.987834424056
0.131583516863	-11.5419546202	-0.0015709981775	0.000136609164815	-0.000666668245253	0.165881089896	-0.986145527245
0.146218184327	-11.5471233067	-0.0015708508206	0.000246339909995	-0.000676368378064	0.172497593305	-0.985009676169
0.164993240396	-11.5540830247	-0.00156882794116	0.00023546410599	-0.000665604684493	0.181033967912	-0.983476590463
0.175732016413	-11.5582321992	-0.00156884390098	0.000157242028258	-0.000649962034157	0.185926582372	-0.982563412097
0.186892600383	-11.5626758466	-0.00156915805458	3.37708243899e-05	-0.000630995022712	0.191030490125	-0.981583899902
0.207694238825	-11.5713142274	-0.00156933234845	-0.000248607541148	-0.000588593696254	0.200205264506	-0.979753766931
0.214592663822	-11.5742789586	-0.00156987144451	-0.0003361556911	-0.000576717867431	0.203203492798	-0.979136300476
0.234268171086	-11.5830110741	-0.00156961294971	-0.000484362186621	-0.000550916260633	0.211773941329	-0.977318402394
0.248356899235	-11.5895184036	-0.00156975346914	-0.000478531119405	-0.000545651151131	0.217919910223	-0.975966385692
0.27000884415	-11.5999206232	-0.00156761723372	-0.000357431760941	-0.000536221356089	0.226182791606	-0.974084662383
0.283451024461	-11.6065864439	-0.00156651333741	-0.000294583898449	-0.000532110468895	0.230211562725	-0.973140414568
0.300846455754	-11.6153977012	-0.00156642249323	-0.000273110418244	-0.000540070283601	0.234425529812	-0.972133892377
0.309295180659	-11.619743345	-0.00156739761343	-0.000283726457429	-0.000554330749055	0.236369193822	-0.971663118796
0.329243719454	-11.6301743094	-0.00156898527436	-0.000333076091769	-0.000581831544248	0.240944963535	-0.970538548992
0.336756524685	-11.6341649476	-0.00156944828241	-0.00035793499377	-0.000582759814601	0.242661864248	-0.970110690547
0.358336020427	-11.6458008484	-0.00156801221923	-0.000460159761981	-0.000528722637858	0.24666955934	-0.969099394902
0.365360375528	-11.6496342808	-0.00156814988754	-0.000501484819108	-0.000508317589094	0.247804412596	-0.968809817882
0.388123918186	-11.6622027151	-0.0015669808016	-0.000574997767147	-0.00048029925971	0.251438907029	-0.967872881489
0.392927197221	-11.6648832042	-0.00156763820677	-0.000578487835874	-0.000483063838811	0.252209827195	-0.967672276686
0.416449961494	-11.6781545027	-0.00156786507164	-0.000527928294146	-0.000521739575248	0.255982237831	-0.96668120029
0.432077764184	-11.6871055095	-0.00156833205269	-0.000449365059418	-0.000542843956214	0.258491665503	-0.966013230891
0.442037431496	-11.6928663805	-0.00156772851135	-0.00039833834199	-0.000549732140766	0.260092310234	-0.965583517506
0.453092858649	-11.6993147243	-0.00156711315563	-0.000386805160949	-0.0006748388772	0.261728731954	-0.965141163688
0.468309843301	-11.7082570095	-0.00159761815426	-0.000578691602877	-0.00124154693149	0.263069167659	-0.964776003383
0.483113395458	-11.7169880915	-0.00162262623321	-0.000875994011739	-0.00167912650515	0.263242515475	-0.964727832715
0.494991810878	-11.7239934523	-0.00162074538321	-0.00102443589596	-0.00159550126606	0.263193974698	-0.964741072303
0.507511892951	-11.73137414	-0.00159950638915	-0.00103877604499	-0.00116776222225	0.263145408913	-0.964754917605
0.5135921693	-11.7349572458	-0.00159014179458	-0.00100588535261	-0.000985370310709	0.263127682964	-0.964759990722
0.521423103555	-11.7395711967	-0.00158646700872	-0.000943878539639	-0.000927109631782	0.263108197852	-0.964765425264
0.530313821291	-11.7448086531	-0.00159657366798	-0.000858277347365	-0.0011523991128	0.263081436216	-0.964772560376
0.535933041057	-11.7481182774	-0.00160576961489	-0.000785680693827	-0.00136199101148	0.263051638229	-0.964780474155
0.54147679163	-11.7513828395	-0.00161014784977	-0.000693467300617	-0.00147934285968	0.26300675389	-0.964792608832
0.545706997462	-11.7538735198	-0.0016069834611	-0.00062109106979	-0.00143883425714	0.262960814297	-0.964805241562
0.550114433195	-11.75646848	-0.00159850878619	-0.00059249926406	-0.00127782312869	0.262902504055	-0.964821376978
0.551635816096	-11.7573643859	-0.00159578772307	-0.000615943323149	-0.00121637472628	0.262879039861	-0.964827835133
0.554087270443	-11.7588087497	-0.00159588918475	-0.000746795154703	-0.00117583535373	0.26283072322	-0.964840956137
0.554977645957	-11.7593342172	-0.00160049834342	-0.000885584881449	-0.00122691492597	0.26279453966	-0.964850631105
0.555160276323	-11.7594398682	-0.00160295188998	-0.000930072885233	-0.00111027545423	0.262767592853	-0.964858069562
0.555258647272	-11.7594974656	-0.00157335613729	-0.000813179492331	-0.000568029850863	0.262751964038	-0.964862902943
0.555230381385	-11.7594789679	-0.00154754724108	-0.000624933549567	-4.70415394306e-05	0.26276302227	-0.964860197838
0.555155842872	-11.7594340196	-0.00154493123261	-0.000539172621819	-8.12721217832e-06	0.262778970823	-0.964855907232
0.555069414455	-11.7593825471	-0.00156125327697	-0.000523874164388	-0.000368804057697	0.26226305849	-0.96499620605
0.55507235392	-11.7593861292	-0.00157903957431	-0.000597619438816	-0.000721072780245	0.260330575013	-0.965519090758
0.555109755384	-11.7594103889	-0.00158139218675	-0.000646496173544	-0.000758160375119	0.257996291203	-0.966145393283
0.555146889302	-11.7594359122	-0.0015730716541	-0.000688913870271	-0.000550130816407	0.253717643094	-0.967277923007
0.555141766425	-11.7594362316	-0.00156452387923	-0.000717797151138	-0.000352144862353	0.249737820111	-0.96831316317
0.55509725294	-11.7594167596	-0.00156035118907	-0.000765893425537	-0.000211467092238	0.243102140961	-0.970000369974
0.55504838331	-11.7593968279	-0.00156446593195	-0.000811536970186	-0.000269792136856	0.234851561231	-0.972030870295
0.555035925998	-11.7593937868	-0.0015666680622	-0.000816718263513	-0.000336037762012	0.230173074454	-0.973149308095
0.555043965208	-11.7594065396	-0.00156481344703	-0.00074051566214	-0.000432421363228	0.21669149081	-0.976239756647
0.555056471277	-11.7594170705	-0.00155970709958	-0.000653797865391	-0.000402707478805	0.208384778181	-0.978046621894
0.555059398337	-11.759424352	-0.00155336386865	-0.00053594159209	-0.000315797095899	0.196817307556	-0.980439983112
0.555025981311	-11.7594203677	-0.00154913635872	-0.000439247986706	-0.000227290528482	0.178354300592	-0.98396620819
0.555011442957	-11.7594178631	-0.00154883659526	-0.000436216256049	-0.000223447643572	0.172833691311	-0.984950899758
0.554974109753	-11.7594127081	-0.00154868904748	-0.000470735821849	-0.000243481655008	0.158478880707	-0.98736222507
0.554926191939	-11.7594111242	-0.00154850322328	-0.000578117523568	-0.000287256357431	0.135298928667	-0.990804614021
0.554899014248	-11.7594122538	-0.00154700274326	-0.000607526466536	-0.000297282954689	0.11858100416	-0.992944151494
0.554881616135	-11.7594128053	-0.00154706090603	-0.000595400262341	-0.000290067309298	0.1082373303	-0.994124862223
0.554839767721	-11.7594116715	-0.00154568771852	-0.000524063259881	-0.000273617106945	0.0880128091384	-0.996119167529
0.554804348082	-11.7594101101	-0.00154500536704	-0.000448846567079	-0.000275808387286	0.0736820582806	-0.997281643646
0.554759578577	-11.7594087373	-0.00154494238986	-0.000364460119849	-0.000298405810144	0.056367244697	-0.998409991861
0.554717539841	-11.759408791	-0.00154448449233	-0.000310468471788	-0.000328283444208	0.0390327365167	-0.999237830208
0.55467294421	-11.7594106417	-0.00154439672843	-0.000303663055773	-0.000344481157697	0.0187109244906	-0.999824829871
0.554639383878	-11.7594128087	-0.00154411927077	-0.000336863101086	-0.000338173422891	0.00334071155079	-0.999994305888
0.554608018445	-11.7594150723	-0.0015439364305	-0.000382657505513	-0.000326588445811	-0.0100454659831	-0.999949416484
0.554543848665	-11.7594202448	-0.00154373097648	-0.000471226901339	-0.000317190292811	-0.034823409751	-0.999393319704
0.55451720798	-11.7594226586	-0.00154378272027	-0.000495288964151	-0.000322395506661	-0.0447282153303	-0.998999017769
0.554489666291	-11.7594253165	-0.00154384429044	-0.000508401619198	-0.000332525456372	-0.0551230985772	-0.998479381338
0.554448438466	-11.759429587	-0.00154393658148	-0.000500554544578	-0.000352201523923	-0.0714459623184	-0.997444284092
0.5544088633	-11.7594340207	-0.00154410337427	-0.000459387241733	-0.000368174315205	-0.0882452077714	-0.996098607928
0.554353486676	-11.7594410477	-0.00154422059722	-0.000367920892082	-0.000375263144727	-0.112908303471	-0.993605273144
0.554321450556	-11.7594459121	-0.00154434056528	-0.000318952298187	-0.00037375963044	-0.12718541974	-0.991878837146
0.554294722244	-11.7594505826	-0.0015444840929	-0.000290342519765	-0.000372814335078	-0.138982802453	-0.990294682068
0.554240257037	-11.7594620364	-0.00154486083551	-0.000278667000075	-0.00037767777632	-0.163009766344	-0.986624343801
0.554207532763	-11.7594702332	-0.0015451780259	-0.000300871479632	-0.000385379500038	-0.177675025505	-0.984089094681
0.554175399351	-11.75947925	-0.00154550138572	-0.000336468926387	-0.000395148787947	-0.192301401076	-0.981335774233
0.554143732773	-11.7594890701	-0.00154584325019	-0.000374064662312	-0.00040549137649	-0.206885206954	-0.978365068262
0.554106228411	-11.7595018957	-0.00154625227057	-0.00040600753551	-0.00041736789886	-0.22432518572	-0.9745141723
0.554062546819	-11.759518525	-0.00154674356411	-0.000408464102198	-0.000429096870235	-0.245063080959	-0.969506954789
0.554035226965	-11.7595299458	-0.0015470595211	-0.000387405832932	-0.000434192350171	-0.258508775337	-0.966008734157
0.554008194186	-11.7595421679	-0.00154736941473	-0.000351663706309	-0.000436572222157	-0.272383662426	-0.962188560616
0.553975672073	-11.75955842	-0.00154774675448	-0.000298164506439	-0.000435348283292	-0.29000657834	-0.957024506525
0.553962227194	-11.7595657581	-0.00154790295589	-0.00027656310892	-0.000433816227035	-0.297598287598	-0.95469104664
0.553931474446	-11.7595842567	-0.00154823501148	-0.000238672763773	-0.000430227195751	-0.315554317162	-0.948907387926
0.553918921624	-11.7595925977	-0.00154836586841	-0.000230342193841	-0.000429682799508	-0.32308208692	-0.946370819196
0.553872771831	-11.7596278952	-0.00154882355947	-0.000241286683748	-0.000438949198539	-0.351591416738	-0.936153419467
0.553847601104	-11.7596505745	-0.00154905503374	-0.000267202210663	-0.00045245306421	-0.367804496293	-0.929902993003
0.55382764307	-11.7596704885	-0.00154922149234	-0.000288892406649	-0.000465658211159	-0.381153290388	-0.924511692154
0.553807341124	-11.7596926958	-0.00154935979791	-0.000304159481972	-0.00047870265278	-0.395334186093	-0.918537184678
0.553788793445	-11.7597149388	-0.00154944573188	-0.00030600551906	-0.000487675983256	-0.408967594867	-0.912548724662
0.553763642615	-11.7597487184	-0.00154947982646	-0.000283346810523	-0.000491526005367	-0.42879726422	-0.903400566921
0.553742940543	-11.7597805761	-0.00154941697344	-0.000244012056836	-0.00048629339441	-0.446646414725	-0.894710391239
0.553740983314	-11.7597838253	-0.00154940638199	-0.000239645318461	-0.000485468884936	-0.448421744403	-0.893821931951
0.553719906747	-11.7598221329	-0.00154923127517	-0.000192360511941	-0.000475272209006	-0.468708962961	-0.883352503338
0.553703205367	-11.7598579841	-0.0015490078618	-0.000165762227157	-0.000470152008153	-0.486584531297	-0.873633358671
0.553689985679	-11.7598910441	-0.00154876116767	-0.000160280322955	-0.000472600084147	-0.50211283602	-0.864801972051
0.553681855834	-11.7599139654	-0.00154857953238	-0.000164979200836	-0.000478229968024	-0.512375169402	-0.858761567525
0.553669149798	-11.759954706	-0.00154823659727	-0.000181657180392	-0.000493410747936	-0.529735206722	-0.848162917314
0.553661852592	-11.759981452	-0.00154800168275	-0.000192578042341	-0.000504467807461	-0.540629078602	-0.841260903522
0.553652016584	-11.7600225918	-0.00154762619984	-0.000201098911494	-0.000518684774061	-0.556798175585	-0.830647628173
0.5536439273	-11.7600624107	-0.00154723783233	-0.00019522733661	-0.000525614896835	-0.571943190266	-0.820293040763
0.553638255009	-11.7600950746	-0.00154690427723	-0.000180178942394	-0.000525220835392	-0.584080495981	-0.811695550002
0.553633665014	-11.7601258083	-0.00154658630653	-0.00016011817768	-0.000520544507502	-0.595291315299	-0.803509771767
0.553628983377	-11.7601634663	-0.00154619127254	-0.000132810687696	-0.000511590632746	-0.608749256658	-0.793362504253
0.553624968591	-11.760204976	-0.00154577084496	-0.000106428368124	-0.000502040877757	-0.623197240703	-0.782064534299
0.553623024198	-11.7602311238	-0.00154552030819	-9.45732427466e-05	-0.000498291843486	-0.632072651292	-0.774908966428
0.553620999192	-11.7602680041	-0.00154519177063	-8.5568218027e-05	-0.000497633121487	-0.644283508881	-0.76478657495
0.553619457298	-11.7603196922	-0.00154478467139	-8.61160320784e-05	-0.000506057693004	-0.660806810479	-0.750555857824
0.553619189561	-11.7603495114	-0.00154458412786	-9.05019889127e-05	-0.000514487121092	-0.670054788128	-0.742311462944
0.553619596941	-11.7603964927	-0.00154431770641	-9.74525008359e-05	-0.000529186871163	-0.684274719272	-0.729224121261
0.553621043103	-11.7604461502	-0.00154409289116	-9.81274191109e-05	-0.000541198984679	-0.698947239972	-0.715173023268
0.553621765428	-11.7604630959	-0.00154403110501	-9.58712851103e-05	-0.000543556754887	-0.703891490967	-0.710307302721
0.553624694828	-11.760514899	-0.00154388178212	-8.06721412594e-05	-0.000543914909867	-0.718864665662	-0.69514983285
0.553628509811	-11.760563776	-0.00154380668537	-5.77140092054e-05	-0.000535867446975	-0.732838294376	-0.680402633602
0.553630168513	-11.7605815139	-0.00154379352431	-4.85287563863e-05	-0.000531741834997	-0.737875610974	-0.674936513774
0.553637264503	-11.7606436109	-0.00154382993978	-1.93770726696e-05	-0.000517986914934	-0.755347256556	-0.655324540459
0.553641507795	-11.7606737844	-0.00154389374812	-9.39447308194e-06	-0.000514368473051	-0.763729363199	-0.645536362356
0.553646878397	-11.7607072363	-0.00154400105659	-2.52065781082e-06	-0.00051424948131	-0.772929616032	-0.634491563539
0.553654514652	-11.7607484384	-0.001544187717	6.45523105351e-07	-0.000519818105875	-0.784129110894	-0.620597508243
0.553664009146	-11.7607925487	-0.00154444943458	6.05649652989e-07	-0.00053061762846	-0.795981014124	-0.605321355644
0.553674455955	-11.7608347863	-0.00154476083451	1.49484989549e-06	-0.000541550373692	-0.807243873978	-0.590217785775
0.553681642439	-11.7608609697	-0.00154497856742	4.23846226357e-06	-0.000546590886126	-0.814210436645	-0.580569604852
0.553693930449	-11.7609014724	-0.00154534965821	1.33784899653e-05	-0.000549358382124	-0.825005623009	-0.56512425185
0.553706604827	-11.7609386168	-0.00154572385194	2.71289040109e-05	-0.000545486427183	-0.834963729873	-0.550304707871
0.553720729022	-11.7609754503	-0.00154612182866	4.43057650482e-05	-0.000536536534949	-0.844922414119	-0.53488860923
0.553730110142	-11.7609976469	-0.00154637173668	5.51952558492e-05	-0.000529904297967	-0.850970409686	-0.525213364256
0.553748997531	-11.7610377225	-0.00154684595757	7.31863904523e-05	-0.000519086594345	-0.861981048872	-0.50694022979
0.553756503337	-11.7610521681	-0.00154702161848	7.85830836664e-05	-0.000516437086126	-0.865978521503	-0.500080920864
0.553773879585	-11.7610829005	-0.00154740236025	8.7567520619e-05	-0.000514291178659	-0.874532925716	-0.484965864442
0.55379707324	-11.761119009	-0.00154785384796	9.42607669389e-05	-0.000518235004517	-0.884681984314	-0.466194711659
0.553817448846	-11.7611470019	-0.00154820045977	9.8143129894e-05	-0.000524631175394	-0.892646012486	-0.450758040996
0.553833425868	-11.761166936	-0.00154843826469	0.00010138843884	-0.000529407431286	-0.898388032341	-0.439202291426
0.553858001893	-11.7611946696	-0.00154875225925	0.000108174437614	-0.000533741025142	-0.906510937174	-0.422181979961
0.553878381235	-11.7612153314	-0.00154896393205	0.000115804615284	-0.000533477838301	-0.912696145525	-0.408638529673
0.553901756781	-11.7612367616	-0.00154915484426	0.000126353656276	-0.000528998996199	-0.919266097069	-0.393636313079
0.553923868807	-11.7612550522	-0.00154928666686	0.000137206840687	-0.000521829335652	-0.925024791372	-0.379906362432
0.553953863344	-11.7612771541	-0.00154940010265	0.000151565642801	-0.000510466274524	-0.932204196449	-0.361932386746
0.553980387508	-11.7612944188	-0.0015494402	0.000162640523892	-0.000501570387008	-0.938006208121	-0.346618054205
0.554010567676	-11.7613118105	-0.00154943115264	0.000172710633445	-0.000494929557031	-0.944048378614	-0.329806585822
0.554040288132	-11.7613269086	-0.00154936974449	0.00018019141503	-0.000492560475118	-0.949477848379	-0.313833618902
0.554069330204	-11.7613399796	-0.00154926849487	0.000185920320867	-0.00049343446062	-0.95434065996	-0.298719980423
0.554105104642	-11.7613541036	-0.00154909661428	0.000192144846505	-0.000496558944001	-0.959802092007	-0.280677146715
0.554131311236	-11.7613632336	-0.00154893964601	0.000196866602312	-0.000498625705486	-0.963475000299	-0.26779775282
0.554151110591	-11.7613695181	-0.00154880520272	0.00020077211799	-0.000499374156453	-0.966084067934	-0.25822719454
0.55420707762	-11.7613847507	-0.00154836735236	0.000213750318544	-0.000495642612454	-0.97276722254	-0.231783604686
0.554234232654	-11.7613909353	-0.00154812677399	0.000220852582384	-0.000490676441284	-0.975674507033	-0.219223554359
0.554266078536	-11.7613972974	-0.00154782950416	0.000229398602349	-0.000483041775874	-0.978827251775	-0.204687384147
0.554300634439	-11.7614032098	-0.00154749140485	0.000238416301987	-0.000473902607784	-0.98195117641	-0.189133830187
0.554345790169	-11.7614095472	-0.00154703915347	0.000249094022426	-0.000463160106553	-0.985592056934	-0.169139057418
0.554365929114	-11.7614119161	-0.00154683717031	0.000253342666129	-0.000459435408389	-0.98706185207	-0.160339093565
0.554413654008	-11.7614165268	-0.00154636362887	0.000262234481244	-0.000453948012358	-0.99018536601	-0.139759314909
0.554464694563	-11.7614200738	-0.00154587811816	0.000270559872174	-0.000452503473495	-0.992997102294	-0.118137533721
0.554500030202	-11.7614217935	-0.00154556233118	0.000276141674189	-0.000452786237539	-0.994643439254	-0.103364149877
0.554542893251	-11.7614231586	-0.00154520564581	0.000283177617103	-0.00045268529634	-0.996328778409	-0.0856077111059
0.554572884615	-11.7614236804	-0.00154497395181	0.000288399596083	-0.000451458516497	-0.997312636091	-0.0732613056448
0.554625959292	-11.7614237929	-0.00154460465224	0.000298221035225	-0.000445854145488	-0.998672503333	-0.0515067312531
0.554652578872	-11.7614234774	-0.00154444015701	0.000303317283704	-0.000441387869885	-0.999174523328	-0.0406200087095
0.554697394826	-11.7614224026	-0.00154420272362	0.0003118972175	-0.000432093709358	-0.999751168984	-0.0223005858718
0.55473131359	-11.7614211397	-0.00154405429308	0.000318216271934	-0.000424450381338	-0.9999643099	-0.0084319337316
0.554782148668	-11.7614185153	-0.00154389293341	0.000327217602992	-0.000413864730332	-0.999923305139	0.0123735800733
0.554824436948	-11.7614156469	-0.0015438141137	0.000334294261661	-0.000407100831709	-0.999558470175	0.0297083694962
0.554860598191	-11.7614126818	-0.00154379113532	0.000340180302677	-0.00040311912778	-0.999006551405	0.0445604311371
0.554896638071	-11.7614092383	-0.00154380678375	0.000346041719958	-0.000400526004347	-0.998233923518	0.0594033144779
0.554945593713	-11.7614037378	-0.00154389463403	0.000354185678461	-0.00039800360474	-0.99682131119	0.0796679967317
0.554972846768	-11.7614002411	-0.00154397341994	0.00035885993969	-0.000396386860004	-0.995848656877	0.0910228910393
0.555016263304	-11.7613939803	-0.00154414770216	0.000366483919956	-0.000392442269814	-0.994012469064	0.10926537889
0.555064749991	-11.7613858892	-0.00154440814662	0.000375079115139	-0.000385113572433	-0.991522956201	0.129930513464
0.555088618726	-11.7613814336	-0.00154455820555	0.000379266858702	-0.000380312553879	-0.990116890739	0.140243553121
0.555123343329	-11.7613743305	-0.00154480725861	0.000385240972162	-0.000372215798571	-0.987845063904	0.155440801483
0.555161764414	-11.7613655131	-0.00154511922287	0.000391671243003	-0.000362451631967	-0.984999449068	0.172556658979
0.555198244732	-11.7613560801	-0.00154545036891	0.000397673378881	-0.000353352790241	-0.981950795603	0.189135803096
0.555233855757	-11.7613457312	-0.00154580340567	0.00040357323882	-0.000345435100357	-0.978622707636	0.205663107779
0.555276591485	-11.761331598	-0.00154625862096	0.000410933919634	-0.000337699166106	-0.974127061574	0.226000409296
0.55530719997	-11.7613201611	-0.00154660220967	0.000416496634544	-0.000333148452968	-0.970537278813	0.240950422238
0.555351058301	-11.7613015549	-0.0015471159118	0.000424875664259	-0.000326901663696	-0.964787407256	0.263030362156
0.55535940964	-11.761297682	-0.00154721514854	0.000426507836921	-0.000325593833249	-0.963603516992	0.267334947437
0.555398210614	-11.7612781118	-0.00154767723526	0.000434091580627	-0.000318281524577	-0.957682201375	0.287827224963
0.55541818725	-11.7612669149	-0.00154791130248	0.000437916189547	-0.000313446146285	-0.954335763436	0.29873560318
0.555449131214	-11.7612478255	-0.00154826481492	0.000443613403691	-0.00030428363044	-0.948691644419	0.31620226822
0.555487768847	-11.7612204699	-0.00154867577217	0.000450307182285	-0.000290369393111	-0.940725085125	0.339169614095
0.555507894017	-11.7612043669	-0.00154887014649	0.000453703063821	-0.000282505204874	-0.936097416816	0.351740444895
0.55552437975	-11.7611900618	-0.00154901528524	0.000456525700009	-0.000276035954488	-0.932022823627	0.362399188226
0.555550951079	-11.7611645502	-0.00154921637324	0.000461345349847	-0.000265998288647	-0.924836796842	0.380363793772
0.5555695863	-11.7611445451	-0.0015493238356	0.000465062403162	-0.000259435259391	-0.919268947181	0.39362967261
0.555591396368	-11.7611184758	-0.00154940959887	0.000469867547006	-0.000252174942474	-0.912092920173	0.409983195513
0.555606797349	-11.7610980308	-0.00154943651535	0.000473546376461	-0.00024706812301	-0.906520216601	0.422162067936
0.555631663519	-11.7610606481	-0.00154940597416	0.000479796750696	-0.000237922237464	-0.896433169438	0.443178616271
0.555642937319	-11.7610415453	-0.00154935363681	0.000482640765733	-0.00023298570085	-0.891319540106	0.453375330384
0.555661154813	-11.761007103	-0.00154921160264	0.00048704670943	-0.000223360752732	-0.882151236512	0.470965931694
0.555677237774	-11.7609720877	-0.0015490068229	0.000490623788283	-0.000212791258345	-0.872878986528	0.487936459886
0.555689931304	-11.7609404562	-0.00154878043947	0.000493262540011	-0.00020302391875	-0.864529945485	0.502581027131
0.555696161001	-11.7609233069	-0.00154864417624	0.000494550741695	-0.000197817366179	-0.860010610187	0.510275873086
0.555707928394	-11.7608872078	-0.00154833431184	0.000497132343472	-0.000187413782819	-0.850507011536	0.525963440806
0.555719389855	-11.7608459177	-0.00154794507634	0.000500171490097	-0.000176774746041	-0.839643272552	0.543138005886
0.555723428849	-11.7608294497	-0.00154778315095	0.000501458082038	-0.000172920174584	-0.835309831628	0.549779231895
0.55573475124	-11.7607756948	-0.00154724079846	0.00050590831666	-0.000161527367467	-0.821149261649	0.570713245036
0.555739114034	-11.7607508544	-0.0015469860671	0.000508014065132	-0.00015661382591	-0.81459168552	0.580034570759
0.555744754705	-11.7607135059	-0.00154660726939	0.000511047928028	-0.000149256698574	-0.804705125799	0.593674470619
0.55575148387	-11.7606562139	-0.00154603703819	0.000515023759095	-0.000137346609209	-0.789449683745	0.61381504765
0.555754146387	-11.7606264939	-0.00154575510568	0.000516648446693	-0.00013073396811	-0.781478518692	0.623931920009
0.555756307867	-11.760596476	-0.00154548265249	0.00051798938562	-0.000123789838202	-0.773378119882	0.633944792589
0.555758397287	-11.7605568324	-0.00154514400136	0.000519396693088	-0.000114383816381	-0.762592453518	0.64687902036
0.555759769957	-11.7605120946	-0.00154479600005	0.000520718209801	-0.000103805417633	-0.750282622056	0.661117013181
0.555760102084	-11.7604872117	-0.00154462364609	0.000521449673335	-9.80747432371e-05	-0.743365676108	0.668885035006
0.555759791235	-11.7604324175	-0.00154428927306	0.00052329644096	-8.60854134778e-05	-0.727934546657	0.68564642093
0.555758994301	-11.7604013238	-0.00154413595104	0.000524560760231	-7.96794385319e-05	-0.719044955328	0.694963359253
0.555757030793	-11.7603558063	-0.00154395915753	0.000526645424431	-7.0669461298e-05	-0.705838248561	0.708372842872
0.555754645341	-11.7603174787	-0.00154385692733	0.000528489592489	-6.3188353829e-05	-0.694522366854	0.719470915774
0.555751373733	-11.7602768405	-0.00154379516686	0.000530320949783	-5.50870490164e-05	-0.682307626243	0.731064989516
0.555747850587	-11.7602411247	-0.00154378163762	0.000531665920256	-4.76516284996e-05	-0.6713685071	0.741123500326
0.555741582092	-11.7601891167	-0.00154383834685	0.000532982184345	-3.61298377999e-05	-0.655055655776	0.755580440761
0.555736893421	-11.7601563349	-0.00154391427944	0.00053340040976	-2.84639072573e-05	-0.64451123978	0.764594648472
0.555728595679	-11.760106602	-0.00154409598168	0.000533556592012	-1.64223109046e-05	-0.628075511773	0.778152212975
0.555724715581	-11.76008604	-0.00154419497533	0.000533525246079	-1.13677808685e-05	-0.621109667842	0.783723481679
0.555713409552	-11.7600331863	-0.00154450730491	0.000533430822286	1.59804070319e-06	-0.602687446491	0.797977165896
0.555704420275	-11.7599968865	-0.00154477109241	0.000533506618769	1.04099067577e-05	-0.589554826819	0.807728185367
0.555695777975	-11.759965603	-0.00154503145286	0.000533706456802	1.79566433377e-05	-0.577882389318	0.816119880257
0.555691028446	-11.7599496646	-0.00154517321175	0.000533845050827	2.1809810951e-05	-0.571797416766	0.820394678623
0.555676690097	-11.759905979	-0.00154559624685	0.000534229782174	3.25267380168e-05	-0.554590606217	0.832123171794
0.555659575994	-11.7598608258	-0.00154608308879	0.000534320829338	4.4150285676e-05	-0.53588525796	0.844290650697
0.555647556604	-11.7598326996	-0.00154640614525	0.000534016889935	5.18289162322e-05	-0.523687265993	0.851910417577
0.555630133485	-11.7597961492	-0.00154684567373	0.000533038623469	6.24199137921e-05	-0.507111066993	0.861880547238
0.555620141653	-11.7597771	-0.00154707823553	0.000532243923965	6.82217316309e-05	-0.498105712684	0.86711614623
0.555605628465	-11.7597515471	-0.00154739912708	0.000530887698484	7.62929313035e-05	-0.485580363474	0.874191868497
0.55557975712	-11.7597112452	-0.00154790013246	0.000528225988745	8.95984951366e-05	-0.464627634597	0.885505998917
0.555563587109	-11.7596889207	-0.00154817186097	0.000526596330946	9.7222994058e-05	-0.452282100082	0.891874775509
0.555540362832	-11.7596600626	-0.00154851078536	0.000524442734843	0.000107342363905	-0.435387824745	0.900242831408
0.555528197718	-11.7596462656	-0.00154866443038	0.000523409365384	0.000112298473476	-0.42688217815	0.904307093531
0.555500693404	-11.7596179492	-0.00154895486337	0.000521241520872	0.000122822417188	-0.408399695802	0.912803046495
0.55547368164	-11.7595934956	-0.00154916878276	0.000519158402057	0.00013245721132	-0.391118942851	0.920339983633
0.555457380318	-11.7595801269	-0.00154926674146	0.000517833459764	0.000138028045975	-0.381050696999	0.924553989291
0.555420143973	-11.7595529554	-0.00154940622289	0.000514443506391	0.000150246595675	-0.358928920188	0.933364742759
0.555403959912	-11.7595424344	-0.00154943653026	0.000512785488175	0.000155368676148	-0.349651339074	0.936879743615
0.555372998625	-11.7595241947	-0.00154944066274	0.000509344582361	0.000164868632871	-0.332398912816	0.943138736425
0.555336986763	-11.7595056512	-0.00154951151523	0.000499069223291	0.000181982088117	-0.312893195425	0.949788169051
0.555309371524	-11.7594937731	-0.00154903611394	0.000482686155311	0.000195256310947	-0.298160226116	0.95451569314
0.555283637341	-11.759483534	-0.00154922261687	0.000450467703844	0.000224477569253	-0.284099800754	0.958794581702
0.555263024447	-11.7594768713	-0.00154833069063	0.000390954707771	0.000257996972693	-0.271761419604	0.962364541848
0.555240253931	-11.7594710412	-0.00154920870348	0.000306698642682	0.000292774829271	-0.257012746896	0.966407920162
0.555231813267	-11.7594691607	-0.00154850919299	0.000276186775566	0.000301975950252	-0.25138482791	0.967887132277
0.555206855941	-11.7594645764	-0.00154833183288	0.000218416728337	0.000307028657982	-0.235407559246	0.971896670988
0.555191272251	-11.7594617072	-0.00154793715783	0.000229945007189	0.000293039722627	-0.226510127361	0.974008738901
0.555169632531	-11.7594581738	-0.00154832801015	0.000315678009373	0.000250741757311	-0.21633577261	0.976318939161
0.555155033403	-11.759455469	-0.00154782249664	0.000394503055453	0.000223456035086	-0.210398520045	0.977615597869
0.555211524383	-11.7594859648	-0.0015482747883	0.000555099827555	0.000116204066771	-0.197495106504	0.980303708688
0.555801597108	-11.7597306121	-0.00154856639468	0.000542409449235	-0.000234697293352	-0.190548488677	0.981677607044
0.557586756126	-11.7604307427	-0.00153937877503	0.000429071767046	-0.000813748124273	-0.182133030978	0.983273467932
0.560735663692	-11.7616062104	-0.00153544994419	0.0003949840879	-0.00099434457003	-0.173767175002	0.984786181949
0.56254550108	-11.7622588217	-0.00153418855626	0.00043434285778	-0.000886767185403	-0.170106233541	0.985425235267
0.567868679192	-11.7641008475	-0.00154093187143	0.000616796202558	-0.00040401639947	-0.160976511603	0.986957962147
0.57416243916	-11.7661538754	-0.00154674728556	0.000774755821084	-0.000197991680839	-0.152247379471	0.988342094619
0.580183784495	-11.768010378	-0.00154503988294	0.000843646764438	-0.000234210523912	-0.145133373673	0.989411712712
0.590605970643	-11.7710172043	-0.00153694462341	0.000862374952651	-0.000427985738099	-0.134573035544	0.990903209825
0.599092218396	-11.7732989218	-0.00153598506934	0.000881184160734	-0.000222308343251	-0.126712973611	0.991939008413
0.608056280286	-11.7755547378	-0.00156573108553	0.000893389650085	0.000207940135072	-0.119020017341	0.992891431169
0.617724244675	-11.7778352541	-0.00156255953968	0.000826761354213	0.000212693090295	-0.111694480559	0.99374222726
0.625855958482	-11.7796406043	-0.00155088363698	0.000752725015981	-2.13477854805e-05	-0.106041107757	0.99436146165
0.644115393367	-11.7833672582	-0.00152807537381	0.000631037940928	-0.0005065460862	-0.0951997376265	0.995457862071
0.65356666523	-11.7851460006	-0.00152863169162	0.000632907222485	-0.000340802515919	-0.0902136235689	0.995922178388
0.666303886005	-11.7873903886	-0.0015659828492	0.000736762482942	0.000370763109485	-0.0835962954408	0.99649936232
0.682923991802	-11.7900652587	-0.00159939476936	0.000871674622473	0.00088963001544	-0.0756254060041	0.997135520734
0.69455497389	-11.7917857325	-0.00157758987472	0.000885183410282	0.000504766278483	-0.0707501518603	0.997493547685
0.701937135168	-11.7928188378	-0.00155634117816	0.000881095655678	0.000148384048589	-0.0677789988612	0.99769995939
0.730405072669	-11.7963966499	-0.00153454994942	0.000844880016958	-0.000351013217465	-0.0575686664851	0.998341129878
0.743062559034	-11.797813462	-0.00154624929058	0.000808421686492	5.15688796135e-05	-0.0537485462761	0.998554173577
0.755819441337	-11.7991444934	-0.00158040815597	0.000783974018686	0.000637082891929	-0.0499706040722	0.998750178092
0.776758340786	-11.8011250056	-0.0016024589761	0.000721041123414	0.00114967743865	-0.0443205916229	0.999016438053
0.787792150575	-11.8020799633	-0.00159892222729	0.000651116485969	0.00109473672519	-0.0419867966234	0.999117353722
0.810297860972	-11.8038865087	-0.0015736772742	0.000484147647677	0.000590730682362	-0.0381511022457	0.9992716898
0.830683730951	-11.8053906671	-0.00155966692656	0.000378335056776	0.000302407810181	-0.0357998138714	0.999358863842
0.844587189929	-11.8063744032	-0.00156227395904	0.000323189012909	0.00036618088226	-0.0349050317728	0.999390514372
0.865993955207	-11.8078470563	-0.0015789591141	0.000341698595078	0.000670027192579	-0.0337226759431	0.999430945805
0.877982100054	-11.8086513716	-0.00158377630273	0.000387966885859	0.000801086790031	-0.0332980613479	0.999445069452
0.895993518978	-11.8098541891	-0.00158517609527	0.000428210360952	0.000821734922931	-0.0336235343125	0.999434139565
0.916486856849	-11.8112558611	-0.00157709851224	0.000434137660208	0.000644801196899	-0.0347996317458	0.999394007079
0.927460455759	-11.8120288957	-0.00157247287938	0.00042400383661	0.000553523436836	-0.0356515130027	0.999364039504
0.943400276024	-11.813186986	-0.00156854959555	0.000394567341388	0.000491906914196	-0.0369379148343	0.9993173634
0.963317596733	-11.8146923976	-0.00157298687962	0.000364601126808	0.000558106372106	-0.0385200172052	0.999257606355
0.974778762047	-11.8155858476	-0.00157513860096	0.000359684570609	0.000623388352567	-0.0392645967453	0.999228589191
0.992235105467	-11.8169780312	-0.00157896603303	0.000369556368719	0.000691827283893	-0.0403371398999	0.999185818528
1.00869967707	-11.8183256121	-0.00157854747092	0.000387656318825	0.000683932757609	-0.0413353645141	0.999145019304
1.02465654999	-11.8196632963	-0.0015762020291	0.000410378182205	0.00063125360029	-0.0423082088259	0.999104323169
1.03960303752	-11.8209446327	-0.00157355415546	0.000430698271577	0.000583855665791	-0.0432208963402	0.999065277012
1.05553553909	-11.8223408897	-0.00157315455979	0.000444931067121	0.000567386333941	-0.0441964744185	0.999022598222
1.08142257102	-11.8246732458	-0.0015746791381	0.000458661439694	0.000605021762721	-0.0454237649507	0.99896751957
1.09635969165	-11.8260343739	-0.00157615262639	0.000505146363514	0.000614964840614	-0.0451481356989	0.99897998603
1.1078116967	-11.8270650199	-0.00157571088706	0.000570518922855	0.000610207779101	-0.0443110407521	0.999017434193
1.12374468386	-11.828454653	-0.00157465605573	0.000690627335529	0.000587244757909	-0.0422344296372	0.999107317124
1.13669042222	-11.8295260318	-0.00157477631795	0.000800268474388	0.000570695201414	-0.0400017379131	0.999199126722
1.15960431065	-11.8312726151	-0.00157470994593	0.000910444569414	0.000582582618302	-0.035863807607	0.999356102194
1.17655352145	-11.8324390939	-0.00157637095707	0.000900543431601	0.00060176599044	-0.0325739778485	0.999468740315
1.19351239658	-11.833486834	-0.0015767034182	0.000841373392401	0.000616395197469	-0.0289741575185	0.999579616811
1.21047983188	-11.8344109794	-0.00157571026932	0.000731540682023	0.00062121538371	-0.0253510312441	0.999678150284
1.22845289569	-11.8352624395	-0.00157663889524	0.000583795012751	0.000630557521411	-0.0221037570422	0.999755312817
1.24643189907	-11.8360051782	-0.00157554186334	0.000445818582518	0.000629900278007	-0.0191467934169	0.99981638553
1.26191581677	-11.8365604961	-0.00157590246151	0.000392270258192	0.000627490982366	-0.0166272515088	0.99986148385
1.27490419568	-11.8369682698	-0.00157518287862	0.000389593372086	0.000629199170165	-0.0147696217175	0.999890649321
1.29289308954	-11.8374641262	-0.00157552958119	0.000414233734772	0.00063526559196	-0.0127770814163	0.999918082164
1.30488734823	-11.8377571665	-0.00157651634738	0.000461991235442	0.000633367373991	-0.0115285820929	0.999933236374
1.31638229609	-11.8380107344	-0.0015764029444	0.000521108791844	0.000634139972621	-0.010481610494	0.999944729549
1.33537884675	-11.8383902763	-0.00157595740475	0.000562191149554	0.000645820026362	-0.00975644146413	0.999952038204
1.35988346051	-11.8388830026	-0.00157736020647	0.000467748612339	0.000652765844797	-0.0106719471152	0.999942730686
1.37738751864	-11.8392757725	-0.00157682034293	0.0003455721837	0.00064838170096	-0.0120990012025	0.999926534477
1.38939033977	-11.839580617	-0.00157565872158	0.000236925597072	0.000646314099614	-0.0135813483722	0.999907532285
1.40589168191	-11.8400624619	-0.00157575951363	0.000110959294934	0.000630425321953	-0.0157650575534	0.999875518858
1.42688360027	-11.8407737927	-0.0015741745853	8.58055613247e-05	0.000615844758541	-0.018098310434	0.999836018821
1.44287340341	-11.8413786725	-0.00157420913152	0.000158645413446	0.000617197434276	-0.0197336288518	0.999805069897
1.46585748182	-11.8423407981	-0.00157602643756	0.00034482314925	0.000629096177308	-0.0220810572964	0.999755926336
1.47185327455	-11.8426092025	-0.00157608709125	0.000398647365677	0.000631994132243	-0.0226308370596	0.999743610571
1.48684143495	-11.8433061405	-0.00157560056909	0.000533130364768	0.000626503429466	-0.0236971540288	0.999718844554
1.50432455914	-11.844155423	-0.00157595352526	0.00064346127028	0.000621108839531	-0.0248199788715	0.99969153684
1.52430252768	-11.8451751867	-0.00157595166893	0.000642400781495	0.000617686577581	-0.0262498520678	0.999655016018
1.54327854891	-11.8461969986	-0.00157586424673	0.000536327019569	0.000620165571353	-0.0276518354714	0.999617278634
1.55975566476	-11.847126918	-0.00157549292674	0.00039685613881	0.000624117886463	-0.028850862748	0.999583453595
1.57023970077	-11.8477385106	-0.00157527249437	0.000312113074644	0.000622923746983	-0.0294878874853	0.999564894863
1.58970659928	-11.8489075929	-0.00157529944103	0.000210441563878	0.000623448401905	-0.03057096451	0.999532382245
1.60767369395	-11.8500244111	-0.00157503004734	0.00019297687974	0.000624913859849	-0.0315431804238	0.999502176091
1.62863235645	-11.8513687917	-0.00157550367174	0.000285586752801	0.000622258521307	-0.0324416978658	0.999473395081
1.6396097293	-11.852087399	-0.00157542817833	0.000365528068945	0.00062239495236	-0.0328757000493	0.999459187441
1.66056567892	-11.8534857691	-0.00157582337686	0.000520179733462	0.000618696622153	-0.0336726087423	0.999432590047
1.67503282908	-11.8544666087	-0.00157537591348	0.000616267395276	0.000607554903536	-0.0338241567205	0.999427424836
1.69548346774	-11.8558524632	-0.00157532442035	0.000696375525393	0.000604475045132	-0.0337743428989	0.999429058729
1.71044794488	-11.856864044	-0.00157550215008	0.000679727817766	0.000607068382507	-0.0337002474452	0.999431569824
1.7259115709	-11.8579048639	-0.0015761271211	0.000618063587269	0.000611455645518	-0.0334861377401	0.999438803879
1.74287293877	-11.8590369485	-0.00157545275003	0.000515537381126	0.00062058158441	-0.0332016145915	0.999448348785
1.75185325268	-11.8596323884	-0.00157539745925	0.000455094665648	0.000622884761025	-0.0330456573047	0.999453545412
1.77879426662	-11.8614000394	-0.00157542246789	0.000332268321905	0.000621180386646	-0.0324183273638	0.999474139627
1.78927117329	-11.8620773447	-0.00157530797239	0.000322656806534	0.000620756641232	-0.0321208742368	0.999483746737
1.80623446499	-11.8631612099	-0.0015751634601	0.000352501321966	0.000619436692105	-0.0316380587429	0.999499137208
1.81970638964	-11.8640115919	-0.00157581924027	0.000405979946111	0.00062157077373	-0.0313616733881	0.999507826019
1.84415834583	-11.8655385924	-0.00157595312118	0.00052249873902	0.00062214515885	-0.0309392415446	0.999520936881
1.86312228931	-11.8667086304	-0.00157587455066	0.000593110070167	0.000618706280513	-0.0306213305459	0.999530689643
1.87609800354	-11.8675028464	-0.00157590746652	0.000609046158754	0.000617720455827	-0.0305476796983	0.999532934299
1.89057279187	-11.868392285	-0.00157641850629	0.000566402844233	0.000629132360478	-0.0310145592439	0.999518574362
1.90954106701	-11.8695855934	-0.00157637138939	0.000445103385241	0.000630507746304	-0.0319448141389	0.999489336208
1.92251801206	-11.8704247469	-0.00157664151362	0.000350671842846	0.00063424789108	-0.0328075014804	0.999461426272
1.94048326866	-11.8716257712	-0.00157491058257	0.000233944195799	0.000627138593673	-0.0340520731037	0.999419835847
1.96093676196	-11.8730490328	-0.00157515225685	0.000186421891413	0.00061995225501	-0.0354787241542	0.999370222209
1.97190938719	-11.8738369449	-0.0015744912224	0.000202979314383	0.000618909650891	-0.0362201445576	0.999343623024
1.98487573291	-11.8747894011	-0.00157511255025	0.000256253744449	0.000619703418076	-0.037093014816	0.999311592324
2.00781361958	-11.8765305513	-0.00157555127952	0.000404222947412	0.000622585991698	-0.0386249495825	0.999253502501
2.02626104704	-11.8779809508	-0.00157596669295	0.000519800411208	0.000619399106973	-0.0397903692809	0.999207722481
2.0387236121	-11.8789848187	-0.00157571659782	0.000571396953087	0.000615913144929	-0.0405724934989	0.999176244177
2.05965643469	-11.8807145105	-0.00157569886993	0.00058243385579	0.000610220408307	-0.0418872183231	0.99912198922
2.07211379596	-11.8817699478	-0.00157558768302	0.000545036344608	0.000610540095549	-0.042708818845	0.999087226907
2.08706050139	-11.8830639703	-0.00157520061673	0.000465289531935	0.000614236537899	-0.0437395238961	0.999042671896
2.10847969518	-11.8849726644	-0.0015754644458	0.000335258757116	0.000619767917227	-0.0452107646247	0.998977222088
2.12590919189	-11.8865701251	-0.00157492280214	0.000268885567333	0.000618640716582	-0.0461973781497	0.998932103417
2.14184131158	-11.8880598503	-0.00157493704336	0.000259347445976	0.0006190166684	-0.0470505633339	0.998892283506
2.15577991041	-11.8893860655	-0.00157496026753	0.000288136882626	0.00061842221301	-0.0477923572282	0.998857059404
2.17170784388	-11.8909282831	-0.00157553200421	0.000351981069931	0.000619838795751	-0.048771409832	0.998809712354
2.19310859533	-11.8930575622	-0.00157519688202	0.00043258672265	0.000621318601332	-0.0504086291129	0.998728389975
2.19758712219	-11.8935123133	-0.00157563418881	0.00044728601452	0.000619900461738	-0.0507603598687	0.998710569447
2.21400520358	-11.8952073595	-0.00157594787868	0.000484869738351	0.000616606752074	-0.0521767705079	0.998637556532
2.23638510723	-11.8975976475	-0.00157518247372	0.000468029331296	0.000609565266722	-0.0542626205619	0.99852640295
2.25477706236	-11.8996328499	-0.00157506510379	0.00042076608024	0.000608184400234	-0.055993012233	0.998430886766
2.27067771592	-11.9014444622	-0.00157472330559	0.000365615366163	0.000611464831065	-0.0575216247191	0.998344006406
2.29253265144	-11.9040169364	-0.00157501038671	0.000300969475267	0.000617594166773	-0.0596915097592	0.998216635635
2.30792408956	-11.9058867409	-0.00157497975729	0.000282175996371	0.000619638405601	-0.0612140976262	0.99812442645
2.31586564618	-11.9068696149	-0.00157482127654	0.000286448275664	0.000617102361449	-0.0618701408152	0.998083975829
2.33620707318	-11.9094259076	-0.00157507378404	0.000370201381514	0.000599034017301	-0.0629495577687	0.99801646143
2.35604550851	-11.9119569666	-0.00157395349795	0.000480018638098	0.000596370407079	-0.0638431838995	0.997959649382
2.37290609327	-11.9141354367	-0.00157551629107	0.000557477878377	0.000597342239611	-0.0645109393232	0.997916665413
2.38877348303	-11.9162049063	-0.0015753403127	0.00059853619275	0.000602717877992	-0.065099035165	0.997878446559
2.40315249531	-11.9180962791	-0.00157533189386	0.000591309010287	0.000603777198001	-0.0656246292599	0.997844022802
2.41802476745	-11.9200672433	-0.00157527467975	0.000554734333031	0.000599366503475	-0.0660401596196	0.997816631625
2.43636303264	-11.9225122588	-0.00157474199268	0.000486433191142	0.000598047083566	-0.0664644430164	0.997788496394
2.44776096673	-11.9240397551	-0.00157440704506	0.000437470640256	0.000599781599768	-0.0667190631973	0.997771524693
2.47253680824	-11.9273816336	-0.00157506632129	0.000358665436093	0.000611321122013	-0.0673865506071	0.997726691255
2.48789730953	-11.9294744431	-0.00157471253141	0.000332282941202	0.000619447210269	-0.0679889681047	0.997685825342
2.50573310965	-11.9319296719	-0.00157544095207	0.000341835942925	0.00061814718393	-0.0687546355875	0.997633350048
2.51811664452	-11.933651978	-0.00157501578993	0.00036610422374	0.000615570959718	-0.0693806296101	0.997590003596
2.5349542111	-11.9360202955	-0.001574819977	0.000411339422775	0.000605630273817	-0.0702580975648	0.997528577906
2.55376605954	-11.93870222	-0.00157467447081	0.000469951141409	0.000598025395104	-0.0712507638017	0.99745814457
2.56218016463	-11.9399146981	-0.00157455812956	0.00048768760314	0.0005983093426	-0.071804858141	0.99741840094
2.58692279558	-11.9435503376	-0.00157473031993	0.000456819422339	0.000612276860773	-0.0741549366509	0.997246439855
2.60621101831	-11.9464711052	-0.00157542458647	0.000397729302374	0.000612884303443	-0.0761075537309	0.997099346329
2.6205450731	-11.9486915703	-0.00157404762038	0.00034958035533	0.000609165772533	-0.0775518555581	0.996988072351
2.63684673544	-11.9512689311	-0.00157434511962	0.000308507586355	0.000603362038861	-0.0791976965811	0.996858698931
2.65116409338	-11.9535782345	-0.00157408793977	0.000296534685613	0.000603305001205	-0.0806439386929	0.996742746772
2.67090223726	-11.9568345092	-0.00157458810559	0.000305493285392	0.000613380535199	-0.0829480093422	0.996553640395
2.68520626698	-11.9592640067	-0.00157494027493	0.000289416029903	0.000633008257077	-0.0854680324829	0.996340670134
2.69950176599	-11.9617778921	-0.0015757062772	0.000235748442962	0.000648377852807	-0.0887996126532	0.996049272286
2.71328915186	-11.9643027775	-0.0015752643461	0.000171134515765	0.000647515059708	-0.0923980495762	0.995721924973
2.73491179508	-11.9684740565	-0.00157314607972	0.000105179506307	0.000620628056193	-0.0981583089446	0.995170613585
2.7466810933	-11.9708543083	-0.00157229079263	9.77000559031e-05	0.000605735640044	-0.101300493813	0.994855684757
2.7618577686	-11.9740383063	-0.00157217992987	0.000123386719317	0.000597272780034	-0.10530985269	0.994439270628
2.78091349208	-11.9782070288	-0.00157235327464	0.000233544890737	0.000588913473924	-0.109599671695	0.993975608655
2.80432210241	-11.9835506506	-0.00157276488063	0.000408611898599	0.000595220626294	-0.114411785376	0.993433149294
2.81260166402	-11.9854962806	-0.00157321344498	0.000461480819102	0.000588418819035	-0.115854708306	0.993265889559
2.83351777787	-11.9905144059	-0.00157387234293	0.000574047757064	0.000570562515468	-0.119100458233	0.992881879065
2.85245946266	-11.9951797782	-0.00157273695589	0.000567687385597	0.000563563105796	-0.121898133063	0.992542293952
2.86555600378	-11.9984669937	-0.00157304207525	0.000534692010387	0.000555376529205	-0.123371212469	0.99236029223
2.88251698332	-12.0027773522	-0.00157236099876	0.000483003632959	0.000563007978208	-0.124949819241	0.992162785233
2.8941404206	-12.0057637398	-0.00157172146057	0.000429747795808	0.00057457355568	-0.126001170095	0.99202983338
2.91543615268	-12.0113088921	-0.00157358538037	0.000334742089695	0.000602039163997	-0.128220216918	0.991745482203
2.92510901246	-12.0138619995	-0.00157309804476	0.000303275347779	0.000609140382549	-0.129257468416	0.991610832853
2.94830211383	-12.0200725802	-0.00157285763601	0.000287209799506	0.000603081666765	-0.131711109304	0.991287918563
2.9618151279	-12.0237461152	-0.00157217713685	0.000326572835989	0.000585202525088	-0.132956788684	0.9911216087
2.97628114783	-12.0277181566	-0.00157227270388	0.000396765134092	0.000572123803048	-0.134252168007	0.99094695652
2.99458994459	-12.0328038822	-0.00157222698376	0.000489114671708	0.000565045597681	-0.135921889112	0.990719274846
3.00566431643	-12.0359132749	-0.00157318166549	0.000528967929877	0.000568082101679	-0.137033108175	0.990566163736
3.02635245025	-12.0417947048	-0.00157322802916	0.000549650081351	0.000571788427554	-0.13915037227	0.990270945166
3.04653556932	-12.0476242113	-0.00157265870653	0.000506107353536	0.000570651629985	-0.141210335031	0.98997932276
3.05517722304	-12.0501472965	-0.00157216426514	0.000476723836034	0.000567119138592	-0.141971621245	0.989870451055
3.07436444237	-12.0557977078	-0.00157215164754	0.000421149258866	0.000564909817408	-0.143524590503	0.989646500237
3.09161715299	-12.0609331484	-0.00157149195352	0.000384587835055	0.00057258565283	-0.144817813629	0.989458096684
3.10742135804	-12.0656765916	-0.00157258121395	0.000392039326396	0.000574457241081	-0.14573189682	0.989323875459
3.12130371218	-12.0698682159	-0.00157196443201	0.000423326562168	0.00057801203493	-0.146489102901	0.989212024506
3.13757312325	-12.074810373	-0.00157250793277	0.000468115246722	0.000574027006502	-0.147371726243	0.989080899454
3.1552678466	-12.0802179449	-0.00157203109918	0.000533305583868	0.000555488688848	-0.147931241248	0.988997348268
3.16578492186	-12.0834362613	-0.00157171243593	0.000592031611896	0.000533903570113	-0.147743338747	0.989025414386
3.17964854946	-12.0876673464	-0.00157179736773	0.000672988532745	0.000518795014615	-0.14729016221	0.98909296128
3.19782168217	-12.093192493	-0.00157224265675	0.000718701743967	0.00052481538878	-0.146801610597	0.989165554982
3.21265383764	-12.0976896919	-0.00157335007099	0.000699796045478	0.000542665170006	-0.146525895031	0.989206438457
3.23658681203	-12.1049266226	-0.00157297703841	0.000591228449892	0.000566041750256	-0.146088648802	0.989271164412
3.24903434352	-12.1086811248	-0.001572779542	0.000519460310821	0.000567959567382	-0.145837700308	0.989308229397
3.26291838436	-12.1128606177	-0.00157225896315	0.000452887143618	0.00056737142427	-0.145547592525	0.989350984885
3.28350678223	-12.1190424102	-0.00157176034565	0.000405871174629	0.000569229003307	-0.145121228715	0.989413634545
3.29595797041	-12.1227723678	-0.00157212216513	0.000414951567993	0.00057231895489	-0.144892581992	0.989447138532
3.3122440843	-12.1276423125	-0.00157254199217	0.000463760179017	0.000572977013031	-0.144601106656	0.989489755671
3.33045124395	-12.1330748309	-0.00157280014305	0.000545593012341	0.000565915654504	-0.144308723737	0.989532401855
3.34674503587	-12.1379315451	-0.00157310812999	0.0005973238452	0.000563149506737	-0.144420589886	0.98951605307
3.35537082053	-12.1405053927	-0.0015725084938	0.000608052764207	0.000558348919291	-0.144533345255	0.989499585966
3.38124220301	-12.1482387616	-0.00157240410829	0.000590037025544	0.000552224392443	-0.145030090101	0.98942691487
3.38938513986	-12.1506805667	-0.00157257424114	0.000556429288299	0.000561410578178	-0.145473899186	0.989361774004
3.41380109341	-12.1580602918	-0.00157320408159	0.000406705043996	0.000583082785744	-0.147146258636	0.989114489417
3.42432517446	-12.1612697296	-0.0015727296218	0.000356211697024	0.000589411985432	-0.147906845457	0.989001057013
3.43962404405	-12.1659719173	-0.00157200912458	0.000289822391638	0.000603853566377	-0.149514219661	0.98875934862
3.45538479264	-12.1708855478	-0.0015719913747	0.00022540034359	0.000614900561316	-0.151788005641	0.988412855256
3.46540212571	-12.174051805	-0.00157274340468	0.000211906082493	0.000612199613466	-0.153302082468	0.988179159777
3.4887347925	-12.1815612825	-0.00157059961688	0.000260102053418	0.000596579769054	-0.156983662871	0.987600985232
3.49729118177	-12.1843642002	-0.00157086448659	0.000296002109072	0.00058602271358	-0.15835474726	0.987382065353
3.52148728892	-12.1924336618	-0.00157123727553	0.00042712855676	0.000566214060136	-0.162251409532	0.986749196639
3.54118186851	-12.1991513033	-0.00157588402743	0.00054393123649	0.000640657163278	-0.164777092978	0.986330473689
3.55427985268	-12.2036689624	-0.00157671669166	0.000624443567607	0.000617772339341	-0.165730085208	0.986170759699
3.566878781	-12.2080382027	-0.00157229240652	0.000668944549657	0.000574132758929	-0.166534629661	0.986035212357
3.58491866855	-12.2143410347	-0.00157525912346	0.000634563602972	0.000586635752965	-0.16836255999	0.985724759545
3.59184600513	-12.2167839069	-0.00157421100216	0.000586754756713	0.000583514755936	-0.169218892075	0.98557814596
3.61213329478	-12.2240169635	-0.00157110558754	0.000409546110382	0.000561189938236	-0.171794534185	0.985132557254
3.63024158148	-12.2305763237	-0.00156989185234	0.000301004974684	0.000742278977864	-0.173993928869	0.984746399402
3.64204525643	-12.2348966231	-0.00159301210212	0.000308821372664	0.00101024547588	-0.175362874846	0.984503299212
3.66026016963	-12.2416417866	-0.00158421906803	0.000338908122191	0.000986397336202	-0.177391868583	0.984139744712
3.67507760615	-12.2471867507	-0.00158349577662	0.000416772629632	0.000767473628861	-0.178924738464	0.983862376174
3.67929356356	-12.2487745888	-0.00157927618418	0.00043960704188	0.000670994236413	-0.179358186134	0.983783511541
3.69943480852	-12.2564193192	-0.00155983674236	0.000553740642232	0.000307676799151	-0.181457682722	0.983398549972
3.70895605158	-12.2600693514	-0.00156000323427	0.000618771602403	0.000350633220726	-0.182394963382	0.983225086901
3.72639573018	-12.266791308	-0.00159705140777	0.000800359491391	0.000958753828202	-0.183326823029	0.983051227645
3.74134187025	-12.2725777141	-0.00159210388205	0.000793204503329	0.0010255377213	-0.183826084962	0.982957928696
3.74939181219	-12.2756963199	-0.00158691761562	0.000748122659452	0.000942405822328	-0.183802680556	0.982962423903
3.7634763848	-12.2811495047	-0.00157472805155	0.000618430577201	0.000567415138577	-0.183530725327	0.983013615595
3.77972766725	-12.2874289249	-0.00155614824031	0.000463545936932	0.000248564023962	-0.183170742544	0.983080974496
3.79206020928	-12.2921849141	-0.00156413881481	0.000491190285901	0.000606228925979	-0.182437863679	0.983217075276
3.79998942639	-12.2952241647	-0.00159510820226	0.000603199119008	0.00107557216385	-0.181431129445	0.983402880087
3.81404351037	-12.3005656982	-0.00160567285585	0.000735789429411	0.00128154943964	-0.179305515244	0.98379232994
3.82340120331	-12.3040770305	-0.00159867929873	0.000810198115209	0.00120990255184	-0.177510441149	0.984117839996
3.83284153597	-12.3075781038	-0.00159376509304	0.000820671957947	0.000847269302064	-0.175605702263	0.984459875244
3.84530584948	-12.312136261	-0.00155632313848	0.000741736046392	0.00022950221138	-0.173080774957	0.984907326857
3.85455460623	-12.3154733501	-0.00155316578117	0.000717647614085	0.000278241632535	-0.171164951869	0.985242085386
3.86387924294	-12.3187918447	-0.0015892343419	0.000735937237971	0.000823663907317	-0.169117975463	0.985595195985
3.87517142482	-12.3227572221	-0.00159512713916	0.000669690452601	0.00108635033841	-0.166614573926	0.986021275183
3.88153416244	-12.3249600771	-0.00159513242789	0.000631856420011	0.00119148672786	-0.165091243609	0.986277375995
3.89237847606	-12.3286634017	-0.00159058905911	0.000521363870073	0.000890290393797	-0.162412469113	0.986722415596
3.90099356286	-12.3315603749	-0.00156235974131	0.000453341404735	0.000454266778122	-0.160260706449	0.987074512938
3.90685128765	-12.3335039018	-0.00156215213286	0.000493085253331	0.000514783214436	-0.158672415825	0.987331026719
3.9169309399	-12.3368011446	-0.00158409934273	0.00061437951758	0.000744082458711	-0.155868432541	0.987777353768
3.92150650765	-12.3382781594	-0.00158146281976	0.000660175863405	0.000764110389323	-0.154592332544	0.987977829216
3.93085706997	-12.3412509932	-0.00159496665817	0.000760729846182	0.000975896314012	-0.151747958878	0.988418446759
3.93752215634	-12.3433340407	-0.00158781895585	0.000743428110745	0.000819359051656	-0.149672541127	0.988735003122
3.94331977226	-12.3451195867	-0.00157193074426	0.00067904183774	0.000544016661429	-0.147868030049	0.989006718196
3.95193909608	-12.3477306161	-0.00155883537416	0.000564900932871	0.00027986142598	-0.145167337849	0.989406916585
3.95603033423	-12.3489522981	-0.00155962272922	0.000526145021348	0.000293770271828	-0.143884089086	0.989594364262
3.96465589959	-12.3514907951	-0.00157106506055	0.000493340319695	0.000533455087684	-0.141184130476	0.989983087402
3.97211466072	-12.3536449812	-0.0015889910729	0.000568233780606	0.00108709674552	-0.138073061611	0.990421286619
3.97416063547	-12.3542260929	-0.00160313681252	0.000620656056525	0.00130930153924	-0.136830075263	0.990593474145
3.98130555831	-12.3562034265	-0.00163179603834	0.000842259785924	0.0017877929314	-0.130340275632	0.991467350417
3.98516814363	-12.3572221214	-0.00161694687669	0.000900125964583	0.00152546654594	-0.124686363407	0.992194624812
3.98670647555	-12.357613018	-0.00160454826174	0.000893644586804	0.0012977985507	-0.121434196659	0.992598233426
3.98914624553	-12.3582056305	-0.00158362754931	0.000822903377072	0.000995932227503	-0.111093823155	0.993809082976
3.98935444609	-12.3582556783	-0.001590043953	0.000753457830218	0.00116085202845	-0.103993884865	0.99457697371
3.98922979372	-12.3582349189	-0.00158314402146	0.000553646104384	0.000998612691199	-0.0948033058088	0.995495368877
3.98908929163	-12.3582101139	-0.00155954603375	0.000359678729723	0.00062359686974	-0.0883870869141	0.996085942389
3.98881449061	-12.3581634972	-0.00154588829897	0.000137465817422	0.000164029320376	-0.0799380685437	0.996799809087
3.98846800835	-12.358111436	-0.00154258875835	4.32211114821e-05	3.7882405048e-05	-0.0714944652447	0.997440994814
3.98805893557	-12.3580607145	-0.0015499835277	0.000132818832348	0.000310973616255	-0.0609891187952	0.998138373695
3.98784284362	-12.358041375	-0.00155349134257	0.000308057777392	0.00054167586894	-0.0522678186469	0.998632908942
3.98766097071	-12.3580295302	-0.00155305931741	0.000498910882716	0.00056458138294	-0.0427676023659	0.999084763433
3.98748854242	-12.3580195545	-0.00154889969833	0.000607761419114	0.000398721883189	-0.0342925573064	0.999411572957
3.98736443216	-12.3580133963	-0.00154603767318	0.000636147682182	0.000194883606856	-0.026825354545	0.999639914014
3.98717977952	-12.3580057299	-0.00154374942981	0.000590681643911	9.61265360204e-05	-0.0170310142692	0.99985478266
3.98708373334	-12.358002901	-0.00154423819202	0.00054079227582	0.000142678195918	-0.0121317537306	0.99992625115
3.98692870132	-12.358000606	-0.00154541427057	0.000423173317753	0.000314132366187	-0.00308873656133	0.999995090964
3.98686437421	-12.3580006523	-0.00154606127769	0.000359598081759	0.000397092424439	0.00157160721635	0.999998621528
3.9867533252	-12.3580027201	-0.00154583784161	0.000206883984406	0.000401457917582	0.0163496374221	0.999866233747
3.98719897476	-12.3579847552	-0.00154596029119	0.000196029717412	2.15376217576e-05	0.0230925600361	0.999733311828
3.98851871919	-12.3579106088	-0.00153695866516	0.000264022384634	-0.000612094687006	0.0313723268203	0.999507545115
3.98999536128	-12.3578051359	-0.00153253881461	0.000390287516575	-0.000665052480281	0.0388606360975	0.999244342662
3.99375644003	-12.3574592348	-0.00154610791805	0.00067899712054	-6.96670506091e-05	0.052020665408	0.998645775278
3.99656696752	-12.3571459962	-0.00154445269262	0.000813015860336	0.000137170311997	0.0589878880783	0.998258357966
4.00078018878	-12.3566044649	-0.00155668099397	0.000877004979975	0.000539198916306	0.0690630553414	0.997611765425
4.00444989206	-12.3560662408	-0.00156121282034	0.000834656501465	0.000431655126212	0.0765372285144	0.997066281485
4.0082095933	-12.35545913	-0.00154617642595	0.00076486741178	9.87486780343e-07	0.0829678291163	0.99655193257
4.0144655398	-12.3543439376	-0.00152470039252	0.000639466636238	-0.000572683286282	0.0922119207583	0.99573903448
4.02119123675	-12.3530096361	-0.00154798360784	0.000412845795543	0.000457092123987	0.102953558516	0.994685973267
4.02607253302	-12.3519478441	-0.00160499879542	0.000264613728712	0.00158006153236	0.111403734206	0.993773938776
4.02971002597	-12.3511010529	-0.001610327459	0.000237115185471	0.00177707587124	0.117556954837	0.993064523658
4.0341437833	-12.3500029504	-0.00158977179919	0.000279198702686	0.00134932810858	0.125208473773	0.992129497322
4.03878480595	-12.3487723392	-0.00155733173129	0.000374721450995	0.000504178811731	0.133571944392	0.991038920052
4.04336048396	-12.3474726381	-0.00153506813484	0.000472919585162	-6.22207200164e-05	0.142139704824	0.989846491527
4.04816596862	-12.3460114404	-0.00154530319189	0.000516565703501	0.000216588869684	0.151700528563	0.988426343175
4.05339356979	-12.3443078765	-0.00157173563341	0.000532583566088	0.000870310559394	0.162016598126	0.986787505416
4.05650695864	-12.3432366985	-0.00157974975284	0.000545214133288	0.00107053794443	0.168054868196	0.98577691085
4.06179752512	-12.3413172968	-0.00157336818948	0.000559408160913	0.000935039082822	0.178384295919	0.983960291746
4.06521186046	-12.3400097618	-0.00156282427937	0.000546164198172	0.000661891875165	0.185182818216	0.982703712948
4.06918543659	-12.3384180391	-0.00155293648126	0.000491904047798	0.00039986870844	0.193218334882	0.981155580528
4.07320982612	-12.3367276458	-0.00154999894709	0.000415252782676	0.000302768857825	0.201192356856	0.979551617547
4.07735109173	-12.3349082829	-0.00155617453707	0.000327679241225	0.000464309922142	0.209392750617	0.977831454307
4.08150772321	-12.3329996148	-0.00156682621501	0.000276374093365	0.000714488232394	0.217585711696	0.97604091676
4.08800649615	-12.3298485952	-0.00156835902979	0.000350497025255	0.000726737224573	0.2299648111	0.973198610079
4.09168470208	-12.3279751395	-0.00155995274598	0.00043596686922	0.000606620722211	0.236871088094	0.971540801804
4.09631176981	-12.3255211783	-0.00155875036426	0.000512041018388	0.000567758083611	0.245744250705	0.969334399838
4.09888137808	-12.3241108601	-0.00156163629114	0.00049206341389	0.000760791745649	0.25121305772	0.967931391525
4.10368182753	-12.3213713474	-0.00157814644731	0.000435297932473	0.000987610655567	0.261662256489	0.965158898146
4.10629427508	-12.3198217593	-0.00157281962753	0.000415938697191	0.000927117197218	0.267376347281	0.963591643988
4.10968881767	-12.3177451899	-0.00156688695741	0.000402087382319	0.000702427506843	0.274794906245	0.961502524398
4.11515671913	-12.3142451877	-0.00155135407755	0.000365702112139	0.000368747644089	0.28653366482	0.958070033563
4.11683825362	-12.3131305742	-0.00155368148701	0.000336794255619	0.00037743984781	0.290187201994	0.956969765409
4.12201031462	-12.3095879717	-0.00156155264625	0.000279222273796	0.000534916469812	0.301118514687	0.953586533049
4.12645089724	-12.306409365	-0.00156708495293	0.000283400656503	0.000719087209367	0.310316748404	0.950632904047
4.12970474652	-12.3039973933	-0.00157079959367	0.000318003760702	0.000809063005652	0.317079373657	0.948398605594
4.13353664959	-12.3010662237	-0.00157012437135	0.000418769000052	0.00070234488452	0.324793854437	0.945784480452
4.13712946043	-12.2982263354	-0.00155272350823	0.000557573316521	0.000420805708444	0.331527690824	0.943445230128
4.14332415145	-12.2931312696	-0.00155569621209	0.000575676140851	0.000452943430436	0.343258225583	0.939240785959
4.14686161149	-12.2901067502	-0.00156070584616	0.000561802028425	0.000475420999904	0.349443109863	0.93695729429
4.15200581342	-12.2855646298	-0.00155778946332	0.000485681157406	0.000613192480797	0.358212104014	0.933639907377
4.15614759146	-12.2817817459	-0.00157025308532	0.000378241817506	0.000803513873598	0.365308026591	0.930886275013
4.16193701964	-12.2762993585	-0.00157438385975	0.000327771873856	0.000791260092034	0.375002541207	0.927023387279
4.16526433689	-12.2730439816	-0.00156154639637	0.000357675724617	0.000652714491091	0.380435251108	0.924807258701
4.16953713378	-12.2687490494	-0.00155853676513	0.000370383223294	0.000569517285111	0.387501969399	0.921868625227
4.17540389642	-12.2626393812	-0.00155372355588	0.000469262655266	0.000356327084017	0.396637484849	0.917975140424
4.17877030288	-12.2590236331	-0.00154404927205	0.000496650143741	0.000362511684434	0.401765787418	0.91574225303
4.18661808611	-12.2502725599	-0.00156940800511	0.000390068491853	0.000845243881325	0.413847148245	0.910345907498
4.19117930252	-12.2449692905	-0.00158020467756	0.000371039690625	0.00100866451888	0.420788341008	0.907158209464
4.19350163391	-12.2422058631	-0.00157761050481	0.000402898794789	0.000976223707476	0.42425043222	0.905544286836
4.20018768272	-12.234001027	-0.00156433748646	0.000478062718828	0.000806679448196	0.434367512317	0.900735246878
4.20575027306	-12.2268815206	-0.00155578874913	0.000556375331847	0.000534131611662	0.442576779323	0.896730282501
4.21201445168	-12.218533087	-0.00155325546397	0.000474807038674	0.000559540924502	0.4518644247	0.892086320466
4.21576521045	-12.2133580614	-0.00156486911099	0.000347391497959	0.000750535970294	0.457509921849	0.889204131471
4.22057271806	-12.2065201076	-0.00157577980096	0.000242405439234	0.000925282282115	0.464766955005	0.885432528557
4.22607004859	-12.1984000677	-0.00157337793932	0.000240868013111	0.0009581844831	0.473176694246	0.880966991372
4.23114882023	-12.1905887396	-0.00157058847129	0.000315614209308	0.000867201123126	0.481085520995	0.876673183027
4.23366932628	-12.18659681	-0.00156658381292	0.000414231346538	0.000710482006678	0.484879935602	0.874580340322
4.24036829826	-12.1755991165	-0.00154853147132	0.000540991724681	0.000552511846341	0.495066459555	0.868854765011
4.24599489243	-12.1658926629	-0.00156522394555	0.000412018314065	0.000836509429789	0.503867819152	0.863780267959
4.25176006738	-12.1554531837	-0.00157987386935	0.000274940969303	0.00110978883145	0.513141028539	0.858303546309
4.25390690873	-12.1514250879	-0.00158104900525	0.000256265212667	0.00114000944648	0.51667213564	0.856182538341
4.2593922889	-12.1407491391	-0.00157476247501	0.000299530333209	0.00100609041646	0.525897599173	0.850547243396
4.26256487321	-12.134305135	-0.0015654966341	0.00044923967086	0.00070130190051	0.531103025315	0.847306841033
4.26815393682	-12.1224464153	-0.0015398377386	0.000564798528141	0.000418614149657	0.54035080878	0.841439545788
4.27078805053	-12.1166133354	-0.00155211104478	0.00047039637571	0.000547427844053	0.544841890627	0.838538486456
4.27574507241	-12.1051699349	-0.00157111543184	0.000256719314542	0.000911585466838	0.553373842079	0.832932466656
4.28006444345	-12.0946461381	-0.00158318467499	0.000152807991673	0.00115311150256	0.561015634576	0.827804387971
4.28352705758	-12.0857873974	-0.00158278268814	0.000185785651827	0.00116828000283	0.567353750368	0.823473328377
4.28705305105	-12.076329775	-0.00157122140058	0.00038925823403	0.000909836072265	0.573850616277	0.818959395132
4.29119261407	-12.0645960276	-0.0015509407162	0.000545623313496	0.000684376181106	0.581748137619	0.813368513222
4.29327487665	-12.0584038244	-0.00155586943006	0.000515308788593	0.000709928973732	0.585880369433	0.810397077469
4.29739161811	-12.0454990685	-0.00157062312936	0.000343861221796	0.000903724186053	0.594297898839	0.804244410908
4.30097023966	-12.0334858735	-0.00156128668197	0.000485468034888	0.000682834374999	0.601413890554	0.798937187961
4.30416245243	-12.022066787	-0.00154235370952	0.000576101514987	0.000556631063031	0.607875198935	0.794032178686
4.30778117105	-12.0081579888	-0.00156752256889	0.000356764299421	0.000879904204177	0.615765321823	0.787929036733
4.31039403359	-11.9973408327	-0.00158256947545	0.000160718701844	0.00118376050568	0.621811028674	0.783166404731
4.3128530209	-11.9864278213	-0.00159056496623	9.03657791734e-05	0.0013195838227	0.627826321255	0.778352337231
4.31555281599	-11.9734250951	-0.00158247079688	0.000273187816258	0.00111065011214	0.634760706213	0.772707925204
4.31795908274	-11.9607409604	-0.00154866074194	0.000580647433547	0.000704426492085	0.64119957941	0.76737361565
4.320765435	-11.9442006496	-0.00155409942798	0.000546794732004	0.000681816905372	0.649510280178	0.760352307871
4.32230436207	-11.9340688715	-0.00156429267086	0.0003637752755	0.000872240552027	0.654532523362	0.756033255039
4.32376885904	-11.9234655255	-0.00157894435201	0.000154115141308	0.00111138251175	0.659727416536	0.751504143001
4.32611468286	-11.9036040582	-0.00158869790745	5.72135721697e-05	0.00124168955449	0.669275213732	0.743013555205
4.32730150436	-11.8914460005	-0.00157052458082	0.000409197291514	0.000861820752545	0.674731257741	0.738062883262
4.32843092052	-11.8776636603	-0.00153300651464	0.000755145026199	0.000494480345147	0.680690432777	0.732570624561
4.32912902073	-11.8673392118	-0.0015408957383	0.000723839554017	0.000542400462722	0.685124954959	0.728424998164
4.32982306353	-11.8545387212	-0.00156064394951	0.00054950798944	0.000757311660728	0.690423150774	0.723405140565
4.33041831467	-11.8390739592	-0.0015671546397	0.000317831622705	0.00105037008885	0.696573693269	0.717484414849
4.33080957728	-11.8175193444	-0.00159039583892	6.75265024653e-05	0.00136594713214	0.705008593498	0.709197442693
4.33082323339	-11.8087154801	-0.001589319336	9.62205539595e-05	0.00134355175433	0.708391607559	0.705818330699
4.3304753775	-11.7861167038	-0.00156055196163	0.000416854137185	0.000986089300593	0.716848161756	0.697228489698
4.32989767587	-11.7701091532	-0.0015609357408	0.000467525551516	0.000874393123897	0.722768557938	0.691089450442
4.32926135725	-11.7576712019	-0.00155953517729	0.00044350370036	0.000853155262348	0.727257262851	0.686364297629
4.32788660075	-11.737529604	-0.00157208387005	0.000200462658867	0.00104719273664	0.734444554642	0.678667856436
4.32655005781	-11.7221406066	-0.00158260064448	2.99507098922e-05	0.00121231750464	0.73987554345	0.672742677102
4.32578627964	-11.7144230046	-0.00158488123899	3.91017293679e-06	0.0012490649166	0.742573856174	0.669763023725
4.32327316832	-11.692478691	-0.00157092751139	0.000204801363998	0.00111703923996	0.750093764827	0.661330518159
4.32076588254	-11.6740062749	-0.00156630479771	0.000333360940963	0.00103438760999	0.756368089668	0.654145344587
4.31937602397	-11.6647637065	-0.00156518109873	0.000348282937083	0.00103115500462	0.759485323302	0.650523526944
4.31607325725	-11.6448502915	-0.00157011900544	0.000241210710159	0.00112916092838	0.766154983487	0.642654812548
4.31449101308	-11.6361153127	-0.00157445003433	0.000169640487009	0.00118500833607	0.769059515007	0.639176055054
4.30954679443	-11.6112890507	-0.00157755447169	0.000107264566045	0.00120279595588	0.77719452636	0.629259254975
4.30643804905	-11.5971667219	-0.00157105359975	0.000144600880621	0.00114166479789	0.781755182267	0.623584405426
4.30108848639	-11.5748748313	-0.00156920657911	0.00016462220928	0.00107808270394	0.788906687601	0.614512041294
4.29834568375	-11.5642493131	-0.00156878353516	0.000148174033124	0.00107673860836	0.792294334956	0.610138103608
4.29291838975	-11.5445209769	-0.0015717691087	8.51361000478e-05	0.00111996009141	0.798545175326	0.60193383474
4.28926352654	-11.5320598494	-0.0015732878179	5.35143493538e-05	0.00115306113114	0.802466731128	0.596695745769
4.28544439007	-11.5196422849	-0.00157391936383	4.48947845097e-05	0.00117450850629	0.806351210828	0.591435831947
4.27617908218	-11.4916601603	-0.00157091023322	8.85212885679e-05	0.00117198533438	0.815033187356	0.579413084184
4.2750253299	-11.488360335	-0.00157052706754	9.4129568403e-05	0.00116944688627	0.816051077384	0.577978600499
4.26680503825	-11.4658514565	-0.00156911992556	9.89992351484e-05	0.00115737104527	0.82293864192	0.56812907189
4.26102550952	-11.4509585356	-0.00156958761128	7.02793481415e-05	0.00115712312384	0.827460084651	0.561523342734
4.25519825695	-11.4366170126	-0.00157033335824	3.39833063019e-05	0.00115724981445	0.831790520873	0.555088451513
4.25013850279	-11.4246563579	-0.0015706424578	9.34702816957e-06	0.00115288325269	0.83538686925	0.549661213346
4.24080565487	-11.40365842	-0.00156992664694	-6.99154831547e-06	0.00113673946338	0.841669849284	0.539991270837
4.23702267474	-11.3955022275	-0.00156935332676	-6.26422207249e-06	0.00113043052986	0.844098556049	0.536186860864
4.22591218275	-11.3725840891	-0.0015682188551	-1.21497755419e-05	0.0011186352376	0.850755411928	0.52556063169
4.21957093125	-11.3601220802	-0.0015683125778	-2.12542803192e-05	0.00111811383494	0.854321520535	0.519743676171
4.21235237487	-11.3464265556	-0.00156839718876	-3.27240888402e-05	0.00112588120307	0.858221867378	0.513277661383
4.20346862561	-11.3302209605	-0.00156875562358	-5.6597739855e-05	0.00112805358564	0.862622574717	0.505846832431
4.19681473111	-11.318486683	-0.00156836317238	-8.91984062662e-05	0.00110173640273	0.865564089065	0.500796950812
4.18900818121	-11.3051088521	-0.00156886502663	-0.000113881651609	0.00106115619462	0.868859356641	0.495057854554
4.17658468935	-11.2845958622	-0.00156726658648	-0.000163478361372	0.000991231782688	0.873449255724	0.48691414891
4.17103437732	-11.2756905648	-0.00156658265967	-0.000188788218156	0.000945689331888	0.875272042426	0.483629943013
4.16190897132	-11.2613620943	-0.00156832117583	-0.000210269451892	0.000903812488171	0.878165013928	0.478356924505
4.15206393544	-11.2463087893	-0.00156647759279	-0.000231014680053	0.000889432265363	0.880956487654	0.473196388831
4.14373156044	-11.2338451926	-0.00156655924686	-0.000248379084667	0.000871327653527	0.883033573032	0.469308947277
4.13529156568	-11.2214544298	-0.00156810415186	-0.000244634859415	0.0008774595125	0.885051688895	0.465491866957
4.12330446275	-11.2042240393	-0.00156634186071	-0.000251575230388	0.000888859379325	0.88747819967	0.460848773189
4.11347808503	-11.1903578853	-0.00156680888105	-0.000261381155741	0.000865381271359	0.889175131592	0.457566135278
4.10472486572	-11.1781846678	-0.00156749516342	-0.000262066036119	0.000857281074696	0.890638300596	0.454711572211
4.09353173711	-11.1628463286	-0.00156585497356	-0.000281273213499	0.000837675965722	0.892248610524	0.451543614951
4.08611350081	-11.1527924804	-0.00156636807647	-0.000307964054308	0.000800081391553	0.893083038976	0.449891042944
4.07389139144	-11.1363887019	-0.00156721379679	-0.000354518057893	0.000755428502884	0.894355632634	0.447355905316
4.0652466774	-11.1248941678	-0.00156987889471	-0.000424887939549	0.00074355758586	0.895031325269	0.446002458939
4.05537104708	-11.1118399912	-0.0015689278232	-0.000435850577535	0.00069353560748	0.895683411778	0.444691527813
4.04606505994	-11.0996092925	-0.00156769172657	-0.000386687283595	0.000663014431882	0.896273589691	0.443500916918
4.03432213988	-11.0842716975	-0.00156251995521	-0.000318313667182	0.000662795443594	0.897018328072	0.441992735778
4.02465399365	-11.0717227392	-0.00156386734208	-0.000292361716099	0.000703897358013	0.897624270203	0.440760806556
4.01980683982	-11.0654580495	-0.00156467941649	-0.000292538210262	0.00073596063236	0.897925988925	0.440145761308
4.00440335332	-11.0456793784	-0.00157613071177	-0.000650424763788	0.00101796877966	0.899180618545	0.437576000164
3.99582436556	-11.0347930088	-0.00160905876762	-0.00109797307379	0.00133836105749	0.900437990842	0.434980951184
3.98645040071	-11.0230700075	-0.0016231779189	-0.00133817781032	0.00157239961953	0.902273024528	0.43116020926
3.9812993019	-11.0167189345	-0.00162045077425	-0.00128102105375	0.00157410084157	0.903367807614	0.428861848803
3.9728312275	-11.0064202961	-0.00160128190187	-0.00097288482891	0.00135497628351	0.9050316919	0.425340868236
3.965408615	-10.9975169196	-0.00158471507799	-0.000795477200673	0.00103437430493	0.906115640186	0.423028065139
3.96081170272	-10.9920446069	-0.00158336092832	-0.00059403654776	0.000744180028816	0.906648640483	0.42188545368
3.95336340918	-10.9832412456	-0.00153389966921	0.000166393610706	0.00018577883498	0.907767617387	0.419473349121
3.94211608964	-10.9701748181	-0.00153334414382	0.000218191307143	0.000226235798572	0.910357514332	0.413822543258
3.9338190611	-10.9607694305	-0.0015627605947	-9.37205961988e-05	0.000663700295188	0.912802760004	0.408400137178
3.92693952317	-10.9531452123	-0.00155844766925	5.52388954082e-05	0.000903137580739	0.914936596533	0.403596587716
3.91788126366	-10.9433479488	-0.00154003224688	0.000433763477716	0.00107220735215	0.917620308364	0.397456452833
3.91329603027	-10.9384888767	-0.00153769285204	0.000563719719157	0.00113411707496	0.918962794637	0.394342209345
3.89743393786	-10.9221887116	-0.00152932913288	0.000802784701871	0.00121880251052	0.923646242363	0.38324338093
3.8859446653	-10.9108660278	-0.00154957112075	0.000273150328412	0.00134816989629	0.926921099886	0.37525375736
3.87730488524	-10.9025988985	-0.00157404093525	-6.81354270192e-05	0.00133030194825	0.929223897397	0.36951478206
3.86801102328	-10.8939264177	-0.0015694254584	-0.000281620874749	0.00121835758281	0.931582686378	0.363527350738
3.85308066806	-10.8804526062	-0.00157492126831	-0.000458918461615	0.000977134302652	0.935233982161	0.354028576831
3.84182249885	-10.8706460982	-0.00156643534217	-0.000324689962339	0.000771203945694	0.937849056734	0.347042427671
3.82771621827	-10.8587659433	-0.00155489011252	-0.000182007285421	0.000675498726361	0.940999754221	0.338406520519
3.81379710478	-10.8474662468	-0.00155914360962	-0.00021711835021	0.000801333559723	0.943988938505	0.329976051713
3.7996538184	-10.8363955325	-0.00156904398174	-0.000323617420295	0.001058800779	0.946897591924	0.321533395811
3.78889635468	-10.8282422583	-0.00157364842803	-0.000360297627011	0.00125186576182	0.949028476489	0.315187648603
3.7719346094	-10.8158381482	-0.00157275787167	-0.00028615117726	0.00143094269392	0.952257357582	0.305292966593
3.76336355028	-10.8097739681	-0.00157015549033	-0.000220721006792	0.00144759392439	0.953832044731	0.300336954433
3.74439653074	-10.7968233105	-0.00156453563913	-0.000154500650852	0.00134062372028	0.957189279242	0.28945960437
3.72936124795	-10.7869996037	-0.00156519559113	-0.000231295608202	0.00117706739272	0.959730327252	0.280920380121
3.72304340245	-10.7829844802	-0.00156662561256	-0.000286914064049	0.00110353347975	0.960766447193	0.277356330094
3.70603918496	-10.7724995373	-0.00157040351564	-0.000432480987235	0.000929295812475	0.963466274175	0.267827720554
3.68795086575	-10.7618452253	-0.0015714550735	-0.000489691346263	0.000829703854009	0.966192443198	0.257820159222
3.67184120031	-10.75276456	-0.00157009022664	-0.000464544477971	0.000821148484847	0.968363271073	0.249542952517
3.66175556939	-10.747258842	-0.00156820088304	-0.000426071664711	0.000850970264785	0.969646286078	0.244510069746
3.64675092466	-10.7393157898	-0.00156829615736	-0.000375030640525	0.000953742141827	0.971485761514	0.23709568723
3.62895117688	-10.7302589706	-0.00156894412593	-0.00037310358864	0.00107699320559	0.973406727037	0.22908086921
3.61954576656	-10.725613499	-0.00157032273962	-0.000398104549576	0.00109679155798	0.974257717055	0.225434113036
3.59972246265	-10.716095903	-0.00157264607552	-0.000444349547757	0.00104793821174	0.975903889362	0.218197853123
3.58748801549	-10.7103972004	-0.00157224041847	-0.000468361208241	0.000967033837559	0.976792341417	0.214185824071
3.56973897482	-10.7023338645	-0.00156998340827	-0.000487654067983	0.0007840454753	0.977942037544	0.208874408845
3.55282817159	-10.694863506	-0.00157045809855	-0.000495150431282	0.000653694126412	0.978988440241	0.203914102956
3.53768596844	-10.6883425644	-0.00156919522613	-0.000516187675513	0.000589784027579	0.979811291267	0.199923033218
3.52940390428	-10.6848332294	-0.00157018775795	-0.000534386434774	0.000565071069022	0.980177677201	0.198118944682
3.5174169323	-10.6798137996	-0.00157121842844	-0.000549210986269	0.000553695939029	0.980667956428	0.195677671244
3.49336775278	-10.6699477603	-0.00157099416303	-0.000534687871064	0.000642480960315	0.981591366872	0.190991334385
3.48038081463	-10.6647299915	-0.00157062460973	-0.000505834662299	0.000718972183729	0.982076013836	0.188483236013
3.46271796776	-10.6577566183	-0.00157104080507	-0.000471441115186	0.000825753090244	0.98272113636	0.185089880941
3.45293747543	-10.6539560073	-0.00157052650654	-0.000463862154309	0.000869637854718	0.983072437292	0.183214659892
3.43052637847	-10.6454090833	-0.00157161750843	-0.000474611184853	0.000897023538998	0.983861595636	0.178928283749
3.41319766275	-10.6389534875	-0.00157217398611	-0.000498493452236	0.000845054076867	0.98444493463	0.175690660166
3.40475108575	-10.635852451	-0.00157271135888	-0.00051713025856	0.000793412974679	0.984680073755	0.174368160574
3.38359770936	-10.6281902387	-0.00157209088775	-0.000549355552263	0.000614573357445	0.985203114716	0.17138886563
3.36711605518	-10.6223184967	-0.00157198571837	-0.000556350249675	0.000510339790942	0.985595526462	0.169117971389
3.35485699243	-10.6180069879	-0.00157046476827	-0.000552792997946	0.000474497461007	0.985906577479	0.167295217375
3.33691354687	-10.611800897	-0.00157104972317	-0.000518614764122	0.000547740241547	0.986522189208	0.163625796315
3.32319039904	-10.6071696415	-0.00157029669146	-0.000487113531896	0.000712722253306	0.987139902032	0.159856399819
3.30800535755	-10.602194653	-0.00157060084941	-0.000452436110354	0.000953782577737	0.987953128558	0.154749802497
3.29562822614	-10.5982744955	-0.00157277596607	-0.000437414198894	0.00115044478391	0.988646061651	0.150257944642
3.27315781624	-10.5914763102	-0.00157403907296	-0.000447107472469	0.00133835579523	0.989858922064	0.142046905315
3.26500055545	-10.5891088316	-0.00157496759263	-0.000458523926129	0.00133433972913	0.990265266817	0.139185885168
3.24141125423	-10.5825400519	-0.00157396643702	-0.000508212563265	0.00109339431817	0.991325850287	0.131421477547
3.22595284969	-10.5784491654	-0.00157447584294	-0.000536132140658	0.000843478998659	0.991972930795	0.126446453786
3.20609134055	-10.5734225654	-0.0015731070972	-0.000588773489384	0.000512550153119	0.992649121321	0.121025255958
3.19541130954	-10.5708070188	-0.00157349319849	-0.000611083016501	0.000360883588801	0.992949826128	0.118533282809
3.18131376445	-10.5674386029	-0.00157478478402	-0.000620986131211	0.000260194843819	0.993327296024	0.115327488693
3.17011870668	-10.5648320686	-0.00157370046333	-0.000615093723032	0.000273060260913	0.993631757554	0.112674209461
3.14525040791	-10.5592847746	-0.00157372885765	-0.000552836888241	0.000585858970884	0.994380912016	0.105858173794
3.13010119608	-10.5560832235	-0.00157272216013	-0.000524553581347	0.000863210990112	0.994823394321	0.101613945019
3.10806022958	-10.5516586641	-0.00157528966917	-0.000519408429309	0.00116739184056	0.995391961025	0.0958812355914
3.09628186708	-10.5494015865	-0.00157568089121	-0.000524743484581	0.00123147406062	0.995675465631	0.0928901246462
3.07514340833	-10.5455362032	-0.00157594267503	-0.000541294684596	0.00114752071931	0.996159076403	0.0875527537862
3.06086380768	-10.5430549958	-0.00157571931665	-0.000564141171309	0.000958145006891	0.996433715855	0.0843718768881
3.04755445085	-10.5408216914	-0.00157474513315	-0.000588639680075	0.000712969584918	0.996652629078	0.0817476735455
3.03176600542	-10.5382635052	-0.00157562714997	-0.000607828792756	0.000436962725562	0.996895831002	0.0787282778791
3.00953921663	-10.5348152707	-0.00157387525462	-0.000634417712202	0.000180876177517	0.997169700037	0.0751808095638
3.00113584249	-10.5335507042	-0.00157390454706	-0.000632329041767	0.000145340872467	0.997262841868	0.0739351287579
2.98778422578	-10.5315846734	-0.00157579784345	-0.000623939842335	0.000184479460228	0.997406123801	0.0719763910592
2.96650684148	-10.5285594422	-0.00157397914579	-0.000604711279273	0.000421309846425	0.997612237662	0.069059974582
2.95016428332	-10.5263078949	-0.00157574742418	-0.000603584052999	0.000623888223438	0.997698766076	0.0677968924049
2.93579519049	-10.5243529521	-0.00157613020692	-0.00060348428246	0.000744086306678	0.99773403589	0.0672746294619
2.91299803258	-10.5212766367	-0.00157619805402	-0.000594170229027	0.000799927077559	0.997769429755	0.0667470757759
2.90506850201	-10.5202125237	-0.0015751359831	-0.000589366066	0.000775002801283	0.997780958382	0.0665748534212
2.88078624624	-10.5169718707	-0.00157508738473	-0.0005840136223	0.000594535620056	0.997815783342	0.0660527665562
2.8674063174	-10.5151972846	-0.00157436164777	-0.00059461084266	0.000466732794416	0.997829782981	0.0658418772144
2.84708302009	-10.5124975629	-0.00157533650491	-0.000635879284676	0.000253706002767	0.99777957011	0.0665992549671
2.83022634773	-10.5102131549	-0.00157635285082	-0.000661821817105	8.92007343146e-05	0.997661757943	0.0683415742599
2.81387123349	-10.5079272398	-0.00157659491256	-0.000665641801625	-2.01116674941e-06	0.997490847474	0.0707924157092
2.79505474713	-10.5051827382	-0.00157368844289	-0.000640614972329	-9.0120365209e-06	0.997250273966	0.0741045248701
2.7812066155	-10.5030791259	-0.00157441270343	-0.000614939779073	7.25606481522e-05	0.997062287388	0.0765925038895
2.76440879665	-10.5004288713	-0.00157331121561	-0.000604440658911	0.000221975214205	0.996794914464	0.0799967741666
2.75552175235	-10.4989752452	-0.00157364337065	-0.000612102441327	0.000286314524922	0.996614063821	0.0822189220804
2.73825466622	-10.4960219324	-0.00157569679667	-0.000635675030668	0.000341756468437	0.996169638336	0.0874387258498
2.72003109477	-10.4926926671	-0.00157487114926	-0.000634559437924	0.000318692126221	0.995650670277	0.0931624309828
2.7038150548	-10.4895609311	-0.0015735243985	-0.000597823621299	0.000303269704748	0.995248846082	0.0973616197792
2.6846946911	-10.4856976589	-0.00157117006392	-0.000570946974322	0.000286908128856	0.994797736139	0.101867835335
2.66952450277	-10.4825059244	-0.00157206379374	-0.000573572465162	0.000268931322537	0.99444193537	0.105284547146
2.65095567796	-10.4784529749	-0.00157303024126	-0.000604995794617	0.000266174276283	0.993997589588	0.109399977258
2.63387574162	-10.474582543	-0.00157397887201	-0.000625788314704	0.000263206835329	0.993574163992	0.113180916054
2.61730924674	-10.4706923604	-0.00157489179505	-0.000635089986758	0.000250934117874	0.993085175293	0.117394072706
2.61244255187	-10.4695200235	-0.00157434712182	-0.000637941284077	0.000236879791242	0.992913817977	0.118834704483
2.58913259474	-10.4636833544	-0.00157305673261	-0.000627064801379	0.00012969290102	0.9919873299	0.126335772001
2.57219893967	-10.459197249	-0.0015723077825	-0.000626014369156	6.010937517e-05	0.991179246477	0.13252662316
2.5524382601	-10.4536464742	-0.00157148910957	-0.000648157173052	-6.12472052813e-05	0.98997376399	0.141249859299
2.54187593561	-10.4505168429	-0.00157236361066	-0.000659442159709	-0.000118612708893	0.989233983612	0.146340960549
2.52800354951	-10.4462266352	-0.00157086289823	-0.000655620832566	-0.000143386330608	0.98825155206	0.152834614707
2.50754335619	-10.4395369075	-0.00156957752027	-0.000634320757137	-6.94605216299e-05	0.986751381227	0.162238418566
2.48815917595	-10.432796892	-0.00157019010665	-0.000611997880142	6.71838264524e-05	0.985240385153	0.171175361571
2.47968824443	-10.4297267251	-0.00157037856363	-0.000607651936828	0.000132898532038	0.984538385779	0.175167862418
2.46188605076	-10.4230102813	-0.00157010005309	-0.000620120796265	0.000209323906288	0.982881771283	0.184236248639
2.45210029633	-10.419154417	-0.0015701604788	-0.000620540158514	0.000209439719499	0.981904682224	0.189374671199
2.42989080333	-10.4099559813	-0.00156924893574	-0.000618701326971	0.000137721747331	0.979524800977	0.201322533545
2.41293230159	-10.4024983321	-0.0015681010212	-0.000616508112569	3.20935190168e-05	0.977581633239	0.21055585777
2.40065073239	-10.3968564018	-0.00156792273953	-0.000622157056509	-3.42427212204e-05	0.976113936093	0.217258361205
2.38170346601	-10.387750156	-0.0015673944965	-0.000638746598504	-8.05626364608e-05	0.973783755185	0.227474797835
2.36917822217	-10.3814590159	-0.00156750237485	-0.000649378879625	-6.60079321471e-05	0.972176118276	0.234250227327
2.35320252891	-10.3731131713	-0.00156816202286	-0.000649899640436	-4.18958691442e-06	0.970040636146	0.242941848675
2.3439523536	-10.3681126573	-0.00156820137545	-0.000641427209741	4.6907314092e-05	0.968762647209	0.247988950849
2.3234415973	-10.3565741109	-0.00156736725683	-0.00060786217847	0.000162134045857	0.965809677579	0.259251366268
2.31135336537	-10.3494749466	-0.00156723012651	-0.000589284690785	0.000208948661206	0.96398762355	0.265946368139
2.30192598798	-10.3437802171	-0.00156697769472	-0.000581485229337	0.000226951811694	0.962516582976	0.271222119054
2.28326200689	-10.3320821933	-0.00156649433373	-0.000587722041005	0.000204381865811	0.959471892722	0.281803654851
2.27319148776	-10.3255289916	-0.00156670173622	-0.00059932840331	0.000167489989756	0.95776073003	0.287565639054
2.2545241522	-10.3129183071	-0.00156616313012	-0.00062381515133	8.4348822687e-05	0.954479141692	0.298277005172
2.24305333625	-10.304862282	-0.00156606859389	-0.000635770839794	4.3649710677e-05	0.95238455757	0.304898751051
2.22887451078	-10.2945693707	-0.00156582778359	-0.000643388104121	2.13858654306e-05	0.949702410783	0.313153183838
2.21209965278	-10.2818941325	-0.00156584402581	-0.000641222787809	4.45610269974e-05	0.946375669786	0.323067606678
2.19989009752	-10.2723141219	-0.00156590034663	-0.000630744105877	8.96416921238e-05	0.94385100866	0.330370803156
2.18705699468	-10.2619095129	-0.00156605129417	-0.000614153019559	0.000149358058422	0.941100799856	0.338125546239
2.17630368678	-10.2529165217	-0.00156599609392	-0.000599184760999	0.000196033715844	0.938716565357	0.344689443517
2.16228870189	-10.2408043222	-0.00156599272529	-0.00058415772374	0.0002358762342	0.935494952905	0.353339491442
2.14923952949	-10.2291109814	-0.0015658826734	-0.000580106065043	0.000241807204265	0.932373580293	0.361495659417
2.1356695406	-10.2165037849	-0.00156581603007	-0.000588955949122	0.000215685794678	0.928986306343	0.370113562624
2.12591590398	-10.2071464494	-0.00156574810841	-0.000601103737122	0.00018327851276	0.926461932119	0.376387955995
2.11170092052	-10.1930438217	-0.00156574022786	-0.000619358331756	0.000136708343443	0.92267961963	0.38556700744
2.10330565292	-10.184451673	-0.00156495944339	-0.000611850968314	0.000133105731685	0.920551661035	0.3906203365
2.09294252873	-10.1735900039	-0.00156563717483	-0.000587852717004	0.00017831846155	0.91801492174	0.396545364484
2.07967897596	-10.1592737751	-0.00156473956576	-0.000565654456918	0.000260335163071	0.914708327479	0.404114201558
2.06830882409	-10.1466121637	-0.00156715822944	-0.000555145657577	0.000324970296106	0.911701034352	0.410853757643
2.05908844988	-10.1360518174	-0.00156743206879	-0.000573099843131	0.000335563754561	0.908929103607	0.416950169168
2.04552922035	-10.1199711068	-0.00156811778497	-0.000598216119456	0.00026392396732	0.904536568055	0.426395555246
2.03699284401	-10.1094879147	-0.00156735970573	-0.000605881044869	0.000208163806359	0.901657062652	0.43245130471
2.02399905127	-10.0929602448	-0.00156543623186	-0.000619994712955	0.000126687637585	0.897107455272	0.441811965946
2.01643077208	-10.0829967777	-0.00156630141156	-0.000628816886624	0.000105382997447	0.894351856809	0.447363777821
2.00399548438	-10.0660481785	-0.00156672676359	-0.000640978539481	0.000124482277635	0.889647030279	0.45664837147
1.99790969604	-10.0574757123	-0.0015674685734	-0.000639314505973	0.00015392879988	0.887258579357	0.461271916487
1.98656441587	-10.0409710361	-0.00156837522707	-0.000614286063485	0.000229280354932	0.882640802985	0.470047639063
1.97909216755	-10.0297038251	-0.00156854304575	-0.00058755578863	0.000277772212346	0.879469056746	0.475955623822
1.96963272491	-10.0149518579	-0.00156824146849	-0.000553440939733	0.000323505604165	0.875296119156	0.483586903088
1.96043240411	-10.0000395338	-0.00156824618453	-0.000535729479816	0.000340465008186	0.871056499231	0.491182422554
1.95300710946	-9.98756474329	-0.0015684922778	-0.00053964709743	0.000331663100394	0.867489494542	0.49745509912
1.9423300476	-9.96887297339	-0.00156887654094	-0.000569231604763	0.000289456927231	0.862113159914	0.506715395161
1.93322855288	-9.95216675795	-0.00156940810489	-0.000599933995265	0.000242739011509	0.857316775879	0.514788817822
1.92833196676	-9.94286388993	-0.00156884565282	-0.000599618692964	0.000230114267898	0.854820915332	0.518922720852
1.92352339551	-9.93351784124	-0.00156897068361	-0.000578959264938	0.000244406259799	0.85250652324	0.522716206852
1.91349290675	-9.91335755931	-0.00156840448556	-0.000523966370298	0.000338113156796	0.84770065194	0.5304745195
1.90573316706	-9.89709701652	-0.0015705974297	-0.000495949783821	0.000414458998573	0.843741260653	0.536749725039
1.89740718013	-9.87888111976	-0.00157161364789	-0.000523876642114	0.000432958231209	0.838677927362	0.544627278288
1.89337508158	-9.86971002196	-0.00157157713373	-0.000547160867739	0.00039833450684	0.835989390686	0.548745187318
1.88482635131	-9.84939853955	-0.00157204113737	-0.000585698980886	0.0002941934	0.829928822132	0.557868909872
1.8799865175	-9.83731349258	-0.00156978774024	-0.000605446824202	0.00022867647443	0.826295082367	0.563237088621
1.8726766889	-9.81813661731	-0.00157077545805	-0.000627871571405	0.000171083382321	0.820495019229	0.571653303959
1.86707526287	-9.80259924952	-0.00157016265126	-0.000617551534392	0.000193979364635	0.81606143094	0.57796481029
1.86154107479	-9.78650982475	-0.00157154774182	-0.00054576349196	0.000306555296418	0.812080946336	0.583544466827
1.85869648869	-9.77796393671	-0.00157146081376	-0.000487071394701	0.000395383203547	0.810190960578	0.586165688036
1.85242019486	-9.75842881005	-0.00157305696526	-0.000377163729685	0.000587911163524	0.80576648847	0.592232959372
1.84730803111	-9.74166531415	-0.00157452353973	-0.000370814469508	0.00064035184294	0.801264644498	0.598309637164
1.84327424739	-9.72770883447	-0.0015753121351	-0.000425729378909	0.000576850146975	0.797037772468	0.60392903164
1.83741123418	-9.70594368744	-0.00157377248819	-0.000541910155291	0.000361139208144	0.790256625599	0.612775686208
1.83401004231	-9.69234323941	-0.00157195588126	-0.000614545184385	0.000219868663352	0.785989701558	0.618239244174
1.83124623342	-9.68065239886	-0.0015713563453	-0.000668396837504	0.000127568013557	0.782304216171	0.622896179417
1.82613764807	-9.65717817559	-0.00157254651262	-0.000721358264448	8.83408445998e-05	0.774853630483	0.632140271747
1.82398272477	-9.646377052	-0.00157321554999	-0.000710340223076	0.00013340504197	0.771403973305	0.636345336739
1.81977290047	-9.62321882021	-0.00157509856517	-0.000606344335982	0.000307721529688	0.763955980897	0.645268003938
1.81744406461	-9.60888056008	-0.00157511597639	-0.000509551239444	0.000424888630461	0.759306258931	0.650733098109
1.81477180042	-9.59054257665	-0.00157467512299	-0.000397202848836	0.000535841994826	0.753313445483	0.65766131706
1.81279153308	-9.57514580348	-0.00157430764534	-0.00034619201943	0.000574596922783	0.748241479978	0.663426135776
1.81063546167	-9.55573834674	-0.00157412473161	-0.000360679021875	0.000546339390082	0.741798270107	0.670622768694
1.80953922487	-9.54427491188	-0.00157414191471	-0.000405589578894	0.000496122312737	0.737966879015	0.674836628256
1.80794321034	-9.52431046369	-0.00157434046216	-0.000516244824119	0.000377906008835	0.731250187482	0.682109048457
1.80729294798	-9.51431708619	-0.00157429768004	-0.000569584746292	0.000319452249001	0.72791832465	0.685663537139
1.80642985014	-9.49781729351	-0.0015742904431	-0.000620048645463	0.000256097282185	0.722559800396	0.691308096875
1.80579376634	-9.48030643157	-0.00157361428743	-0.000628046514475	0.000249852855803	0.716878902642	0.697197376701
1.80538262015	-9.4572830412	-0.00157422989378	-0.000531322852529	0.000342979775233	0.709958327019	0.704243405334
1.80534730798	-9.44276855696	-0.00157445922402	-0.000425638976746	0.000462148026791	0.705867786089	0.708343330464
1.80542619213	-9.43225719373	-0.00157376276313	-0.000355290393867	0.000543733077325	0.702911563035	0.71127695919
1.80585886736	-9.41073513927	-0.00157586704067	-0.000241952389202	0.000665301046697	0.697001309457	0.717069503918
1.80645756956	-9.39322743989	-0.00157515053859	-0.000169970882951	0.000717272338573	0.692803913524	0.721125643724
1.80707842513	-9.3792291799	-0.00157431722291	-0.000161822383888	0.00071713609758	0.689557722102	0.724230355218
1.80788026285	-9.36423895278	-0.00157414979308	-0.000195575962642	0.000671493722721	0.686286924823	0.727330576604
1.80914034592	-9.34426943467	-0.00157492016248	-0.000244250945517	0.000611783041458	0.68263407551	0.730760073496
1.81036161925	-9.32730586899	-0.00157332673353	-0.00030519854255	0.000568899484333	0.679694007578	0.733495493695
1.81201185508	-9.30686063526	-0.00157537788027	-0.000345945404793	0.00053678044852	0.676483819185	0.736457218425
1.81291975925	-9.29639585886	-0.00157510043399	-0.000321415401789	0.000552786157681	0.675262091789	0.73757758813
1.81477945184	-9.27597616983	-0.00157406567285	-0.000221334368965	0.000639747436343	0.673323968496	0.739347262918
1.81629951392	-9.26004649209	-0.00157435182832	-0.000123736293388	0.000723592953476	0.672171221728	0.740395373961
1.81781315512	-9.2446200935	-0.00157593105203	-3.28554606065e-05	0.000816336915971	0.671250146134	0.741230445833
1.8195157939	-9.22770256676	-0.0015747755998	1.57502660882e-05	0.000876313815227	0.670274374536	0.742112858443
1.82069236761	-9.21625935188	-0.00157612864826	1.88423578437e-05	0.000881830962762	0.669669722048	0.742658525428
1.82302823409	-9.19387947553	-0.00157513074631	1.50798368673e-05	0.00085124202346	0.669347680757	0.742948825576
1.82510259691	-9.17399217312	-0.00157399543574	-2.73497897048e-05	0.000807538919537	0.669462407406	0.742845496859
1.82655256249	-9.16006981619	-0.00157497791571	-8.65548785958e-05	0.000764691421447	0.669457104291	0.742850316867
1.82810706992	-9.14515128088	-0.001575951565	-0.000147906605311	0.000725200622909	0.669430828626	0.742874025587
1.83002613683	-9.12674888746	-0.00157533771176	-0.000197882956344	0.000691753367957	0.669404848108	0.742897457021
1.83168408928	-9.11083354437	-0.00157510774662	-0.00018727758317	0.000684958617953	0.669685823077	0.7426441908
1.8334172437	-9.09392821497	-0.00157462107649	-8.92351435349e-05	0.000739589501588	0.670763769581	0.74167068869
1.83527146862	-9.07503577648	-0.00157303631704	8.68931060748e-05	0.000876952118305	0.673012302178	0.739630762288
1.83655035295	-9.06111094043	-0.00157403370774	0.000231397244641	0.00100956523262	0.675365887352	0.737482098383
1.83769011254	-9.04767638061	-0.00157488748849	0.000356383288928	0.00114140643558	0.678092567855	0.734975536737
1.8391181246	-9.02874962653	-0.00157576411817	0.000434287844887	0.00126237881315	0.682091027348	0.731266058426
1.84036468868	-9.0093027502	-0.00157710828924	0.000393109082239	0.00124926090207	0.686416512337	0.727207436983
1.84085767318	-9.00032320714	-0.00157673151928	0.000358310167872	0.00120988447066	0.688714033793	0.725031990639
1.84176513047	-8.97936743518	-0.00157393390571	0.000272807259891	0.00109910303471	0.69497460715	0.719033387935
1.84200980311	-8.97138366791	-0.00157341009197	0.000246109612025	0.0010643513283	0.697668221307	0.716420169708
1.84233425973	-8.95341818978	-0.00157387621697	0.000198251168527	0.00103123790927	0.703958668776	0.710240163537
1.84227012079	-8.92945425175	-0.00157492235222	0.000156728022289	0.00105533244694	0.71234475041	0.701828909544
1.84179907169	-8.90998115977	-0.00157594629302	0.000173570387784	0.00110474511103	0.719083360245	0.694922924093
1.84122913706	-8.89600687626	-0.00157525449311	0.000207675278937	0.00113765026949	0.723881177083	0.689923694395
1.8403089449	-8.87955203959	-0.00157468891586	0.000253264832894	0.0011683920553	0.729487437844	0.683993164253
1.8390834922	-8.86261935933	-0.00157442773613	0.000265841335994	0.00118431924415	0.73494360964	0.678127139529
1.83690666019	-8.83874856268	-0.00157493332164	0.000202446526477	0.00114547025928	0.742192277059	0.670185997159
1.83638865541	-8.83378125841	-0.00157528632996	0.00018532710388	0.00113436539734	0.743683772728	0.668530571515
1.83359721091	-8.80996895561	-0.00157472071935	8.75914947297e-05	0.00106350289633	0.750511784325	0.660856204388
1.83175340071	-8.79610098282	-0.00157487256621	1.46663806217e-05	0.000997343815451	0.754033413965	0.65683530334
1.82909435839	-8.77780639883	-0.00157519031022	-4.22582217138e-05	0.000924148076958	0.758531722386	0.651635458134
1.82611172948	-8.75905677048	-0.00157348508016	-7.82110184562e-05	0.000884985993789	0.762693238911	0.646759796217
1.8237652649	-8.74526566715	-0.00157366333373	-7.77317653629e-05	0.000874357500946	0.76563118708	0.643279188866
1.82219098376	-8.73641249213	-0.00157473334381	-6.3046346465e-05	0.000889014510743	0.767501716848	0.641046270026
1.8180366041	-8.71431881204	-0.00157340322404	-2.83690273886e-05	0.00095430776562	0.771744912131	0.635931505032
1.81619943965	-8.70500353276	-0.00157377536665	-2.79633839947e-05	0.000968155236112	0.773286096472	0.634056523424
1.81136164529	-8.68150825619	-0.00157516969009	-1.8443856297e-05	0.000984727877313	0.777044303468	0.629445136941
1.8072334259	-8.66245892335	-0.00157369579188	-4.87721763668e-05	0.000957826990481	0.779632618659	0.626236425091
1.80417995913	-8.64880062886	-0.00157376433461	-8.90240533121e-05	0.000901597137962	0.781265284114	0.624198474074
1.7999237715	-8.63029223414	-0.001574119202	-0.000136415161588	0.000837053447546	0.783421019823	0.621490777431
1.79566431526	-8.61229608805	-0.00157309622203	-0.000197257646348	0.000778987203531	0.785086387253	0.619385759296
1.7932082079	-8.60208916334	-0.00157336829018	-0.000229036309972	0.000742762285333	0.785869028494	0.61839248532
1.78846123665	-8.58266429604	-0.00157452727652	-0.000248720114451	0.000716438184288	0.787258667983	0.616622424617
1.78641881029	-8.57441448091	-0.00157384958592	-0.000253286078482	0.000717287023235	0.787683639783	0.616079463189
1.78060403458	-8.55112886582	-0.00157384069082	-0.000251332212497	0.000713227452192	0.78853392007	0.614990800775
1.77644972685	-8.53464635853	-0.00157405572537	-0.000219910113971	0.000743729911423	0.789083202764	0.614285843579
1.77362326861	-8.52350098584	-0.00157240749305	-0.000199184079371	0.000768097423773	0.789403298889	0.613874418798
1.76782304201	-8.50072916625	-0.00157374895737	-0.000188429109819	0.000790644210549	0.789697779349	0.61349552294
1.76349167201	-8.48377380385	-0.00157410375509	-0.000191179230538	0.000791825400218	0.789866300597	0.613278536755
1.76126023891	-8.47505474445	-0.00157353034458	-0.000196190169359	0.000786279764294	0.789954446956	0.613164998193
1.75579536018	-8.45374416484	-0.00157358120415	-0.000212233811187	0.000756953202456	0.790170452916	0.612886643122
1.75368005529	-8.44551213839	-0.00157378388418	-0.000219090567381	0.000745292589963	0.790253086399	0.612780104095
1.74730547096	-8.42072899213	-0.0015895438438	-0.000666748038847	0.0010057744825	0.790003611165	0.613101001639
1.74463345046	-8.41027095481	-0.0016160118638	-0.00105620260763	0.00121958597784	0.789372920964	0.61391187372
1.74000661136	-8.39185404167	-0.0016325932329	-0.00138127118683	0.00128325174211	0.787407026874	0.616430547089
1.73712996709	-8.38009237587	-0.00161504794538	-0.00119137435131	0.00104154923491	0.785593484482	0.618740957867
1.73439236887	-8.36855791988	-0.00159430892511	-0.000916357693146	0.000773801516195	0.783144157965	0.621839038149
1.73182677189	-8.35726802263	-0.00158833644546	-0.000752915834136	0.000609042260961	0.779458100796	0.626453614634
1.73003586397	-8.34892415586	-0.00158184927112	-0.000682440924943	0.000510486185858	0.775786680929	0.630994690446
1.7283002305	-8.340305889	-0.00157585545644	-0.000549532321594	0.00038296830122	0.771471956139	0.636262974124
1.72631173618	-8.3295589066	-0.00156476852822	-0.000393568194825	0.000302661677669	0.765850272186	0.643018750965
1.72482180176	-8.32069415532	-0.00156975993968	-0.000501163447797	0.000480349437934	0.760894424136	0.648875329642
1.72339758168	-8.31131225005	-0.00158776058064	-0.00059343513688	0.000678103620274	0.755538267485	0.655103895864
1.72158307486	-8.29747424643	-0.00157919499487	-0.000434644841396	0.000721999258756	0.747571092403	0.664181264118
1.72043350693	-8.28697373704	-0.00157096412754	-0.000259400019602	0.000653422627693	0.741423299673	0.671037254146
1.720013188	-8.28260926507	-0.00156873738381	-0.000205505038299	0.000618728926427	0.738843489451	0.673876749144
1.7189359835	-8.2692585991	-0.00156588969319	-0.000206288982253	0.000567076467993	0.730857126511	0.682530216546
1.71833259931	-8.25915443888	-0.00157956080242	-0.000470404742663	0.000696190774668	0.724523063262	0.689250045222
1.71811244087	-8.2543839452	-0.00158647911643	-0.000552230134119	0.000713345969404	0.72151282474	0.692400483763
1.71769347479	-8.23949686272	-0.00157542301702	-0.000495849908742	0.000538882929432	0.712042542215	0.702135942545
1.71763785628	-8.23236337991	-0.00156774245689	-0.000444616813612	0.000486267070967	0.707320413896	0.706892776838
1.71769377117	-8.22429246554	-0.00157868941078	-0.000529740359101	0.000617540573362	0.70161410144	0.712556657874
1.71785568971	-8.21702490368	-0.00158196170456	-0.000502289843152	0.000675121540353	0.696416784206	0.717637063279
1.71828396192	-8.20636037134	-0.00157044814502	-0.00028665903851	0.000626222131606	0.688823828556	0.724928450873
1.71854208541	-8.20169688918	-0.00156705814045	-0.00018941425694	0.00059716402475	0.685476329249	0.728094643269
1.71924658253	-8.19163036384	-0.00156311088668	-8.4426495218e-05	0.000586465421882	0.678169610874	0.734905182876
1.72038363642	-8.17928674762	-0.00156464174446	-7.73376355323e-05	0.000559809093447	0.669302762258	0.742989564574
1.72105752469	-8.17315935391	-0.00156143420853	-0.000124139323608	0.000549248725915	0.664943511715	0.746893438948
1.72240420648	-8.16248393372	-0.00157047392051	-0.000279628587172	0.000568088551568	0.657312481093	0.753617874843
1.72349540788	-8.15489517413	-0.00156996948814	-0.000337594167918	0.000526068423095	0.651915882064	0.758291033835
1.72496867322	-8.14568432521	-0.00156873083507	-0.000376538610912	0.000486207978406	0.645315104003	0.763916250885
1.72660191143	-8.13650086043	-0.00156896097973	-0.000378090112722	0.000479468493715	0.638667952411	0.769482211439
1.72857383337	-8.12647384771	-0.00156814640221	-0.000313226636523	0.000481149063061	0.631374013716	0.775478255781
1.72984187188	-8.12050313664	-0.0015655085688	-0.000263055479704	0.000498336555674	0.627006473468	0.779013841143
1.73225488052	-8.10995253615	-0.00156748525265	-0.000204192527779	0.000579954517828	0.619213561746	0.785222380545
1.73593438624	-8.09542769339	-0.00155747953042	-2.67329419054e-05	0.000496797742306	0.608778874895	0.793339797287
1.73707432284	-8.09122747597	-0.00155771798147	-2.69032888651e-05	0.000507296342733	0.605750401723	0.795654568729
1.74027482683	-8.08005322983	-0.00156742608837	-0.000146449994755	0.000610717817495	0.597637282029	0.801766352939
1.74309148619	-8.07086334118	-0.00157317192904	-0.000283463343085	0.00068867574242	0.590867348412	0.806768381851
1.7458825474	-8.06226054576	-0.00157498750561	-0.000357730438514	0.000677837016509	0.584446836187	0.811431641136
1.74881205989	-8.05369687838	-0.00157132784807	-0.00035066810742	0.000587312525199	0.577990726691	0.816043045406
1.75258414879	-8.04327110132	-0.0015590071941	-0.000192060288142	0.000340119951271	0.570275648619	0.821453304835
1.75699829218	-8.03178976192	-0.00155682600247	-0.000149058336702	0.000332355374195	0.561668633063	0.827362202397
1.75946862637	-8.02566025666	-0.00156255074709	-0.000194395523213	0.000447309009551	0.557026575792	0.830494524959
1.76306704085	-8.01706708971	-0.00157099740728	-0.000282481295336	0.00065759111013	0.5504351956	0.834877585771
1.76766932157	-8.0065970773	-0.00157820307702	-0.00031281666973	0.000798032588136	0.542279364934	0.840197807458
1.77223217527	-7.99672807666	-0.00157288535122	-0.000210034073537	0.000714976070484	0.534509581207	0.845162086403
1.77764505061	-7.98559873441	-0.00155400859555	5.78242298271e-06	0.000412996111872	0.525862149469	0.850569708581
1.78014956854	-7.98063674551	-0.00155107640209	3.04618294745e-05	0.000364385759156	0.521951317849	0.852975197817
1.7858792868	-7.96969052647	-0.00156065401866	-9.17343191452e-05	0.000478156339999	0.513223551601	0.858254827562
1.79180816365	-7.9588981511	-0.00156993745945	-0.000225846014158	0.000575892882558	0.504673690873	0.86330995771
1.79577572464	-7.9519458238	-0.00156624835611	-0.000270841182727	0.000582313914174	0.499172691131	0.866502286197
1.80216932412	-7.94115456837	-0.00156912268343	-0.000282337996769	0.00054718641331	0.490536629822	0.871420355325
1.80800321389	-7.93171444193	-0.00155539806691	-0.000134985596871	0.000291367962662	0.48309345897	0.875568733329
1.81402635219	-7.92233007922	-0.00154953176504	-8.84706721346e-05	0.000255269700219	0.475586748559	0.879668785171
1.82079379518	-7.91218984368	-0.00156234169837	-0.000175936699217	0.000483501784607	0.467365804681	0.884063877719
1.82626362568	-7.90427955707	-0.0015703843381	-0.000233316447365	0.00064822894761	0.461008231017	0.887395591773
1.83288528721	-7.89501444674	-0.00157369637133	-0.000250196482282	0.00075012017367	0.453514139334	0.891248730796
1.84032420594	-7.88498428457	-0.00157146615102	-0.000185410167435	0.000678090009425	0.445318903076	0.895371755407
1.84685851946	-7.87647880248	-0.00155702878554	-3.78039607639e-05	0.000404884896882	0.438472043395	0.89874473673
1.8517320132	-7.87030580241	-0.00154746660226	7.0902428877e-06	0.00030831129373	0.433430760587	0.901186817852
1.86237362651	-7.85730303305	-0.00156022854583	-0.000119800241671	0.000473201660678	0.422619023192	0.906307300514
1.87018351806	-7.84814649712	-0.00156909321145	-0.000224231777699	0.000592812857008	0.41497863159	0.909830936832
1.87747120384	-7.8398746028	-0.00156862088859	-0.000283571242181	0.000643340809928	0.408007575428	0.912978271424
1.88364640584	-7.83306082007	-0.00157062159128	-0.000298520885951	0.00064306036021	0.402183479364	0.915558816399
1.89510384943	-7.82086557048	-0.00156180990883	-0.000216392549085	0.000492839105406	0.391639367594	0.920118642369
1.90263933253	-7.81314329429	-0.00155983591014	-0.000170153984916	0.00046350206775	0.384807202717	0.922996843413
1.91455816357	-7.80138304681	-0.00156454510287	-0.000153453266922	0.000570442859633	0.374164074663	0.92736233279
1.92256938282	-7.79377525316	-0.00157088323352	-0.000187687114956	0.000738608074689	0.367026153568	0.930210310536
1.93013661081	-7.7867996358	-0.0015777876915	-0.000198294917561	0.000818192633765	0.36034387928	0.932819157128
1.94161479585	-7.77659311796	-0.00157098861324	-0.000162807741489	0.000764709384252	0.350292600738	0.936639996253
1.94873686614	-7.77047963058	-0.00157166522927	-0.00014108942561	0.000708264635292	0.344058134495	0.938948070206
1.95815194714	-7.76264589467	-0.00156525446915	-0.000110358049322	0.000600782573005	0.335881430696	0.941904077597
1.96627501193	-7.75610611397	-0.00156323658706	-0.000102356397612	0.000543848502655	0.328881931179	0.94437088535
1.97546335581	-7.74894504537	-0.00156619929656	-0.00016200550028	0.000669840159513	0.320892562092	0.947115351297
1.98300114259	-7.74325420526	-0.00157856731684	-0.000210504927918	0.000786963931581	0.314343227832	0.949309049515
1.99738913337	-7.73283487273	-0.00157271701461	-0.000192024734587	0.000779539063379	0.301953373715	0.953322356576
2.00386251732	-7.72833223289	-0.00157458516753	-0.000159611492306	0.000747621227261	0.296370165957	0.955072845555
2.01322156003	-7.72201850534	-0.00156835721815	-8.78144054934e-05	0.000645404907314	0.28834277848	0.957527032433
2.02094027271	-7.71698145512	-0.00156466137223	-3.44769837224e-05	0.000576304356224	0.28175301135	0.959486793698
2.03132481271	-7.71043984347	-0.00156420550787	-3.04494886922e-06	0.00056666401258	0.272942561505	0.962030164289
2.04447974781	-7.70252675547	-0.00156918279483	-2.64747480851e-05	0.000652456563143	0.261898379154	0.965095234988
2.05544854863	-7.69623614857	-0.00157208876543	-6.31722173229e-05	0.000705720524851	0.252796643605	0.967519175495
2.06353232618	-7.69177351365	-0.00157228196702	-8.25481341424e-05	0.000700443681539	0.246143726175	0.969233082715
2.07031281273	-7.68813870235	-0.00157106374693	-0.000111744081501	0.00077593801251	0.240608499574	0.970621932251
2.08300225949	-7.68159932375	-0.00160660234778	-0.000197013594711	0.00145789794815	0.230729361509	0.973016853635
2.09092042024	-7.67767638343	-0.00162376560223	-0.000129196754317	0.00184693657695	0.225123321525	0.974328518642
2.09676691146	-7.67485115246	-0.0016246710362	3.9813803325e-05	0.00187190015471	0.221278309989	0.975208902714
2.1042681725	-7.671307945	-0.00160342524688	0.000377567372931	0.00156529986933	0.216756542165	0.976224363918
2.10900763381	-7.66911094861	-0.00159206304326	0.000581039951687	0.00137467588245	0.214386973173	0.976747663623
2.11268806222	-7.66742120847	-0.00159296627214	0.000663893061896	0.00138771482139	0.213143004818	0.977019801739
2.11579757519	-7.66599812987	-0.00160100856637	0.000622885472318	0.00153608381859	0.21286593729	0.977080009622
2.11787889312	-7.6650458414	-0.00160926661608	0.000516179167881	0.0016032595644	0.213578421908	0.976924470373
2.11952246421	-7.66428867292	-0.00160030825511	0.000463388447543	0.00129680938381	0.214929851835	0.97662851809
2.1221674021	-7.66305278142	-0.00155420147862	0.000411226753973	0.000457008781412	0.218686425565	0.975794993484
2.12305116573	-7.66263332313	-0.00154809846939	0.000361364125479	0.000295018762569	0.220472555117	0.97539306683
2.12533477597	-7.66152673952	-0.00155549413788	0.000216363164677	0.000378718381671	0.226424005217	0.974028736548
2.12710533225	-7.6606435966	-0.0015700952278	0.000146963003106	0.000715082401866	0.231414512964	0.972854968764
2.12905898272	-7.65964767083	-0.00157974232436	0.000174294881824	0.000838938429674	0.236556090747	0.971617456479
2.13197786202	-7.65811160384	-0.00155159381501	0.000452277188789	0.000300065299237	0.243103011957	0.970000325249
2.13560217318	-7.65613060593	-0.00154267351933	0.000735972460763	7.8709931729e-05	0.252378646137	0.967628271147
2.13725560599	-7.65519459473	-0.00154609304408	0.000823697263922	7.51907537562e-05	0.256456061124	0.966555536212
2.14035012083	-7.65339380481	-0.00154612905043	0.000857690871246	0.000366826414837	0.26400709472	0.964520286848
2.14380117229	-7.65130926283	-0.00157133754818	0.00072118774964	0.000871204767202	0.272320822474	0.962205846239
2.14741294733	-7.6490444341	-0.00158240977571	0.000539276654642	0.00105628474737	0.280615256985	0.959819603358
2.15175447946	-7.64620940803	-0.00155885840117	0.00047718531416	0.000494387295794	0.289111356811	0.957295226792
2.15776346904	-7.64210514048	-0.0015467241845	0.000306172194158	0.000103382325031	0.300745101229	0.953704503322
2.16011626743	-7.64043880686	-0.00154948125448	0.00024586499757	0.000124468789376	0.305150240334	0.952304181909
2.1645823856	-7.637188734	-0.00155692427343	0.000146503231511	0.000461226379983	0.313473415664	0.949596853132
2.16999509667	-7.63309144813	-0.00157808408851	0.000146869700082	0.000937939242816	0.323502228927	0.946226931861
2.17541581167	-7.62880900989	-0.0015796973548	0.000365415827796	0.000905707243369	0.333210390947	0.942851993438
2.17793347219	-7.62675725007	-0.00156591682835	0.000510486699307	0.000721369639697	0.337539769324	0.941310853626
2.1834342926	-7.62213760811	-0.00155294164188	0.000715405052844	0.000464576535474	0.347128545756	0.937817170394
2.18780337644	-7.61833018898	-0.00154945893419	0.000797128843447	0.000304758428103	0.354377060202	0.935102224845
2.19366180135	-7.61303531101	-0.00155337570841	0.000665485212542	0.000533363662966	0.364029405769	0.931387064752
2.19964602716	-7.60739702871	-0.00157593803066	0.000377303381102	0.000967210602015	0.373901363423	0.927467893017
2.20114867774	-7.60594430481	-0.00157979561163	0.000330514549126	0.000995682618349	0.376286408657	0.9265027998
2.20917262423	-7.59793915161	-0.00154866193613	0.000415364475612	0.000382636123524	0.387888029214	0.921706329508
2.21478565004	-7.59209781318	-0.00154338179935	0.000434757394565	0.000212771107027	0.395879118771	0.9183025041
2.2194744947	-7.58706250379	-0.00155023197559	0.000402167588878	0.000334450758189	0.402417736558	0.91545600206
2.22513507744	-7.58079059955	-0.00156506145769	0.000316093706783	0.000752990463625	0.410322125851	0.911940286492
2.22828056892	-7.57721075391	-0.00157735026823	0.000286664313984	0.000984648854312	0.414730717171	0.909943613926
2.23714705546	-7.56673869331	-0.00157526779252	0.000526259312488	0.000855607302556	0.426750117382	0.904369022193
2.24295857906	-7.5595708048	-0.00153461313183	0.00089717432871	0.000185387723609	0.433858574137	0.90098052052
2.24911249476	-7.55172849482	-0.00151104489358	0.00113898336354	-0.00028476888497	0.44091310482	0.897549026862
2.25473969903	-7.54433654621	-0.00151405573474	0.00112919179211	-0.000267847129086	0.447001548861	0.894532430099
2.26377972933	-7.53203062534	-0.00154468890975	0.00071468555841	0.00056224409353	0.456428722161	0.88975951509
2.27106946198	-7.52170519832	-0.00159515539886	0.000276155930431	0.00142531799714	0.464055936412	0.885804707646
2.2785915979	-7.51064726862	-0.00160877855837	0.000174165255627	0.00159437371067	0.471916943056	0.88164155216
2.28455728971	-7.50156670621	-0.00157936900947	0.000349957147675	0.00120212773698	0.47819202354	0.878254417035
2.29219972851	-7.48949611904	-0.00155209882149	0.000607503894359	0.000599388923695	0.486446272695	0.87371007517
2.29595926709	-7.48336883827	-0.00154282889143	0.000742394044159	0.000298416399666	0.490457719697	0.871464620618
2.30614298684	-7.46613136876	-0.00151444917709	0.000966339331221	-0.000128727816659	0.500862295146	0.865526435713
2.31177304929	-7.45618859775	-0.00152865203001	0.000794913787021	0.000249000415531	0.506587161986	0.862188351477
2.31920168851	-7.44258916019	-0.0015787213602	0.000369871561466	0.00116969182474	0.514260023478	0.857633443418
2.32645378152	-7.42873653852	-0.00161253266716	0.000138197912218	0.00177044621265	0.521886437845	0.853013125582
2.3336930983	-7.41427438632	-0.00159959604185	0.000312145430853	0.00160452569266	0.529705744863	0.848179905398
2.33859288746	-7.40408914809	-0.00157260326605	0.000595282056582	0.00113585269506	0.535150819987	0.844755559523
2.34663693177	-7.38657915104	-0.00154142534763	0.000841282039754	0.000566622117912	0.544456663491	0.838788359936
2.35306719727	-7.37179520638	-0.00155054659139	0.000661494459784	0.000632551229908	0.552162048636	0.833736309843
2.35819065896	-7.35947124058	-0.0015620278235	0.000462619978733	0.000789362545979	0.558235370046	0.829682128601
2.36451383278	-7.34352090248	-0.0015780721278	0.000211322429455	0.00107827129117	0.565927303341	0.824454413541
2.36912401093	-7.3313153701	-0.00158628873064	0.000141416663234	0.0011986799628	0.571724615086	0.820444701167
2.37506076428	-7.31478441094	-0.00157325577398	0.000336799547106	0.00102146728658	0.579347045377	0.815080268552
2.380832737	-7.29770042753	-0.00156089721236	0.000540649368704	0.000881495834827	0.587111649838	0.809505306523
2.38615965009	-7.28089177103	-0.00156346404365	0.000613530761447	0.000905365634868	0.594595382855	0.804024337057
2.39003792331	-7.26793146481	-0.00156197606664	0.000609544797615	0.000967332908385	0.600194926206	0.799852951035
2.3930929183	-7.25722654937	-0.00156767933886	0.00054082998182	0.0010760448515	0.604770865856	0.796398612155
2.39813504529	-7.23844309168	-0.00157975511484	0.000402099991986	0.00121942620158	0.612695382062	0.79031811324
2.40221635382	-7.22203491685	-0.00157154372277	0.000448257649663	0.00107669624748	0.619412146899	0.785065113264
2.4055857539	-7.2074888882	-0.00156543201794	0.000452259067446	0.00098204974771	0.625304488288	0.780380117614
2.41022191479	-7.18561412384	-0.00157029161748	0.000336462282251	0.00101050908116	0.634054966897	0.773287245865
2.41267364284	-7.17294486028	-0.00157671202827	0.000246667272659	0.00108511481875	0.639035422817	0.769176501244
2.41462291289	-7.16218845168	-0.00157977348185	0.000203155175638	0.00113044764696	0.643226887102	0.765674769419
2.41846945585	-7.13863866231	-0.00157803191289	0.000243701851924	0.00113097140836	0.652305472855	0.757955296569
2.41969604358	-7.13028294099	-0.00157587228719	0.000286183917821	0.00111054252693	0.655497668633	0.75519632627
2.42259852139	-7.10814275445	-0.00157115784098	0.000381707467477	0.00107811393322	0.66388591735	0.747832989854
2.42404857817	-7.09533433938	-0.00157130698463	0.000393886854713	0.00109554292971	0.668691365494	0.743539173382
2.42616648595	-7.07323680869	-0.001578828418	0.000273649650542	0.00118987056256	0.676354985983	0.736574804253
2.42734038733	-7.05847163913	-0.00158030012709	0.000164414644184	0.00116304583904	0.68072270334	0.732540252444
2.42852664311	-7.04069741256	-0.00157930922192	0.000103948960055	0.00102187342943	0.685698982112	0.727884503819
2.42936712033	-7.02525076416	-0.00156983425129	0.000115850298586	0.000837157947872	0.689519577255	0.724266551987
2.43003495421	-7.01030425418	-0.00156651952401	6.02890729913e-05	0.000728579475159	0.692793854181	0.721135314034
2.43069167522	-6.99136223633	-0.00157366144175	-4.00808822815e-05	0.00075622251957	0.696817100494	0.71724846112
2.43097642829	-6.98037953374	-0.00157566783023	-8.33649364615e-05	0.000827900890506	0.699045641342	0.715076568593
2.4312898583	-6.96338018369	-0.0015796738045	-0.000102663396456	0.000925647249858	0.702160278192	0.71201831182
2.43147801777	-6.94236778814	-0.0015796304608	5.42495986727e-06	0.000985723878012	0.705834067087	0.708376522803
2.43148973301	-6.92936752855	-0.00157620247917	7.80714023222e-05	0.000989473369906	0.707735629734	0.706476675661
2.43137424834	-6.90738156157	-0.00157371301079	9.18902807067e-05	0.000926971498661	0.710116813932	0.704083264147
2.4312031486	-6.89139843252	-0.00157513658284	3.52179376173e-05	0.000882191815537	0.71164443739	0.702539262411
2.43096807105	-6.87540962304	-0.00157521415817	-7.6478066711e-05	0.000834131466716	0.712823767899	0.701342693905
2.43066458787	-6.85841173977	-0.00157762487975	-0.000183186466792	0.000763789685241	0.713954697778	0.700191454239
2.43026190855	-6.83941220015	-0.00157724453257	-0.000234161564791	0.000709654061322	0.715110858642	0.699010659012
2.43005119113	-6.830412815	-0.00157607385323	-0.000244623956335	0.000689717066959	0.715495554065	0.698616902574
2.42956600178	-6.81091857214	-0.00157563597857	-0.000220366910545	0.000670020827192	0.716225334562	0.697868735968
2.42905567443	-6.79193236878	-0.00157483578584	-0.000155733710789	0.000720693497105	0.716907550266	0.697167856917
2.42860102887	-6.77594359564	-0.00157524584786	-0.000114715517471	0.000784042476097	0.717183644236	0.696883772632
2.42810545354	-6.75844733047	-0.00157710762295	-0.000127434419002	0.000815807113693	0.716713427617	0.697367321354
2.42769747167	-6.74294256314	-0.00157768727947	-0.000171173464806	0.000786426599916	0.715897836017	0.698204583643
2.42735986003	-6.7289377842	-0.00157728348296	-0.000197740073321	0.000737699471821	0.715214627652	0.698904466355
2.42694412975	-6.70993631873	-0.00157468793353	-0.000225070416697	0.000666470650077	0.714321303193	0.699817534051
2.42658654607	-6.69144038886	-0.00157492000396	-0.000244982010023	0.000621228301459	0.713456412953	0.700699294188
2.42640280313	-6.68094403863	-0.00157463874942	-0.000244815658332	0.000621957162098	0.713103441649	0.701058510214
2.42608381025	-6.66195271512	-0.00157488643127	-0.000182840755051	0.000687562225645	0.713190294106	0.700970112216
2.4256829487	-6.64046749561	-0.00157486573773	-2.29980908659e-05	0.000853561582731	0.714537743002	0.699596372724
2.42536171007	-6.62648102989	-0.0015751256313	0.000107435705072	0.000983312577063	0.716129528646	0.697966703902
2.42496654024	-6.61249907533	-0.00157531272017	0.000232278299158	0.00110958816743	0.71820267404	0.695833050281
2.42428830782	-6.59352806223	-0.00157548983453	0.000313770948828	0.00121694652701	0.721205156145	0.692720393333
2.42339598977	-6.57356063338	-0.00157716497665	0.00025636194937	0.00119207422663	0.724198751857	0.689590226907
2.42272960007	-6.5605809526	-0.00157722970073	0.000129414665661	0.00109218506976	0.725664264608	0.688048083679
2.42167476787	-6.54160631645	-0.00157754313607	-0.000138330855377	0.000834427449346	0.726962242919	0.686676912358
2.42066136069	-6.5241276911	-0.00157734435733	-0.000390991704245	0.000562222686955	0.727275145231	0.686345681243
2.41976461615	-6.50864631275	-0.00157544495622	-0.00055787419597	0.000358925033901	0.727063085731	0.686570338215
2.41902372561	-6.49566461436	-0.00157545821336	-0.000608705890366	0.000271409804972	0.726820934646	0.686826677389
2.41829465239	-6.48268567111	-0.00157472658441	-0.000581239917586	0.000284303345908	0.7264415721	0.687227927006
2.41711795092	-6.4607138517	-0.00157497028701	-0.000450773801682	0.000454132148132	0.724846591351	0.688910015585
2.41643851618	-6.44672077296	-0.00157737553343	-0.000345504753114	0.0005975052098	0.723167916457	0.690671910694
2.41558433542	-6.42621577664	-0.00157787457869	-0.000213453182753	0.000760743640482	0.71992254587	0.694053963071
2.41502447677	-6.40870078971	-0.0015765597553	-0.000173071321875	0.00078157993825	0.716538384792	0.697547204352
2.41472050856	-6.39568969678	-0.00157663527135	-0.000178714990014	0.000738356148849	0.713952670466	0.700193549832
2.41448280558	-6.38017998405	-0.00157451010279	-0.000230897159564	0.000649458349778	0.710886529483	0.703306382091
2.41438044333	-6.36617437258	-0.00157292323891	-0.000292954925096	0.000559123280521	0.708410622001	0.705800249501
2.41438953042	-6.34767029734	-0.00157460130843	-0.000374153949783	0.000487990751818	0.705315096019	0.708893671295
2.41461909553	-6.32466137877	-0.00157478737883	-0.000418136960325	0.000472250474316	0.701931641875	0.712244039831
2.41480728448	-6.31315847408	-0.00157617513177	-0.000370449388322	0.000519242941802	0.70075147627	0.713405187575
2.4152486134	-6.29116015776	-0.00157442186527	-0.000179774146689	0.000691277269036	0.699440281135	0.714690690399
2.41560671848	-6.27516626149	-0.00157475482665	-1.70591497278e-05	0.000840413588619	0.699088893707	0.715034273381
2.41586665926	-6.26367351764	-0.00157538576387	9.87142537183e-05	0.000947032911677	0.699273250423	0.714853841444
2.41629726864	-6.24318880431	-0.00157571057638	0.000235622820102	0.00109538891689	0.700161880929	0.713983252674
2.41656184446	-6.22919467773	-0.00157652072633	0.000218852704696	0.00111141067953	0.70053183916	0.713620248587
2.41693217986	-6.20919184375	-0.00157791157244	3.25543896232e-05	0.000969977695869	0.700319440175	0.713828928943
2.4171144839	-6.19968828362	-0.00157779102419	-8.29057387003e-05	0.000854877987612	0.700129241961	0.714015620881
2.41755502457	-6.17768413465	-0.00157530560203	-0.000325524455697	0.000575201912238	0.699797028409	0.714341432515
2.4178388927	-6.16368934459	-0.00157392218053	-0.000393880803896	0.000459189819918	0.700097493921	0.714047010363
2.41821904629	-6.14271064571	-0.00157284428962	-0.00032049839472	0.000501653797273	0.701512519585	0.712656881318
2.418440766	-6.12722565182	-0.00157391899868	-0.000195941799869	0.00066463311583	0.702645374237	0.711539877964
2.41863956509	-6.10923325123	-0.00157719097883	-1.95391193268e-05	0.000890690435718	0.703903219297	0.710295335865
2.41878021508	-6.09023300856	-0.00157774162407	0.000152188620255	0.00108691846401	0.705190343609	0.709017189303
2.41884112258	-6.07673010897	-0.00157769955846	0.000206803757504	0.00113968067939	0.705789644913	0.708420521649
2.41888455717	-6.06372629026	-0.00157746557304	0.000174032667146	0.0010990541219	0.705929095831	0.708281634276
2.41893659268	-6.04772282856	-0.00157650958161	4.79829906545e-05	0.00094916063759	0.705878445872	0.708332348862
2.41902284849	-6.02472195313	-0.0015754372151	-0.000230117506276	0.0006661441449	0.705330482021	0.708878278995
2.4191195872	-6.00821862821	-0.0015749098343	-0.000432708096924	0.00046554823023	0.704563816055	0.709640349144
2.41924985999	-5.99221567447	-0.00157664148272	-0.000539730048838	0.000360845628819	0.703779246628	0.710418433388
2.4194385108	-5.97471123709	-0.00157498535781	-0.000550329126799	0.000361345670305	0.702626363886	0.711558682991
2.41968524358	-5.95770502662	-0.0015759206343	-0.00045623698788	0.000449365753305	0.701293355027	0.712872513226
2.41987985426	-5.94670234135	-0.00157664021383	-0.000348779197486	0.000551576029221	0.700402621739	0.713747673606
2.42045082742	-5.92119653074	-0.00157503859061	-0.000111555014316	0.000792477801626	0.69778659822	0.716305258168
2.42068489229	-5.91269476908	-0.001576125096	-5.29164446459e-05	0.000845872143046	0.696837906071	0.717228146661
2.42141175241	-5.89019509603	-0.0015761626291	1.18824745136e-05	0.000903277589068	0.694295387693	0.719689584874
2.42194635599	-5.87619722608	-0.00157583152449	-4.06957227851e-05	0.000854937447424	0.692429874839	0.721484674721
2.42277984106	-5.85770027541	-0.0015762950373	-0.000226764964309	0.000688449929621	0.689182211131	0.724587713444
2.42322187445	-5.84920293879	-0.00157599657164	-0.000330835591166	0.000586229217844	0.687537627766	0.726148440258
2.42448450044	-5.82821976261	-0.001575731406	-0.000560158516366	0.000354443111727	0.683125611335	0.730300595461
2.42536253473	-5.81573815104	-0.00157324710621	-0.000654617206704	0.000251781949728	0.680298174351	0.732935128137
2.42745745946	-5.7903039828	-0.0015744335494	-0.000655940031415	0.000233085672966	0.674444915965	0.738324840935
2.42843917106	-5.77984196275	-0.00157325944934	-0.000592844935656	0.000300362748293	0.671928873919	0.740615383793
2.42986541611	-5.76589997389	-0.00157450255348	-0.000495254280083	0.00041965181055	0.668125119377	0.744048656657
2.43204955356	-5.74699570705	-0.00157586407844	-0.000377049600581	0.000561591023163	0.662147835114	0.749372929124
2.43392222757	-5.732591705	-0.00157524207635	-0.000283637106575	0.000629178628675	0.657675380666	0.753301146522
2.4375307487	-5.70782289888	-0.00157244078477	-0.000161117786811	0.000680734490756	0.650466938288	0.759534247309
2.44016705292	-5.6915207201	-0.00157273819273	-0.000175628738526	0.000648769927135	0.645720868228	0.763573250309
2.44238680536	-5.67870131615	-0.00157336966132	-0.000235833072995	0.000605397399878	0.641888535996	0.766797682074
2.44530274602	-5.66295081324	-0.00157303222876	-0.000379571836874	0.000521723206201	0.636602035011	0.771192215177
2.44948523654	-5.64233351053	-0.00157417206479	-0.000610901257324	0.000351541151937	0.62869517679	0.777651514433
2.45273514774	-5.62766169267	-0.00157346432972	-0.000711968562531	0.000247933208183	0.62287451375	0.782321399267
2.45584674998	-5.61450363705	-0.00157077079664	-0.000739313593022	0.000199183160016	0.617608972514	0.786484946335
2.46001612059	-5.59800106912	-0.00157014894527	-0.000689588524422	0.000216308051309	0.61093879463	0.791677501824
2.46459901479	-5.58109225721	-0.00157050918563	-0.00056401447305	0.000327821872531	0.604037771806	0.796955421998
2.46890397232	-5.56618131696	-0.00157080345554	-0.000426360331629	0.000465333730427	0.597890661719	0.801577418788
2.47434333747	-5.54846774101	-0.00157209773889	-0.000273178921263	0.000608660692718	0.590501508237	0.807036259207
2.48139588294	-5.52706001502	-0.00157158223957	-0.000172818273272	0.000675533860918	0.581434761334	0.813592731101
2.48401793652	-5.51948785245	-0.00157094648828	-0.000170507044496	0.000665402834232	0.578192161795	0.815900332274
2.49013538705	-5.50253181429	-0.00156966682674	-0.000231590482076	0.000592060810802	0.570863157855	0.821044974915
2.49746808899	-5.48336272899	-0.00156870887905	-0.000381801444687	0.000469711265472	0.562476313831	0.826813177192
2.50062227505	-5.47545959684	-0.00156850521963	-0.000451946515328	0.000422132675424	0.558987690663	0.829175722773
2.50850343933	-5.45650955248	-0.00156859055699	-0.000590143084677	0.000342274237366	0.550540114001	0.834808431591
2.51615218777	-5.4390899824	-0.00156882226879	-0.000631475240311	0.000329998252701	0.542666352034	0.839948047626
2.5239148821	-5.42226868371	-0.00156852221011	-0.000574939926019	0.000374746810121	0.534954397319	0.844880655358
2.52714974011	-5.41549022638	-0.00156843600163	-0.000529820865464	0.000404898385659	0.531814302912	0.846860733867
2.53806473886	-5.39351859849	-0.00156779775791	-0.000337158585858	0.00052334648229	0.521693823617	0.853132561113
2.54546289899	-5.37931144059	-0.00156802548616	-0.000190782503611	0.000603121771532	0.515587782104	0.856836529795
2.55354018468	-5.36433331436	-0.0015668181544	-9.09066535303e-05	0.000668663625729	0.509226991017	0.860631986534
2.55863724684	-5.35514136677	-0.00156671725654	-5.90314811104e-05	0.000683457745154	0.505583028438	0.862777683274
2.56930018842	-5.33645208854	-0.00156781404764	-4.59721148293e-05	0.000688797718427	0.498673326848	0.866789730289
2.5784526683	-5.3209347467	-0.00156621205262	-0.00012902071082	0.00064477349271	0.492973244243	0.870044221911
2.58597102636	-5.30852158295	-0.00156741863503	-0.000212750663523	0.000591390959418	0.488635719124	0.872487672687
2.59573225684	-5.29279178653	-0.0015664168624	-0.000287098253915	0.000543896798504	0.4834837678	0.875353110479
2.60513432193	-5.27801830787	-0.00156557525798	-0.000329316637682	0.000520896133467	0.478719982606	0.877967424493
2.61276646722	-5.26627228665	-0.00156608127419	-0.000300387193572	0.000529330063852	0.475390364707	0.879774761357
2.62408667106	-5.24917286214	-0.0015655687315	-0.000165369977949	0.000608549943176	0.471133297057	0.882061799832
2.62826920043	-5.24294350693	-0.0015648948169	-0.00011238195275	0.000642981515539	0.469608524444	0.882874514138
2.64264391978	-5.22186625164	-0.00156692169805	7.28269146183e-05	0.000743890539877	0.465078557995	0.885269098193
2.64890214622	-5.21281635633	-0.00156646379467	0.00015551090235	0.000782131509988	0.463648803992	0.886018707841
2.65862516664	-5.19887113408	-0.00156522167584	0.000219989222822	0.000818599036764	0.461580097743	0.887098131476
2.6683539057	-5.18504714467	-0.00156837871084	0.000189083766171	0.00085491380755	0.459868427941	0.887986634107
2.68100560935	-5.16721678192	-0.00156765167194	0.000108069052266	0.000814755339996	0.45799972099	0.888951955995
2.68879377978	-5.15631775819	-0.00156586206032	3.15685238879e-05	0.000748585367429	0.45690131698	0.889517074128
2.70117676305	-5.13908502546	-0.00156788518668	-5.60027254378e-05	0.000690783068295	0.455854083304	0.890054253637
2.71098430272	-5.12548322972	-0.00156461539769	-6.12808252181e-05	0.000669416069037	0.45530498967	0.890335282075
2.71958363872	-5.11358664511	-0.00156473194574	-6.47498746936e-05	0.000732845807939	0.454927156361	0.890528349436
2.72804353626	-5.10189156975	-0.00157721107328	-4.68223141367e-05	0.000905027692838	0.455093166635	0.890443366203
2.73621285375	-5.09058077292	-0.00157632307643	6.87164867579e-05	0.000960533875437	0.455502576096	0.890233944434
2.74548697204	-5.07771170995	-0.00156769891111	0.000241691612653	0.00088852263794	0.456006639684	0.889975896683
2.75735783405	-5.06118980526	-0.00156391201157	0.000329556680563	0.000910461426168	0.456882928688	0.889526307607
2.76551211587	-5.0497903635	-0.00157430319535	0.000301738890636	0.000975257125067	0.457716060091	0.889097838352
2.77554205428	-5.03570446446	-0.00156903943032	0.000247275638449	0.000922929592252	0.458774016317	0.888552468348
2.78364361481	-5.02427397599	-0.00156748610115	0.00019379151815	0.000815194678766	0.459628902857	0.888110674162
2.78956505558	-5.01588958068	-0.00156424176506	0.000146641606074	0.000738169273583	0.460257536093	0.887785128323
2.79949055819	-5.00177919732	-0.0015629790489	6.06664523788e-05	0.000665189378824	0.461315650087	0.887235833828
2.80991748306	-4.98687976863	-0.00156520973683	-3.03571313944e-06	0.000682215654158	0.462432788794	0.886654075962
2.81472020355	-4.97999046666	-0.00156654293881	-1.04698017766e-05	0.000709954285401	0.462949265796	0.8863844951
2.82731678943	-4.9618527152	-0.00158193077189	-0.000177812981885	0.00117669581411	0.463825927237	0.885925557252
2.83397136738	-4.95224530575	-0.00160915233176	-0.000345182683397	0.00161995823541	0.464447402689	0.88559915691
2.84171573458	-4.94100845842	-0.00162468415118	-0.000341540226133	0.00191672158264	0.466082475877	0.884739133988
2.84840849651	-4.93120423743	-0.0016107321638	-0.000114491030428	0.00179140196031	0.46842958775	0.883499009106
2.85303235764	-4.92435389376	-0.00159620672561	9.8109862871e-05	0.0015760694801	0.470752420376	0.882263942984
2.85984971109	-4.91407459226	-0.001583992843	0.000367814354303	0.00126664724437	0.475659633699	0.879628429046
2.86647665188	-4.90381397521	-0.00155547088302	0.000550980192881	0.000803989437624	0.48113381314	0.876646624288
2.86995581391	-4.89830622058	-0.00155504491826	0.000425295383464	0.000852546797877	0.484576495146	0.874748371042
2.8746119503	-4.89076108445	-0.00159316244411	7.80174360613e-05	0.00124614419289	0.490463922021	0.871460602801
2.87915291865	-4.88315989105	-0.00159145312116	-1.00474643696e-05	0.00126597912046	0.497444293426	0.867494998334
2.88403087979	-4.87464602846	-0.00157594531845	0.000115688516301	0.00102296487873	0.50620265876	0.862413942619
2.88576667453	-4.87151389503	-0.00157397930486	0.000174696253212	0.000922429058432	0.509516319608	0.860460480591
2.89068329958	-4.86231666372	-0.00155985696261	0.000327971443959	0.000691094102627	0.519184959088	0.8546615664
2.89418330482	-4.85544661514	-0.00156201110099	0.000327849539573	0.000745543717187	0.526361450847	0.850260524628
2.89726613838	-4.84914963978	-0.00156953030348	0.000274280693721	0.000877968777125	0.532850272054	0.846209041261
2.9000670184	-4.84320827418	-0.00157485360621	0.00023176321496	0.000983225894318	0.538876850009	0.84238395051
2.90496306349	-4.83225443966	-0.00157392325529	0.000232375908345	0.000983789086753	0.549799530987	0.835296027697
2.90743672762	-4.82640919776	-0.00157039904171	0.000256737549141	0.000910093071096	0.55555352521	0.831480238155
2.91070822535	-4.81830729076	-0.00156656727884	0.000286387281994	0.00079259808969	0.563384812541	0.826194191924
2.91339708882	-4.81130474487	-0.00155887591844	0.000315120067377	0.000687149147313	0.569881328366	0.821726657779
2.91507327034	-4.80676314203	-0.00155904605728	0.00028812640618	0.000699910704624	0.57405025732	0.818819717141
2.91876476608	-4.7962237969	-0.00157100127498	0.00015559914179	0.000880060986856	0.583586735529	0.812050320729
2.92044454324	-4.79115105483	-0.001574956332	0.000101104518916	0.000974796372529	0.588130871796	0.808765180501
2.92340989346	-4.78168619369	-0.00157973243526	8.66778623821e-05	0.00104717911455	0.596588524469	0.802546589535
2.9259879155	-4.77282846166	-0.00157232956757	0.000196422887972	0.000931745926377	0.604365207166	0.796706840459
2.92787309028	-4.765913399	-0.00156164904781	0.000320269915374	0.000770689739529	0.610234805271	0.792220162518
2.93029773699	-4.75635601518	-0.00156033880243	0.000327108410861	0.000748095095956	0.618265094843	0.785969214316
2.9323723456	-4.74745347793	-0.00156900670985	0.000196950853832	0.000895236130429	0.625637246068	0.780113578971
2.93398734835	-4.73993913836	-0.00157647203523	8.7290255383e-05	0.00101665696964	0.631791074126	0.775138050572
2.9352993636	-4.73336111873	-0.0015789573799	4.86445218058e-05	0.00104889920741	0.637135962461	0.770750713774
2.93708530285	-4.72352146707	-0.00157389903949	0.000121276683032	0.000930880022689	0.644993559634	0.764187429094
2.93795953262	-4.71823974574	-0.00156572514686	0.000213452387639	0.000803054754876	0.64907754325	0.760721796973
2.93866174908	-4.71371363453	-0.00155840067634	0.000261653386732	0.000734996668728	0.652559870533	0.757736766092
2.94061024753	-4.6993543361	-0.00156645892469	0.000173112578191	0.000838975946863	0.66349182657	0.74818304059
2.94129975812	-4.6933566431	-0.00157213440237	0.000163657387353	0.000868003022567	0.667847824954	0.744297321298
2.94216479788	-4.68478942075	-0.00156344795777	0.000205816851241	0.000851542071078	0.673859992042	0.738858541022
2.94307481809	-4.67371409242	-0.00157007303823	0.000207101116132	0.000888948709067	0.681509696298	0.731808513705
2.9437936725	-4.6619956013	-0.00155186026837	0.000469262510521	0.000642808290421	0.68895778343	0.724801034245
2.94409186294	-4.65542219825	-0.0015442035837	0.000500543222294	0.000627152948365	0.693023801225	0.720914257781
2.94441536818	-4.64493432337	-0.00156380239464	0.000304809858436	0.000849704682266	0.699451674721	0.714679326567
2.94455802398	-4.6327813763	-0.00158217569782	2.83534743362e-05	0.00114223896707	0.706724238258	0.707488194633
2.94451348845	-4.6244614691	-0.00158355948909	-2.84524573413e-05	0.00118633126352	0.711581265905	0.702602799469
2.94423560043	-4.61211376699	-0.00157665232621	5.83773127246e-05	0.00104785234621	0.718710438954	0.69530871096
2.94390811122	-4.60381305657	-0.00156528959001	0.000270990207768	0.000795967159098	0.723281162645	0.690553149847
2.94312259422	-4.59004665902	-0.00155091352922	0.000363229058644	0.000649666752437	0.7307548408	0.682639589128
2.94257963252	-4.58268837192	-0.00156100100007	0.000237931219742	0.000760246635267	0.73471721252	0.67837304121
2.94151984572	-4.57077899696	-0.00157676487075	-1.82965776177e-05	0.00102595101075	0.741049633511	0.671449467766
2.94033405303	-4.55971327562	-0.00158265037329	-9.40523055182e-05	0.00114904521122	0.746841630907	0.665000939243
2.93908383019	-4.54962794799	-0.00157878046303	-2.291384844e-05	0.00112895052686	0.752080232661	0.659070594539
2.93754082731	-4.5386597535	-0.00156741660153	0.000238616597335	0.000920789737241	0.757581199407	0.652740240458
2.93541147753	-4.5253282996	-0.00155315867805	0.000371659113428	0.000797789416314	0.764160158529	0.645025951043
2.93320102269	-4.51303515335	-0.00156482092823	0.000186509963756	0.000928171401954	0.770175972049	0.637830757952
2.93124720268	-4.5031203764	-0.00157458257416	0.000112902831535	0.0009707478673	0.77486712032	0.632123398356
2.92847966174	-4.4902051838	-0.00155293979936	0.000442986611822	0.000693874804863	0.780485073056	0.625173874244
2.92536440778	-4.47683988371	-0.0015361892832	0.000615848747588	0.000567512775108	0.786034267129	0.618182359469
2.92189025816	-4.46305230197	-0.0015495788443	0.000490950344242	0.000708670598017	0.791505831489	0.611161006178
2.9200970696	-4.45630949086	-0.00155406109498	0.000308431179607	0.000882327166712	0.794140995261	0.607732840988
2.9168841268	-4.44477205604	-0.00157955196643	-3.71719835541e-05	0.00120777174568	0.798605792531	0.601853244604
2.91029863429	-4.42290440721	-0.00157471373276	0.000110987590827	0.00116530113332	0.806628638825	0.591057415809
2.90759777281	-4.41450034649	-0.00155533826677	0.000299307906655	0.00102484400585	0.809608802199	0.586968864175
2.90181386248	-4.39741706029	-0.00155532994507	0.000370860154661	0.000925598853996	0.815651624037	0.578542508321
2.89641548798	-4.38244220985	-0.00156335195498	0.000155371304962	0.00102373656534	0.820924718499	0.571035493101
2.89248926646	-4.37205948672	-0.00157347888874	-3.90920065036e-05	0.00112925553779	0.824555444925	0.56578002925
2.8865837326	-4.35714705088	-0.0015803517112	-0.000197290500997	0.00120660967016	0.829733978983	0.558157710052
2.88100243433	-4.34373716314	-0.00157668195428	-3.07403469982e-05	0.00108054923847	0.83424392525	0.551394509087
2.87342446441	-4.32644229196	-0.00154948214066	0.000270103613107	0.00088012229585	0.839905050396	0.542732584933
2.86941401108	-4.3176656711	-0.00155393202085	0.000269371909385	0.000890169346839	0.842766090147	0.538279158371
2.86241043266	-4.30290439753	-0.00156627791167	-3.32501937575e-05	0.00112191091641	0.847695182631	0.530482438497
2.85452868886	-4.28708857572	-0.00158668860236	-0.000294818556823	0.00134479716633	0.853012356468	0.521888900357
2.84887235229	-4.27620771318	-0.00158209804367	-0.000259791108055	0.00134666358068	0.856649420487	0.515897169391
2.84305833574	-4.2653960971	-0.00157426003722	-8.09752808584e-05	0.00123741324386	0.86023111818	0.509902819728
2.83448216909	-4.25007087882	-0.00154957565656	0.000292377431026	0.000964053238153	0.865098977671	0.501600183363
2.82798681737	-4.23890551159	-0.00154753354469	0.000310059217054	0.000896963623602	0.868615355553	0.495486088015
2.81495735717	-4.21752381364	-0.0015550352645	8.39281115952e-05	0.000952711619375	0.875140157161	0.483868567506
2.80647221886	-4.20425025946	-0.00157128177915	-0.000170635934046	0.00109298800496	0.879126061242	0.47658802409
2.79880890713	-4.19266251549	-0.00157743191554	-0.000302727867141	0.00119011541249	0.882583964822	0.470153205902
2.78862131828	-4.17780090939	-0.00157376261145	-0.000111589569149	0.00113573516046	0.886913267245	0.46193457766
2.78521190341	-4.17295630639	-0.00156414322162	9.94752110915e-06	0.0010866235763	0.888297060274	0.459268061005
2.77278704043	-4.15580782209	-0.00155178230163	0.000204943518116	0.00102492037084	0.893183469436	0.449691224578
2.76187741374	-4.14136916609	-0.0015623204496	-1.84621527658e-05	0.00115426970893	0.897347751203	0.44132264924
2.74913447593	-4.12518677739	-0.00157668877597	-0.00028804373991	0.00128611662778	0.90200244483	0.43172891084
2.74386735849	-4.11869989438	-0.0015774475899	-0.000321885863506	0.00129177798591	0.903859750101	0.427826810575
2.73183912241	-4.10430285164	-0.00157237318839	-0.000188840921986	0.00118576873702	0.907928755973	0.419122812991
2.7233647938	-4.09448525134	-0.00155766030244	3.85528173893e-06	0.00105079490888	0.910622721267	0.413237407947
2.70609430388	-4.07524336111	-0.0015562354459	-6.67488406985e-06	0.000976669645299	0.915863244381	0.401489182499
2.69799611147	-4.06654992712	-0.00156461041714	-0.000199315643036	0.00103268320241	0.918081955618	0.396389223626
2.68633325761	-4.05434932133	-0.00157535142727	-0.00042624144701	0.00107797039505	0.921008925946	0.389539747171
2.67517223082	-4.04300268109	-0.00157685751798	-0.000452544355396	0.00106983070184	0.923686771724	0.383146706116
2.66346632672	-4.03143187207	-0.0015686210409	-0.000294376972336	0.00100680292544	0.926343332979	0.376678814291
2.64652340008	-4.01521545247	-0.00155663606124	-0.000111924775295	0.00090496984374	0.929715833353	0.368276577745
2.63815635035	-4.00741702553	-0.00155900413495	-0.0001448772318	0.000913048448848	0.931292324707	0.364271535115
2.62901306203	-3.99904352681	-0.00156486860401	-0.000274220185271	0.000950868319643	0.932841063922	0.360286788702
2.61309985714	-3.98477555695	-0.00157273727187	-0.000474393204043	0.000933179035245	0.935052165599	0.354508606013
2.60150922037	-3.97459400093	-0.00157347491486	-0.000482382075313	0.000872487292144	0.936529314105	0.350587863304
2.59208025102	-3.96643680484	-0.00156835993339	-0.000403599131219	0.000809502576619	0.937678832655	0.347501926045
2.57343442096	-3.9505947764	-0.00155837058658	-0.000272725928677	0.000690643715374	0.939584055492	0.342317471503
2.56616624121	-3.94451160969	-0.00156054753522	-0.000279490016116	0.000685345812497	0.94028249888	0.340394292677
2.55000428126	-3.93115697024	-0.00156515510905	-0.000393457259495	0.000738642407003	0.941641412559	0.336616621325
2.53293657077	-3.91726557428	-0.00157080260623	-0.000484631767588	0.00077714367508	0.942849201941	0.333218462243
2.52357973583	-3.9097355177	-0.00157100191112	-0.000472959125609	0.000794142618132	0.943491303263	0.331395996226
2.5083224299	-3.89757617555	-0.0015662282325	-0.000413403925331	0.000778100869153	0.944340711629	0.328967846479
2.50126599116	-3.89199143908	-0.00156440196789	-0.000387584763336	0.000749985202016	0.944662797189	0.328041898097
2.48240953612	-3.87717443198	-0.00156414323895	-0.000371333722217	0.000695572841343	0.94547259629	0.32570070303
2.47019508527	-3.86764903527	-0.00156467526139	-0.000425285119107	0.000658450818781	0.945792541727	0.324770462927
2.46032882637	-3.859973779	-0.00156638272341	-0.000483202590147	0.00060395393516	0.945887176019	0.324494764206
2.44255367146	-3.84616083204	-0.00156871581781	-0.000529109535944	0.000523419556172	0.945987292346	0.324202851307
2.43030527688	-3.83664931267	-0.0015660315315	-0.000521356718362	0.00049187576939	0.945946891326	0.324320774908
2.4200397338	-3.82866539001	-0.00156521535942	-0.000510607704658	0.000462519041026	0.945764546144	0.324852195024
2.405848099	-3.81759166898	-0.00156573624755	-0.000485819131172	0.00045804972234	0.945455602244	0.325750300624
2.3936488099	-3.8080316883	-0.00156498116726	-0.000488905043334	0.000481343431993	0.945022407133	0.327004861275
2.38029935074	-3.79749820929	-0.0015649116466	-0.000503673681203	0.000486690248429	0.944405127631	0.328783309112
2.36777069218	-3.78753563259	-0.00156779033873	-0.000504334308358	0.000504636598214	0.943797835686	0.330522520174
2.35294052916	-3.77564361497	-0.00156526252957	-0.000498692797309	0.000516400208163	0.942994904923	0.332806391052
2.34127725441	-3.76619773032	-0.00156557874007	-0.000501515847787	0.000490617265483	0.942201828502	0.335045104641
2.33275436321	-3.75923522627	-0.00156596724063	-0.000500323043836	0.000466818876548	0.941597631564	0.336739412587
2.31425345682	-3.74393098637	-0.00156518738457	-0.000528811354472	0.00040190423421	0.940000208483	0.341173221228
2.3012421868	-3.73297194825	-0.00156533512147	-0.000554209797814	0.000329354127444	0.938668868126	0.344819286567
2.28793925638	-3.72158516345	-0.00156623295087	-0.000563589066922	0.000295324511218	0.937265116392	0.348616833709
2.27435555705	-3.70975652819	-0.00156490358741	-0.000571581579214	0.000282262858505	0.935625698127	0.352993125468
2.26798114887	-3.70412250266	-0.0015655351927	-0.000581414869509	0.000269867017204	0.93469496996	0.355450280995
2.25569678049	-3.69307983573	-0.00156689946746	-0.000609469348652	0.000227402237986	0.932562230445	0.361008674665
2.23954072961	-3.67810047523	-0.00156673926369	-0.000657339909393	0.000128675772896	0.929034315023	0.369992963252
2.2308563084	-3.66979145472	-0.00156597214815	-0.000670106370592	6.71554815948e-05	0.926907752669	0.375288641567
2.21343187395	-3.65252546615	-0.00156531675176	-0.00065384206164	2.40549293224e-05	0.922435376671	0.386150939113
2.20787653733	-3.64684562859	-0.00156408044318	-0.000681291513527	5.24604868844e-05	0.920950865635	0.389678118678
2.18926466911	-3.62716018478	-0.00157456382618	-0.000747021124637	0.000229101150057	0.915752922966	0.401741177316
2.18193369762	-3.61911428352	-0.00157050966055	-0.000650548997378	0.000265128335133	0.913611171886	0.406588407481
2.17329298758	-3.60940376496	-0.00156202276255	-0.000455240230926	0.000249642454264	0.910953577011	0.412508558657
2.15962210485	-3.59349914486	-0.00155678585054	-0.000349360252764	0.000247372253402	0.906528911663	0.422143517152
2.15132944979	-3.58350989599	-0.00156159922846	-0.000436810725703	0.000271782777109	0.903734126381	0.428093873052
2.13709090247	-3.56571491778	-0.00157543531533	-0.000783072077406	0.00034093533852	0.898747369592	0.438466003485
2.12955648329	-3.55594989826	-0.00158401217513	-0.000877842713143	0.000328862291547	0.89601128947	0.444030280932
2.11807989715	-3.54057729498	-0.00157288877036	-0.00079103662629	0.000222308190076	0.891687269144	0.452651233166
2.10841294399	-3.52712753564	-0.00156861701362	-0.000642883337323	0.000145079616411	0.887867004009	0.460099716198
2.10201714478	-3.5179591122	-0.00156260222369	-0.000545636246553	0.000120672243214	0.885248131991	0.465118729494
2.08902334964	-3.49861936596	-0.00156265393612	-0.000490797378709	0.000188645239531	0.879685576571	0.475555475106
2.08217340297	-3.48801135785	-0.00156604509991	-0.000535060133759	0.000269914808161	0.876621115041	0.481180903113
2.07340987055	-3.47398999798	-0.00157161438146	-0.000599022991778	0.000362637206107	0.872560531763	0.488505504651
2.06413115476	-3.45855091824	-0.00157296101504	-0.000610311134076	0.00039683731505	0.868073278933	0.496435547119
2.0592331556	-3.45013578888	-0.00157171076954	-0.000588937620311	0.000382410837041	0.86561813926	0.500704247933
2.04939741566	-3.43263894613	-0.00157001939002	-0.000710850926686	0.000428984457415	0.86055488127	0.509357052552
2.04219489336	-3.41929641096	-0.00160095464356	-0.00115523492971	0.000729746969007	0.856969522287	0.515365278975
2.0339564186	-3.40350545716	-0.00160480461037	-0.000852581076886	0.000706329223427	0.853503529493	0.521085884809
2.02925800565	-3.39428544695	-0.00155716078339	-0.000128447115872	0.000397115663341	0.851940196575	0.523638928327
2.02139523502	-3.37858438642	-0.00150348822649	0.000937845190965	-2.72409780035e-05	0.84990485151	0.526935350005
2.01662482702	-3.36892338527	-0.00150196212325	0.000974993583463	5.56591347167e-05	0.848879291098	0.528585844906
2.00668135865	-3.34849981699	-0.0015676223459	-0.000177814432343	0.000797625369306	0.846816206816	0.531884991374
2.00082069633	-3.33627790174	-0.00160611983627	-0.00087717596621	0.00113773874911	0.845620581366	0.533782510469
1.99109412442	-3.31567816971	-0.00161054259173	-0.00106761782434	0.000996157176797	0.8435349169	0.537072352512
1.98662675967	-3.30606209312	-0.00158957170291	-0.000804113781299	0.000679083851593	0.842291692704	0.539020961233
1.9777205799	-3.28646964039	-0.0015486916459	-0.000246107601714	4.95385084189e-06	0.838959486888	0.544193824631
1.97230578131	-3.27419314336	-0.00154305516071	-0.00019947633424	-0.000189600475614	0.836308734929	0.548258720079
1.96412775063	-3.2549688235	-0.00156124874244	-0.000576548110894	-6.74122694766e-05	0.831767830841	0.555123354423
1.95844948606	-3.24107561508	-0.00158073749045	-0.000864495290624	0.000185735459555	0.828449726081	0.560062737116
1.95219231663	-3.22517545452	-0.00158983664563	-0.000947171460016	0.00040709006216	0.824315650042	0.566129531327
1.9463524778	-3.20963711491	-0.001583155832	-0.000762935275914	0.000448038893414	0.819783508356	0.57267287051
1.94144262045	-3.1959407519	-0.00157224469807	-0.000496746120873	0.000408607819503	0.815659782446	0.578531507856
1.93627067282	-3.18079756805	-0.00156226886977	-0.000283160386717	0.000377610096975	0.811047440269	0.584980193566
1.93149747385	-3.16607553818	-0.00156222248378	-0.000258821204593	0.000392378545426	0.80652887588	0.591194512341
1.9260911101	-3.14839506554	-0.00157122679402	-0.000419721856294	0.000443472764394	0.801075773726	0.598562638256
1.92099016683	-3.1305793101	-0.00157779877566	-0.00059506672072	0.000450803798616	0.795887038543	0.605444683311
1.91605660319	-3.11217394892	-0.00157852929957	-0.000648590434451	0.000388478878911	0.790716085379	0.612182571409
1.91238459378	-3.09759313645	-0.00157432907166	-0.000612622962818	0.000302832395959	0.786619642244	0.617437504061
1.90947490874	-3.08542048159	-0.00157117252202	-0.000551304347192	0.000256729593899	0.783369468635	0.6215560359
1.9063650027	-3.07176837134	-0.0015691524165	-0.000470569165136	0.000278971447878	0.780026748695	0.625745932515
1.90288486984	-3.0556432677	-0.00156974196401	-0.000418104084803	0.000386168644054	0.776167275708	0.630526792598
1.89798064525	-3.03111225419	-0.00157590332245	-0.000383626877271	0.000583585563759	0.770572720335	0.637351704269
1.89514190943	-3.01585231896	-0.0015775035898	-0.00033217872264	0.000682850686541	0.767519393811	0.64102527524
1.89193982103	-2.99760377329	-0.00157540628881	-0.000278154987395	0.000709731051696	0.764003313452	0.645211869037
1.89053410598	-2.98921160019	-0.00157465758488	-0.000252164277491	0.000695683185825	0.76257330805	0.646901385289
1.88813746344	-2.9743985223	-0.00157377032357	-0.000207745085245	0.000675414180934	0.760462901336	0.649380994755
1.88545363858	-2.95710866697	-0.00157176907715	-0.000208365801457	0.000660478611282	0.758293540211	0.651912898497
1.88295433613	-2.94029379415	-0.00157410781154	-0.000263152315195	0.000636535911256	0.756296994319	0.654228080991
1.87992032244	-2.91900344321	-0.00157605267324	-0.000297271048313	0.000641275774078	0.754490805395	0.656310235307
1.87806830019	-2.90562456786	-0.00157523025388	-0.000298551515051	0.000654760676143	0.753529251281	0.65741398648
1.87545569339	-2.88629198654	-0.00157525937799	-0.000252133105217	0.00067284829499	0.75257763946	0.658503136127
1.87340675102	-2.87092969537	-0.00157495113394	-0.000172614737447	0.000731516172838	0.752307891368	0.658811256486
1.87110442982	-2.85358703603	-0.00157301111289	-0.000110575285021	0.000802205508275	0.752125586741	0.659019306249
1.8684085197	-2.8332717343	-0.00157584481783	-5.31344760997e-05	0.000876340382292	0.752415490323	0.65868821086
1.86668357377	-2.82039039474	-0.001575396665	-3.86881004487e-05	0.000917123072219	0.752747367202	0.658308862586
1.8644739926	-2.80403965348	-0.00157522011003	-5.52147509413e-05	0.000914464186594	0.753210200847	0.657779259361
1.86223624533	-2.78769317689	-0.00157625093856	-7.29668281402e-05	0.000881505944374	0.753940095227	0.656942577728
1.86023638008	-2.77333507651	-0.00157475885449	-9.98535026842e-05	0.00084473129902	0.754667328918	0.656107079007
1.85714104865	-2.75156003267	-0.00157469918685	-0.000155379305943	0.00077306053052	0.755785977505	0.654818245348
1.85506295182	-2.737213491	-0.0015755431291	-0.000196723272782	0.000740011725023	0.756303603962	0.654220354557
1.85296887744	-2.72286501337	-0.00157480511017	-0.00025357042183	0.000699423146292	0.756495460884	0.653998520007
1.85007161171	-2.70307166303	-0.00157646685464	-0.000286248760017	0.000660013764502	0.75665621305	0.653812555475
1.84782258838	-2.68773310571	-0.0015752973458	-0.000283807548656	0.000657820340444	0.756559124597	0.653924902198
1.84537505313	-2.67090443436	-0.00157503228085	-0.000298913277663	0.000643957149928	0.755828969135	0.654768711368
1.84262703205	-2.65159105516	-0.0015759828213	-0.000302672541194	0.000628899527583	0.754664266276	0.656110781866
1.84042231492	-2.63573970757	-0.00157442499711	-0.000278235743508	0.000641768699508	0.753890777582	0.656999395886
1.83892372311	-2.6248424728	-0.00157378889831	-0.000232156860142	0.000671515177277	0.753706383259	0.657210912116
1.83674439193	-2.60899828896	-0.00157394601025	-0.000130122952784	0.000762426942313	0.75401266215	0.656859427192
1.83467470514	-2.59415324948	-0.00157325589805	-1.9541215481e-05	0.000882858552724	0.75493237624	0.655802049008
1.83175304613	-2.57388138088	-0.00157422286157	0.000124038479629	0.0010636182145	0.757107340879	0.65328962009
1.82944289147	-2.55856690647	-0.0015751455983	0.000178940738758	0.00116294175148	0.759028261124	0.651056613791
1.8271973276	-2.5442493798	-0.00157560085595	0.000172142187206	0.00118080114385	0.760914493117	0.648851069383
1.82461348637	-2.52846799282	-0.00157558792052	0.000144665930119	0.00114017859041	0.763481284654	0.645828930172
1.82055674787	-2.50534399095	-0.001572888965	9.65624351284e-05	0.00105121861759	0.768286462314	0.640105301838
1.81748917074	-2.48915304057	-0.00157203054371	5.34641157598e-05	0.000996317638694	0.772131088254	0.635462498534
1.81533030067	-2.47838315807	-0.00157262778357	4.57753810708e-05	0.000989093223858	0.77503391188	0.631918867446
1.81037115604	-2.45544719081	-0.00157219308427	6.43043187155e-05	0.00105980550499	0.781611766585	0.623764313673
1.8073026473	-2.44231625791	-0.00157287169579	8.41164822214e-05	0.00110884027321	0.785431324662	0.618947814955
1.80257621285	-2.42342116183	-0.00157353453315	0.000151499321575	0.0011959601082	0.791272356056	0.611462676922
1.79815912904	-2.40702737355	-0.00157124548555	0.000194863072904	0.00125516024649	0.796401707414	0.604766655024
1.79431421099	-2.3935847402	-0.00157180246429	0.000204669055969	0.00126990650464	0.800587127756	0.59921498339
1.78834719061	-2.37400178924	-0.00157156504972	0.000171282405179	0.00125131286182	0.806642950371	0.591037693803
1.78309618976	-2.35785523735	-0.00157122799932	0.000108180654254	0.00119640989352	0.811605885672	0.584204110944
1.77955376406	-2.3474540337	-0.00157162713527	6.01303241141e-05	0.00115036617694	0.81470379897	0.579876187634
1.77438014457	-2.33285755656	-0.00157165470939	-2.84495076479e-05	0.00106521690395	0.818691052967	0.574233249033
1.7674148824	-2.31412501026	-0.00157155506708	-0.000112186727582	0.000950336823777	0.823599032511	0.567171682933
1.76216813172	-2.30061992884	-0.00157101913413	-0.000143516632896	0.000905654430798	0.826898975068	0.562349752579
1.75714753665	-2.28809895119	-0.00156919394119	-0.000165806833901	0.000874461842235	0.829718289508	0.558181662078
1.74987353887	-2.27056344941	-0.00157086321236	-0.000148502983693	0.000886055734979	0.8335765501	0.552403229512
1.74634364601	-2.26229396871	-0.00156998476918	-0.000126485360488	0.000919146219848	0.835386496187	0.549662206414
1.7362649263	-2.23943874104	-0.00156995443108	-8.43478964721e-05	0.00101530693248	0.839919093788	0.542710676076
1.7285748784	-2.22262547082	-0.00157046652628	-7.08445910473e-05	0.00105012288367	0.842952268971	0.537987327415
1.72027195777	-2.20499274679	-0.00156997360683	-9.43706464639e-05	0.00103801057789	0.84578659416	0.533520337726
1.7139812239	-2.19193489646	-0.00156897887055	-0.000126850673701	0.000979932071553	0.847766431824	0.5303688346
1.70603875343	-2.17579313143	-0.00156972663988	-0.000166706702777	0.000905738712174	0.850190485949	0.526474395815
1.6995337943	-2.1628445361	-0.00156773214018	-0.000198832965608	0.000853295205934	0.852108452932	0.523364516178
1.69064696553	-2.14549805316	-0.00156923033511	-0.000259863915993	0.000789110716783	0.854186851357	0.51996551111
1.68534682034	-2.13529477415	-0.00156909061955	-0.000299502170316	0.000746130043045	0.855153571865	0.518374114048
1.67511234346	-2.11582038098	-0.00156996050706	-0.00034326143998	0.000688018290193	0.856622444198	0.515943210925
1.66854583093	-2.10345602308	-0.00156824978142	-0.000337151578392	0.000675310822206	0.857477468116	0.514520963575
1.66288630823	-2.09287701075	-0.00156843920727	-0.000313561196274	0.000688537485561	0.858202459243	0.51331078943
1.65648518591	-2.08099710841	-0.00156788113802	-0.000277974336022	0.000729292402599	0.859005611875	0.511965574654
1.64383126229	-2.05772167255	-0.00156852321928	-0.000265940176153	0.000797222200667	0.859894628144	0.510470882815
1.63616225624	-2.04367698878	-0.00156963330234	-0.000283262013416	0.000789354124299	0.860117245119	0.51009569821
1.62872548943	-2.0300722292	-0.00157029199574	-0.000318233263166	0.000750895844451	0.860032814953	0.51023807393
1.62105840197	-2.01602109	-0.00156805810038	-0.000356716728126	0.000664302179517	0.859800678277	0.510629244257
1.61149672528	-1.99845122826	-0.00156894508654	-0.000382683083788	0.000576067552665	0.859479595278	0.511169587319
1.60458022962	-1.98570810819	-0.00156681284236	-0.000395020339689	0.000542041474735	0.859210637061	0.511621570412
1.59815707211	-1.97383345769	-0.00156847616336	-0.000417525797725	0.000525694397967	0.858682865829	0.512506863611
1.58799193668	-1.95487842092	-0.00156919735192	-0.000455301284722	0.000504666477262	0.857394648927	0.514659065794
1.58166120973	-1.94294493269	-0.00157096005157	-0.000463578984382	0.000506245890841	0.856355145909	0.516386863587
1.57561326862	-1.93142625374	-0.00156885950534	-0.000462706136642	0.000502643484815	0.855233447114	0.518242495546
1.56435680234	-1.90964917174	-0.00156982363991	-0.000421351378255	0.000515740492488	0.853055567903	0.521819657108
1.56004306082	-1.90118138674	-0.0015687538927	-0.000408178366858	0.000530354992814	0.852119867694	0.52334623644
1.54996214412	-1.88105218706	-0.00156919813713	-0.000433169283898	0.000519375541784	0.849353913983	0.527823333527
1.54183911196	-1.86441504493	-0.0015712733935	-0.000457816673113	0.000490804050334	0.846887327984	0.531771946623
1.53686933054	-1.85403312846	-0.00157072056769	-0.000479582412431	0.000466996013711	0.845167038407	0.534501851358
1.52965169067	-1.83862127042	-0.00156957918368	-0.000518066716836	0.000399887032819	0.842376186051	0.538889536799
1.52486227509	-1.82815345076	-0.00157132295444	-0.000529000312096	0.000362376402851	0.840440158087	0.541903985515
1.51691478701	-1.81032979103	-0.00156951916435	-0.000530439378422	0.000340504841852	0.837098539014	0.547051769644
1.5103685616	-1.79516812696	-0.00157045456964	-0.000544425304115	0.00033600573209	0.833870503989	0.551959756937
1.50400836047	-1.7799234464	-0.00157148332378	-0.000556097302538	0.000332943615165	0.83038584034	0.557188420614
1.49784244286	-1.76459728214	-0.00157250878308	-0.00055462286808	0.000348544338097	0.826698970313	0.562644100115
1.48960167287	-1.74308883681	-0.0015712360069	-0.000561262852464	0.00033681181153	0.821028663935	0.570886595165
1.48513742258	-1.73086066423	-0.00157325688606	-0.00055142909833	0.000333150865949	0.817742982109	0.575583182649
1.48001166925	-1.71625090487	-0.00157186527718	-0.000561819839861	0.000348466001417	0.813672159186	0.581323645052
1.47387333318	-1.69778055549	-0.00157360193161	-0.00059536563267	0.000330214405667	0.808092453662	0.589055279947
1.46939568894	-1.6834975332	-0.00157434498583	-0.000596046661726	0.000307848358314	0.803688335723	0.595050089472
1.46546177023	-1.67028695626	-0.00157486437057	-0.000672556871336	0.00035667111036	0.799525012371	0.600632312689
1.45967148365	-1.64948581784	-0.00157985214657	-0.000680463042365	0.000376200348583	0.792902304009	0.609348284432
1.4571918767	-1.63999436813	-0.00157619765489	-0.000624090924407	0.000357572058923	0.78985757411	0.613289894971
1.45365658776	-1.62573934359	-0.00157185454537	-0.000529420547478	0.000329752429244	0.785250399043	0.619178021073
1.44859224438	-1.60347194305	-0.00158608770025	-0.000686004514647	0.000521313216311	0.777738992598	0.628586761731
1.44535265599	-1.58774123513	-0.00158339008416	-0.000683566869244	0.000557432834446	0.772347892758	0.635199145589
1.44268787816	-1.57363768161	-0.00158465409232	-0.000677375946325	0.000577207916519	0.767389313575	0.641180824264
1.44024997886	-1.55953866278	-0.00157982114319	-0.000559977508078	0.000492113449906	0.762386644163	0.647121355737
1.43717658665	-1.5395273371	-0.00156808900311	-0.000383629297807	0.000340667267901	0.755196247863	0.655498561393
1.43545488694	-1.52678686386	-0.00156589133766	-0.000365416102467	0.000308985460326	0.750569928449	0.660790854588
1.43444268646	-1.51858471953	-0.00156722597761	-0.000396765102153	0.000321026643742	0.747576376642	0.664175654934
1.43186204699	-1.49405921745	-0.00157703087468	-0.000640539462007	0.00049094049498	0.738494714617	0.674258782048
1.43087746699	-1.48244135415	-0.00159563612348	-0.000980180792895	0.000789722328579	0.733895473527	0.679261252774
1.42980755665	-1.46676864466	-0.00162932489431	-0.00139126172698	0.00121181089547	0.72721398558	0.686408344269
1.42925537612	-1.45596957114	-0.0016319536464	-0.00137976736654	0.00129839700156	0.722211521936	0.691669666814
1.42880871632	-1.44301944336	-0.00160129891955	-0.000900082699327	0.00103073931025	0.715698782945	0.69840774589
1.42863250153	-1.43226042198	-0.00158141426177	-0.000389613287689	0.000720217731337	0.70978229604	0.7044206284
1.42861626786	-1.42551398164	-0.00156391983441	-7.85776189478e-05	0.000511426770067	0.70597603468	0.708235533368
1.42880849389	-1.41200447548	-0.0015644989386	-0.000159913687035	0.000676942853255	0.697762479901	0.7163288615
1.4290297171	-1.40505067184	-0.00158931341876	-0.000391551686383	0.000874379080185	0.693354443406	0.72059607129
1.4294430742	-1.39602757742	-0.0015890884447	-0.000541849755803	0.000925302533727	0.687629335593	0.726061117983
1.43027111572	-1.38333830631	-0.00159087403385	-0.000653258028667	0.00087009153316	0.679086361136	0.734057579699
1.43083353104	-1.37661473513	-0.00158495636257	-0.000549418434553	0.000697483630308	0.674410604227	0.738355976858
1.43153309991	-1.36940876424	-0.00156665738142	-0.000355967770712	0.000468889138571	0.669320437345	0.742973623746
1.43221452628	-1.36323195928	-0.00155892063098	-0.00028333565189	0.000411436053948	0.66476671731	0.747050842981
1.43378244053	-1.3510823774	-0.00157525968204	-0.000355200683372	0.00062257125898	0.655402229825	0.755279685532
1.4349725763	-1.34315168526	-0.00157418623432	-0.000328823657188	0.000711238051716	0.649229472176	0.760592189332
1.4368957404	-1.33187125059	-0.00157343568451	-0.000313659150101	0.000846975212292	0.640083766105	0.768304598854
1.43785549635	-1.32678335996	-0.00158265857724	-0.000311573316333	0.000890228581767	0.635771586002	0.771876674637
1.43954218372	-1.31851589091	-0.00157239215643	-0.000214559657707	0.000801751060542	0.62866923033	0.777672366743
1.44123989524	-1.31089254282	-0.00157207081077	-0.000217140148358	0.000779376879094	0.621717098565	0.783241466454
1.44278933214	-1.3044434217	-0.00157121664438	-0.000200178541796	0.000701874897736	0.615720807714	0.787964056444
1.44482940574	-1.29654654287	-0.0015646998352	-0.000170887459825	0.000583253471007	0.608268170247	0.793731354854
1.44688075646	-1.28917360694	-0.00156403763513	-0.000274261240087	0.000650975638587	0.600970424953	0.799270948642
1.4478001559	-1.28602754093	-0.00157313790796	-0.000349482641557	0.000735654872261	0.59771527311	0.801708044718
1.44965924936	-1.27994267587	-0.00157976436435	-0.000386470048365	0.000793558626706	0.591383909212	0.806389665627
1.45280117314	-1.27037245132	-0.00157554137209	-0.000285225072019	0.000789727616607	0.580899080442	0.813975155222
1.45420952123	-1.26633952221	-0.00157079627456	-0.000176520930166	0.000723838432458	0.576345990197	0.817205448148
1.45612494744	-1.26107509046	-0.00156175128101	-3.13340112051e-05	0.000629976725375	0.570307492865	0.821431047459
1.45892385171	-1.25379032409	-0.00155901706389	3.03119934545e-05	0.000634993523961	0.561694149589	0.82734471545
1.4610278475	-1.24859655093	-0.00157465540631	-0.000165831067243	0.000923843977343	0.554903280702	0.831914339387
1.46373474727	-1.24225607394	-0.00158077715682	-0.000281966034369	0.0010465864572	0.546375185477	0.837539838961
1.4657302675	-1.23779802476	-0.00158124539839	-0.000270113197376	0.00100031976484	0.539955267674	0.841693076668
1.468534182	-1.23183357427	-0.00156410223726	-6.72635429919e-05	0.000674303426883	0.531127039574	0.847291926448
1.47054054195	-1.22775968443	-0.00155572552108	4.17617826714e-05	0.000510233200131	0.524833916097	0.851204498597
1.47261679847	-1.22369797603	-0.0015615020629	-1.1587598625e-05	0.000609050300057	0.518082070166	0.855330694817
1.47539517573	-1.21849983438	-0.0015696914392	-9.46273524457e-05	0.000765519992411	0.509329393533	0.860571306696
1.47675684311	-1.21604166866	-0.00157084018889	-0.000103938058562	0.00079958603941	0.505153874528	0.863028917771
1.47919178854	-1.21178318331	-0.0015738394689	-0.000133043242507	0.000903607470845	0.49744902275	0.867492729398
1.48159460092	-1.20774861185	-0.00157336770972	-5.90438682244e-05	0.00084817267677	0.489932106093	0.871760178338
1.48507258264	-1.20217770759	-0.00156194542377	0.000111623914394	0.000642695307707	0.479240636594	0.87768330662
1.48725054303	-1.19884031592	-0.00156112033139	9.21915341795e-05	0.000699537290516	0.472303060108	0.881435942971
1.48929021445	-1.19581609228	-0.001571921659	3.30433282352e-05	0.000797203003419	0.465793238858	0.884893226333
1.49058323669	-1.19394735235	-0.00157148458416	1.07635902548e-05	0.000822685622131	0.461741620273	0.887014091872
1.49359128037	-1.18973878575	-0.00157310992805	-4.29345842605e-05	0.000889588403588	0.452036756624	0.891998866283
1.49562002312	-1.18700868587	-0.00157351119018	-1.56730115869e-05	0.000832134652454	0.445468985106	0.895296984589
1.49889160565	-1.18277812303	-0.00156331031471	0.000100201709641	0.000637982924814	0.434989054061	0.900435508953
1.50104273556	-1.18010715223	-0.00156262356206	8.50372103267e-05	0.000706493726519	0.427666450183	0.90393633682
1.50290861982	-1.17786116838	-0.00157226234004	5.76943230724e-05	0.000797928780544	0.421241743081	0.906948043643
1.5054622836	-1.17488942463	-0.00156868767634	6.41845825404e-05	0.000840374487396	0.41249109926	0.910961241043
1.50756091282	-1.17253407711	-0.00157334581622	7.00658210068e-05	0.000885538240935	0.404869510019	0.914374043141
1.51013611969	-1.16975077202	-0.00156622788729	0.000153392069091	0.00076410111761	0.395593108409	0.918425546901
1.51149808781	-1.16832398284	-0.00156290815038	0.000201429451447	0.000677116270118	0.390700165562	0.920517724745
1.51360009356	-1.16618175725	-0.0015596384044	0.000175568641159	0.000736762533172	0.382493537171	0.923957856387
1.51534123003	-1.16446689162	-0.00157495480785	8.92920753552e-05	0.000914390299629	0.374955639505	0.9270422991
1.51714867062	-1.16274414439	-0.00156937306382	8.52853404723e-05	0.000913627839605	0.367162392561	0.930156403783
1.51887850685	-1.16115270572	-0.00156881964879	0.000117105720113	0.000867836833996	0.358886633292	0.933380746314
1.52069173816	-1.15954636728	-0.00155954130033	0.000218676961048	0.00067230569037	0.350106752358	0.936709539899
1.5222801721	-1.15818865561	-0.00155477768539	0.000285528145203	0.000547177123846	0.342236643244	0.939613590308
1.52308284537	-1.15752125851	-0.00155393492732	0.00026539351532	0.000613293036045	0.337701742314	0.941252934485
1.52527982013	-1.15575866008	-0.00156158959584	0.000201717133779	0.000773269695684	0.325267716594	0.945621633586
1.52709949156	-1.15436923831	-0.00155799685713	0.000203911133107	0.000758784968388	0.314715169938	0.949185832425
1.5278336979	-1.15382773583	-0.00155908746873	0.000214011771832	0.000735741395476	0.310154904412	0.950685725228
1.52922411155	-1.15283238691	-0.00155512078786	0.000259490596438	0.000626546735735	0.301492275781	0.953468377949
1.53060737254	-1.1518801092	-0.00155211620476	0.000299650036492	0.000532169823147	0.292795164305	0.956174993798
1.53158885351	-1.15122805136	-0.00155229607371	0.000272191058088	0.000633666449202	0.285528027818	0.958370111027
1.53225032955	-1.15080049536	-0.00155793134995	0.000251923189899	0.000708180411441	0.280434007302	0.95987301377
1.53367407126	-1.14991249274	-0.00155462351821	0.000260057793068	0.000733205711733	0.269252512465	0.963069301406
1.53400031443	-1.14971702447	-0.00155349958351	0.000244039079009	0.000827134120901	0.265115498532	0.964216276948
1.53476460288	-1.1492761523	-0.001558515308	0.000290799139042	0.000828654876684	0.253666857614	0.967291245755
1.53533170256	-1.14896469832	-0.0015492741961	0.000409796314885	0.00058369248679	0.243134413867	0.969992344384
1.53533889454	-1.14896391094	-0.00154946817204	0.000412623208509	0.000638972508158	0.23771920433	0.971333620003
1.53531472734	-1.14897724864	-0.0015550025342	0.000413782586149	0.000674147803153	0.23155589069	0.972821280501
1.53527079574	-1.14900108988	-0.00155034390559	0.000434759611122	0.000583662926288	0.220435252133	0.97540133788
1.53523891313	-1.14901752708	-0.00154919341234	0.000445164587975	0.000492906086176	0.214254898773	0.976777557699
1.53518749788	-1.14904287712	-0.00154799541293	0.00044171772603	0.000416622047926	0.207075208919	0.978324838263
1.53510581829	-1.14908054698	-0.00154811737279	0.000409186595872	0.000408070865774	0.197149625299	0.980373240806
1.53505541215	-1.14910300615	-0.00154829189154	0.000375730975741	0.000449599396252	0.188656294582	0.982043002725
1.53502881179	-1.14911516129	-0.00154822747463	0.000357487255338	0.000479471703728	0.179566260047	0.983745699133
1.53500589646	-1.14912545173	-0.00154820828977	0.000370738391501	0.000479191665038	0.171215986412	0.985233332224
1.53496613854	-1.14914187892	-0.00154736552053	0.00041554572724	0.000453243289467	0.161349638185	0.986897115281
1.53494100405	-1.14915170798	-0.00154715063655	0.000444426452685	0.000435971563503	0.156030211865	0.987752087013
1.53487873937	-1.14917399035	-0.00154667168171	0.000494218885964	0.000422899402835	0.144878962799	0.98944917153
1.53485943152	-1.14918045609	-0.00154654062922	0.000502621074501	0.000425972605127	0.141844784838	0.989888692194
1.53478841587	-1.14920257837	-0.00154662406542	0.000509916791636	0.00044319537802	0.130211162442	0.991486054737
1.53472925353	-1.149219219	-0.00154635760429	0.000488341854492	0.000439769302055	0.119586841626	0.992823526834
1.53468784073	-1.1492299221	-0.00154602567638	0.000466291706351	0.000422519276746	0.112008864379	0.993707008303
1.53465316602	-1.14923829629	-0.00154571391399	0.000448404037252	0.000406204259427	0.10594442038	0.994371868931
1.53459379059	-1.14925155532	-0.00154540926599	0.000426577906936	0.00038696995494	0.0960821729953	0.995373238699
1.53469410579	-1.14923459697	-0.00154634622148	0.000429911926741	0.00029043183726	0.0882575196303	0.996097555992
1.53496757163	-1.14918982317	-0.0015426260454	0.000442463126574	0.000208613339948	0.0786756162424	0.996900149521
1.53542431899	-1.14912482387	-0.00154650417723	0.000448343779207	0.000230513166039	0.068585024453	0.997645147471
1.53587835257	-1.14906426822	-0.00154483630132	0.000455723242493	0.000172228847189	0.063536335468	0.997979406966
1.53686538751	-1.14894922112	-0.00154482361748	0.000449256034574	0.000271179652646	0.0529267638265	0.998598258711
1.53743308988	-1.14889199487	-0.00154659767363	0.000439122725058	0.000391003452239	0.0471209726611	0.99888901697
1.5388186784	-1.14877407999	-0.00154808054723	0.000441666727064	0.000270977692716	0.0380298941357	0.999276467577
1.54051087699	-1.14866158185	-0.00154393282329	0.000440397356791	0.000206471412698	0.028169327029	0.999603047432
1.54125025512	-1.14862269318	-0.00154642273879	0.000434689158803	0.000259727221863	0.0238715741067	0.999714905129
1.5439209231	-1.14852964562	-0.00154810133154	0.000424292753692	0.000340412694057	0.0107756686789	0.999941792836
1.54578250227	-1.14850358546	-0.00155059661174	0.000425482652377	0.00042592863893	0.00222822258522	0.999997336283
1.54752985648	-1.14850779581	-0.00155300012242	0.000434640645941	0.000474391005975	-0.00556652887361	0.999984299775
1.55018750731	-1.14856207252	-0.00154827270611	0.000450414526679	0.000257048199479	-0.0154342018785	0.999880751123
1.55149678688	-1.14860777094	-0.00154624907632	0.000455552516993	0.000224914410209	-0.0202493294904	0.999794832223
1.55432543505	-1.14874858879	-0.00155273164376	0.000455887655988	0.000312480335161	-0.030370716691	0.999538550577
1.55646201794	-1.14889159141	-0.00155237023209	0.000447797237559	0.000335486075065	-0.0371722852497	0.999308715131
1.56015073091	-1.14920470511	-0.00155637457802	0.000434172624644	0.000484384953094	-0.0487420817533	0.998811186527
1.56282097058	-1.14948474313	-0.00155860784411	0.000430530470061	0.000562861869327	-0.0570274792256	0.998372357612
1.56588970206	-1.1498597437	-0.0015583013491	0.000426290024566	0.000371196218813	-0.0655543956227	0.997848837101
1.56781424704	-1.15012218563	-0.00154804089501	0.0004220378193	0.000224297776505	-0.070572363723	0.997506547875
1.57189893119	-1.15074231061	-0.00155126761333	0.000418804280633	0.000196088280713	-0.0810797249311	0.99670751194
1.57454037695	-1.15118995092	-0.00155101586369	0.000405450482251	0.000167396162748	-0.0870057648225	0.996207711512
1.57868474467	-1.15195383361	-0.0015520469399	0.000393843749175	0.000355069298069	-0.0961154369803	0.995370052587
1.58356314145	-1.15295231167	-0.00156391724075	0.000388913787518	0.000658535748621	-0.106662406555	0.994294999537
1.58711251804	-1.15374877543	-0.00156834168842	0.000441460391025	0.000983984724956	-0.114810933443	0.993386775858
1.58845610231	-1.15406617462	-0.00157868684411	0.000513158803302	0.00121938512256	-0.118357035336	0.992970222088
1.59028937532	-1.15451674797	-0.00159457623293	0.00071118777026	0.00156857934539	-0.124205953754	0.992254964625
1.59138037133	-1.15479588839	-0.00159147315179	0.0010476117073	0.00143426994402	-0.131149094991	0.991361064528
1.59152066427	-1.15483350678	-0.00157841702061	0.00114145902618	0.000962888550463	-0.133452163881	0.991054130647
1.59156601105	-1.15484589092	-0.00154347688454	0.00115964623705	1.53937369718e-06	-0.136352519254	0.990659702275
1.59139626915	-1.15479691207	-0.00153782317788	0.00102219283193	-0.000263444864096	-0.137709147192	0.99047214827
1.59118504598	-1.15473418983	-0.00154389530766	0.000899808708821	4.34176921981e-07	-0.137851213014	0.990452539708
1.59092182751	-1.15465686157	-0.0015621164308	0.000665167835863	0.000585054558598	-0.137026933469	0.99056692594
1.59073063482	-1.15460259856	-0.0015698303819	0.000405124711912	0.000885911028174	-0.134156908441	0.990959623271
1.59059439144	-1.15456747624	-0.00156312411918	0.000316423121485	0.000678001428456	-0.130809828525	0.991407196339
1.59037511678	-1.154513243	-0.00155247713805	0.00035147377922	0.000341257770694	-0.126126005043	0.992014108197
1.59015475992	-1.15446016728	-0.00154864775919	0.000459460952248	0.000189863382252	-0.121719383453	0.992564428407
1.58990635681	-1.15440429886	-0.00154945898746	0.000630674200976	0.000242721289277	-0.115589361738	0.99329685532
1.5896395886	-1.15435020239	-0.00156473624273	0.00084908485677	0.000541242260812	-0.106606127204	0.994300819548
1.5895502064	-1.15433364301	-0.00157050206744	0.000899381670427	0.000657405308961	-0.102781578103	0.994703325687
1.58931409471	-1.15429305571	-0.00158073755129	0.000889619589516	0.000763356684992	-0.0926484277105	0.995698194588
1.58911711658	-1.15426105265	-0.00157787650705	0.000762174776097	0.000657624798008	-0.0841137312446	0.996455652217
1.58890797555	-1.15422969869	-0.00156823124928	0.000491585997876	0.000459848542332	-0.073834344948	0.997270292543
1.58883684096	-1.15421990681	-0.00156402941501	0.000386670415233	0.00041839202587	-0.0698469045663	0.997557559922
1.58863037754	-1.1541956068	-0.00156209191741	0.000171634379459	0.000504890438442	-0.0578645014559	0.99832430357
1.58856140424	-1.15418989099	-0.00156334402194	0.000142418112883	0.000579259461941	-0.0528598951164	0.998601760295
1.58843330692	-1.15418395353	-0.00156240679764	0.000219129399406	0.000640803902134	-0.0405767249301	0.999176196047
1.5883964485	-1.15418321355	-0.00156032305426	0.000274462498172	0.000604148647939	-0.0365587907334	0.999331283657
1.58825866353	-1.15418052584	-0.00155307340491	0.000472718325408	0.000400983747283	-0.0239702710958	0.999712479593
1.58819341921	-1.1541792974	-0.0015511384069	0.000536330430917	0.000337554528514	-0.0191699212086	0.999816039343
1.58800785078	-1.15417715319	-0.00154929965671	0.000611142589849	0.00030671178932	-0.0067810982294	0.9999767743
1.58788293101	-1.15417721325	-0.00154921203502	0.000582178856566	0.000365980782054	0.000566786588722	0.999999602939
1.58772088713	-1.1541792368	-0.00154956198563	0.000477117623773	0.000432952437089	0.00996359614203	0.999950154589
1.5876378834	-1.15418119065	-0.00154857868774	0.000401282717043	0.000436506047692	0.0150480023039	0.9998865966
1.58750917497	-1.15418567263	-0.00154713885356	0.000279543084602	0.000394318254879	0.0231782537406	0.999731231343
1.5873394312	-1.15419474076	-0.00154490585473	0.000168667112315	0.000310984409122	0.0343145375702	0.999411020227
1.58725182388	-1.15420113248	-0.00154472900384	0.000156245454006	0.000297308508454	0.039626000141	0.999214525169
1.58714144293	-1.15421128548	-0.00154467678456	0.000197184683071	0.000293994523305	0.0482264226595	0.9988363664
1.58802760309	-1.15411370379	-0.001542399801	0.000365390722467	-0.000212118644269	0.0591038311857	0.99825175113
1.58936104968	-1.15394061314	-0.0015362452438	0.000550661201252	-0.000316783476919	0.0686913753359	0.997637755588
1.59031075925	-1.15380341718	-0.00154296288016	0.000644096250482	-1.16526961898e-05	0.0749945080897	0.997183738716
1.59236500913	-1.15347121706	-0.0015469491063	0.000730511892114	0.000384831722023	0.0848170545632	0.996396199065
1.59428048355	-1.15312533534	-0.00155320762153	0.000701875394911	0.000640410633841	0.0933834908711	0.995629760944
1.59644602137	-1.15269586767	-0.00155555434359	0.000596634898574	0.000515372340942	0.10195528206	0.994788670461
1.5987952134	-1.15218661301	-0.00154348369854	0.000488291694267	8.97496269396e-05	0.109505544016	0.993986060942
1.60080579602	-1.15172133565	-0.00154017213554	0.000374518566747	-3.27850342212e-05	0.116041775377	0.99324426252
1.60463986519	-1.1507611048	-0.00155183893188	0.000220599236968	0.00022179132233	0.12790597374	0.991786249162
1.6062699106	-1.15032378407	-0.00155262342016	0.000219762303496	0.000274557729032	0.132229521521	0.991219062549
1.61095144427	-1.14898933757	-0.00155731715042	0.000309369810292	0.000556036132021	0.144449422503	0.989511980449
1.61421859781	-1.14798783962	-0.00156238185519	0.000429198317758	0.000605758108953	0.152558450937	0.988294170727
1.61629656616	-1.14731896468	-0.00155929916275	0.000524167574719	0.000444147355297	0.157082481363	0.987585247981
1.62231206995	-1.14526586338	-0.0015484690039	0.000693647416131	0.000285839907684	0.170103979259	0.98542583353
1.62488804017	-1.14433309286	-0.00155366789063	0.000699481738476	0.000383382851714	0.17560629175	0.984460153607
1.62987045823	-1.14243508688	-0.00155827062892	0.000634244067767	0.0006013885603	0.185856021581	0.982576600224
1.63378045814	-1.14086247852	-0.00156547230969	0.000524999409803	0.0007493310447	0.193851069965	0.981030542619
1.63637020176	-1.13978125601	-0.00156691684313	0.000448362370428	0.000761738733988	0.199097862208	0.97997921406
1.64098486027	-1.13777375451	-0.00155780351142	0.000378914464857	0.000492762375065	0.207841320233	0.978162358309
1.64596370419	-1.13549746926	-0.00155250636809	0.000316050850981	0.000375109288283	0.21731621167	0.976101133874
1.6526207852	-1.13227339141	-0.00155943404252	0.00032574538209	0.00040940130583	0.229489752055	0.973310936948
1.65462938266	-1.1312608189	-0.00155495930189	0.000358214245055	0.000411962480179	0.23295602719	0.972487116298
1.6610651263	-1.1278965032	-0.00156248365968	0.000459775131846	0.000617507602211	0.244077319918	0.969755468762
1.66426194244	-1.12615751764	-0.0015673027165	0.000513432461251	0.000702835695327	0.249503077132	0.96837361432
1.67066636787	-1.12253363318	-0.0015551466576	0.000660168445018	0.000530611784679	0.259580669301	0.96572105639
1.67548401916	-1.11969031415	-0.00155697859927	0.000678757314434	0.000540579718244	0.267177264346	0.963647008234
1.68129469739	-1.11612438856	-0.00156429879818	0.000614317498933	0.000626153801596	0.27625019751	0.961085354649
1.68563751791	-1.11335943291	-0.00156161893223	0.000547026271046	0.000652656067185	0.282882219141	0.959154275858
1.69218415104	-1.1090306088	-0.00156728444859	0.000404805173721	0.000739042394535	0.292942216948	0.956129775438
1.69811012878	-1.10494370289	-0.00156906621361	0.000353580515619	0.000607119892429	0.301724944627	0.953394757787
1.70385545769	-1.10082768003	-0.00154685420005	0.000402247418059	0.000333197095996	0.309726414704	0.950825575598
1.70781511733	-1.09790572217	-0.00154937594223	0.000406316049262	0.00034815743356	0.315286381241	0.948996423333
1.71193368363	-1.09479105026	-0.00155889792788	0.000393484806868	0.000506626140973	0.321081976942	0.947051187942
1.71732645896	-1.09059277015	-0.0015664893075	0.000402332516798	0.000737010350955	0.328566779937	0.94448036828
1.72356018086	-1.08556755733	-0.00157439728992	0.000440597032574	0.000944684320889	0.33723942512	0.941418336124
1.72974040838	-1.08039603997	-0.00157375524344	0.000509971369595	0.000941973022921	0.345890614454	0.93827423254
1.73556828232	-1.07533939384	-0.00156038014738	0.000626446229203	0.000646735146686	0.353799004416	0.935321043157
1.74474544439	-1.06701448286	-0.00155638716427	0.000573845006178	0.000567928210657	0.366439649909	0.930441471095
1.74986078858	-1.06217552452	-0.00156418482374	0.000495931943317	0.000602085511187	0.373330209024	0.927698198001
1.75500300166	-1.05716619887	-0.00155462116966	0.000467647295949	0.000544859122818	0.379964075489	0.925000965282
1.76280002481	-1.04929190822	-0.0015648072663	0.000361084606048	0.000714058006485	0.390120900099	0.920763293711
1.76514323318	-1.04685754822	-0.00156852065568	0.000333340355523	0.000781527815147	0.39318467223	0.919459129935
1.77349597313	-1.0379131968	-0.00156773177966	0.000350061934637	0.000843906047306	0.403980081788	0.914767324951
1.77689309978	-1.03415218855	-0.00156818468024	0.000374850573642	0.000851850242097	0.408422375332	0.912792581678
1.78324748961	-1.02691527305	-0.00156772057696	0.000435602916663	0.000832392732518	0.416805804249	0.908995070898
1.79050161697	-1.0183217975	-0.00155214014979	0.000593550975147	0.000575454065604	0.426021034727	0.904712879603
1.79550029556	-1.0121879719	-0.00155135478278	0.00059907285118	0.000591725578689	0.432434477226	0.901664967645
1.80294609809	-1.00271239771	-0.00156730540286	0.000500284983451	0.000790758164267	0.442041742365	0.896993992412
1.80924398433	-0.994368008161	-0.00156257402504	0.000465362089899	0.000830244778235	0.450049015106	0.893003347213
1.81331208458	-0.988808029076	-0.00156667279956	0.000424070453578	0.000878531201986	0.455296883551	0.890339146717
1.82155143047	-0.977112006467	-0.0015703448337	0.00040311943715	0.000832713007945	0.465948635283	0.884811286864
1.82816836313	-0.967274880367	-0.00155697175128	0.000436848321077	0.000715820398859	0.474469031476	0.880271796058
1.83106487588	-0.962836080116	-0.00156013413492	0.000422744851404	0.00073051956048	0.478265327228	0.878214987574
1.83917705832	-0.949943125656	-0.00156765354824	0.000406957211711	0.000780359513582	0.488924233093	0.872325810531
1.84222021848	-0.944923985542	-0.00156141319317	0.000429296398513	0.000765590371146	0.492894394304	0.870088699869
1.84686581803	-0.937055706748	-0.00156192227804	0.000429154972994	0.00081640579679	0.499048676438	0.866573463621
1.85270309529	-0.926792707681	-0.00157015688575	0.000403234318844	0.000925042900271	0.506930829537	0.861986145923
1.8592576468	-0.914736463578	-0.00155651546258	0.000630977055567	0.000593509719913	0.515427096856	0.856932994721
1.86617181206	-0.901382798757	-0.00153689731725	0.000741835587427	0.000443332424159	0.524292063119	0.851538070603
1.87025052309	-0.893174864079	-0.00155522120623	0.000590314186323	0.000701661805964	0.529634997792	0.848225163688
1.8753360052	-0.882571857397	-0.00158004258229	0.000292881998781	0.00115345785976	0.536101968047	0.844152393594
1.88182457311	-0.86841941589	-0.00159423999773	0.000103926394607	0.00136364578161	0.544406498181	0.83882041845
1.88714371981	-0.856233992332	-0.00158127854282	0.00017409845796	0.00115125466885	0.551303879409	0.834303707801
1.89013326883	-0.849138962682	-0.00157264903838	0.000233705131828	0.000954617863641	0.554939887053	0.831889870021
1.89657140709	-0.83325790749	-0.00155874361626	0.000281144490364	0.000643553327992	0.562660038109	0.826688084051
1.89994773246	-0.82457955082	-0.00156102395468	0.000176660550835	0.000737455528833	0.566772055927	0.823874299618
1.9045143098	-0.812426051618	-0.00158730863283	-8.2322577517e-05	0.00105705703795	0.57200403424	0.820250120797
1.90824074331	-0.802161608933	-0.001589249844	-0.000113709800297	0.00111919828071	0.57621024746	0.81730073118
1.91277193912	-0.789211670479	-0.00157663732288	7.83268607992e-05	0.000958395473877	0.581462757038	0.813572453762
1.91535411366	-0.781581875595	-0.00156683348828	0.000220477603615	0.000831481735473	0.584548616404	0.811358228582
1.91915734884	-0.769979254343	-0.00156173365926	0.000357071198803	0.00075241614038	0.589211748129	0.807978231289
1.92372496744	-0.75540146885	-0.00156521930439	0.000437000921198	0.000740642930093	0.595106100165	0.803646682333
1.92647592298	-0.746236176515	-0.0015523308997	0.000643641356569	0.000534745020199	0.59904195095	0.800717203996
1.93083560791	-0.730955657598	-0.00152817735821	0.000955668259891	0.000297811155835	0.606144364308	0.795354014024
1.9327781633	-0.723778634891	-0.00153164458648	0.000911938499031	0.000450215242897	0.609722847023	0.792614039424
1.93671165518	-0.708372493057	-0.00158087430675	0.000391361671941	0.00128184652061	0.617580831553	0.786506274739
1.94064607805	-0.691522110052	-0.00161087652485	2.87162881312e-05	0.00176314978376	0.626027350287	0.779799106931
1.94240393707	-0.683405436695	-0.00160577341989	6.86690437635e-05	0.00165623875145	0.630016518665	0.776579962636
1.94656830025	-0.662363841007	-0.00153919383276	0.000797029456926	0.0004619169141	0.639593763442	0.768712539993
1.94913046851	-0.647840831975	-0.00151781158688	0.000928436678095	9.43301131269e-05	0.64594601443	0.763382522428
1.95154815249	-0.632656636741	-0.00154793338583	0.000541443156826	0.000438653143897	0.652423537664	0.757854235275
1.95351072648	-0.618947236164	-0.00157491330923	9.00306522901e-05	0.000991656278235	0.658090438916	0.752938233004
1.95556374515	-0.602745398094	-0.00160621538452	-0.000196156736518	0.00147989053814	0.664671699477	0.747134059832
1.95754498146	-0.584375941975	-0.00159503242054	8.99719747517e-05	0.00138850828078	0.671972343144	0.740574934763
1.95838323576	-0.575363575332	-0.00157438029052	0.000357828378426	0.00118780911294	0.675504542229	0.737354781971
1.95994919152	-0.55507435754	-0.00155330625724	0.000729471763029	0.000891539369603	0.683425227233	0.730019610565
1.96085556411	-0.539435917196	-0.0015575980331	0.000678790524701	0.000921961579705	0.689416236711	0.724364508924
1.96155823393	-0.522199199479	-0.00156939361756	0.000396260518866	0.00111413061423	0.695869335999	0.718167437933
1.96182713953	-0.512096803776	-0.00158072458939	0.000204952943742	0.00123125245702	0.699611877717	0.714521981865
1.96205030187	-0.492621178615	-0.00158854968079	6.59249297548e-05	0.00121286290619	0.706574643619	0.707637476122
1.96200959105	-0.481253384222	-0.00157553514887	0.000126270881809	0.00104568528111	0.710261019881	0.703937620983
1.96157949828	-0.458577418155	-0.00156653976437	0.00019940644963	0.000814412797818	0.717414909957	0.69664563728
1.96092218392	-0.440830028257	-0.00156746884113	0.000152706927089	0.000845455376109	0.722774385615	0.691083532856
1.96041573449	-0.430459007585	-0.00157152038009	8.20843659994e-05	0.000915606672782	0.725573765562	0.68814378269
1.95915736085	-0.409687194897	-0.00158088223211	-2.01866083822e-05	0.00105428364609	0.730903770256	0.682479718896
1.95825657763	-0.397337588022	-0.00158168997217	-1.82996253974e-05	0.00111050260414	0.733992638218	0.679156516195
1.95641903693	-0.375672927364	-0.00157869851515	3.14326514338e-05	0.00108569125857	0.738707451837	0.674025311756
1.95480519834	-0.358971908264	-0.00157424043912	8.91520072122e-05	0.0009872640456	0.742052508849	0.670341026249
1.95341505096	-0.345808362189	-0.00157178081945	6.77968697335e-05	0.000959282457019	0.7445857899	0.667526086875
1.95199214056	-0.333188692869	-0.00157548745015	-1.81139441047e-05	0.000947256765239	0.746698587213	0.665161876712
1.94910334456	-0.309413043811	-0.00157834395653	-0.000136596881946	0.00087784287503	0.750405862482	0.660976741109
1.94728358262	-0.295460228471	-0.00157710499838	-0.000200642613602	0.000879010635287	0.752451140584	0.658647453587
1.94519382669	-0.28014124744	-0.00158113262257	-0.000252380750449	0.000857166047385	0.754244516955	0.656593032414
1.9424749461	-0.261017178977	-0.00157669266902	-0.000195224786456	0.000782801982404	0.756270928823	0.654258077005
1.94122454094	-0.252495917077	-0.00157406035307	-0.000183952225505	0.000792197920976	0.757126471398	0.653267820188
1.93854687127	-0.234680591166	-0.00158022502676	-0.000230869496303	0.000853293787859	0.758468807302	0.651708743948
1.93631518814	-0.220156457723	-0.00157877092941	-0.000205830704727	0.000846433066055	0.759389812788	0.650635345965
1.93391223339	-0.204815492099	-0.00157540039281	-0.000189594277199	0.000864831711965	0.76028298835	0.649591405228
1.93092634168	-0.186042992901	-0.00158361126118	-0.000269947964213	0.000896000867306	0.760879346089	0.648892706852
1.92916606012	-0.175060048235	-0.00158052036942	-0.000251934044055	0.000844945699989	0.76114555914	0.648580496468
1.92660194416	-0.159168128894	-0.00157417009035	-0.000235750283152	0.000788332086765	0.761464781099	0.648205762163
1.92372875713	-0.141389291716	-0.00158496436719	-0.000375245438493	0.000799525958377	0.761202890522	0.648513206813
1.92123773848	-0.12583760736	-0.00157975645296	-0.000371102104964	0.000704586692372	0.760705757013	0.649096385053
1.91915178169	-0.112691979694	-0.00157493442909	-0.000386595511812	0.000684190413107	0.760159218381	0.649736365873
1.91726936078	-0.100661735355	-0.00158434294151	-0.000474239098016	0.000724469481556	0.759333413875	0.650701173208
1.91457602364	-0.0830484572856	-0.00158071487375	-0.000411988037179	0.00067295046891	0.757976950467	0.652280859726
1.91261644375	-0.0699117298616	-0.00157393568217	-0.000363990106809	0.000684792874421	0.756841978225	0.653597443819
1.91052624351	-0.0554590189167	-0.00158748027103	-0.000454353449925	0.000781782486696	0.755041877373	0.655675945717
1.90857965446	-0.0414175363548	-0.00158255751544	-0.000401202078169	0.000741062652193	0.753090614839	0.657916268005
1.90721625983	-0.0311989341851	-0.0015764254019	-0.000354999820034	0.000711044958399	0.751583219054	0.659637804577
1.90571124478	-0.0194288362217	-0.00158481892693	-0.000512396565086	0.000817569865571	0.749443531185	0.662067566487
1.90326514349	0.00125101975261	-0.00158336322002	-0.000467561237226	0.000704595564037	0.745392201468	0.666625645263
1.90234022663	0.00969390900349	-0.00157505067767	-0.000413158963889	0.000643898295444	0.743624733591	0.66859679201
1.90085561625	0.0243307163262	-0.00159033556063	-0.000577907052083	0.000745178101713	0.740022554717	0.672581392282
1.89982216777	0.035616359727	-0.00158768589749	-0.000534555627455	0.000705773987168	0.737142926929	0.675736280965
1.89879383274	0.0480910748073	-0.0015754367084	-0.000468092934879	0.000681404720113	0.733737402536	0.679432660899
1.8981267669	0.0572244341175	-0.00158835985639	-0.000572229794815	0.00079318027288	0.730891457582	0.682493018756
1.89736105598	0.0693602956016	-0.00158867768297	-0.000500482255903	0.00077008197923	0.727022845538	0.686612655401
1.89680680416	0.0799319421245	-0.00157486164337	-0.000394647138234	0.000720910279656	0.723471284352	0.690353985474
1.89652089194	0.0864795685601	-0.00158009517297	-0.000472341101095	0.000809318303663	0.721043273649	0.692889399128
1.89601042924	0.10285385956	-0.00158310348837	-0.000406520534405	0.0007737103077	0.714824062499	0.69930379363
1.89584982528	0.112395148736	-0.00157377886864	-0.000383057340739	0.000749983059365	0.710871688325	0.703321216466
1.89580357728	0.119492702498	-0.00158626164187	-0.000475950252534	0.000812136936035	0.707615404819	0.706597164421
1.89587520701	0.131383725462	-0.00158105645797	-0.00041639600815	0.000719191629823	0.702059860483	0.712117449355
1.89595618697	0.136135424199	-0.00157484749012	-0.000364093253857	0.00066290999712	0.699768973047	0.714368820951
1.89630619974	0.148134326873	-0.0015876648836	-0.000511197372411	0.000792023547976	0.69321318656	0.720731981638
1.89663701185	0.155589810086	-0.00158551381956	-0.000466498839499	0.000763997496252	0.689000819484	0.724760008166
1.89695829612	0.161446359457	-0.00157539215893	-0.000370897554586	0.000699311914834	0.685616402173	0.727962583152
1.89763409863	0.171344515268	-0.00158337328828	-0.000447576594767	0.000826663405558	0.679023468388	0.734115962012
1.89819705098	0.178047672346	-0.00158461076665	-0.000398100049959	0.000810625935955	0.67436348923	0.738398990245
1.8992525444	0.188543871061	-0.00156881017273	-0.000293529873786	0.000767463999593	0.666686852915	0.745337483956
1.89998442285	0.194759138773	-0.00158330400768	-0.000350023309464	0.00085530113978	0.661710602684	0.749758777367
1.90085521818	0.201362912091	-0.00157700486326	-0.000287873828217	0.000808645127094	0.656361256626	0.754446263178
1.90188592861	0.208370920321	-0.00156733590237	-0.000228387891684	0.000745805411039	0.650358934868	0.75962665004
1.90266171522	0.21318596293	-0.00157593278811	-0.000327513811362	0.000826725333945	0.645565660467	0.763704253809
1.90376630305	0.219440597086	-0.0015781099828	-0.000341105747992	0.000789853944093	0.639157832327	0.769075110216
1.90460200518	0.223807562339	-0.0015699226325	-0.00028259111517	0.000709320403555	0.634606140243	0.77283534066
1.90575006501	0.229389308522	-0.00157108285232	-0.000354021345243	0.000830588453615	0.628371042358	0.777913245753
1.90752857348	0.237243190368	-0.00157398921119	-0.000257650350936	0.000844557042468	0.619243880567	0.785198214924
1.90830305121	0.240414456663	-0.00156622235477	-0.000171982276757	0.000805239001295	0.615444271569	0.788179973486
1.90938179681	0.244621812817	-0.00157374030374	-0.000254628180798	0.00105816017724	0.61001960402	0.792385574183
1.91053214153	0.248856896627	-0.00160386661809	-0.000500497545651	0.00167695527289	0.603903464518	0.797055545659
1.91090307836	0.250168831853	-0.00160966678226	-0.00051154168414	0.00184938194669	0.601684494162	0.798731549143
1.91133894253	0.251672106558	-0.00159763502946	-0.000210746912924	0.00178100126243	0.597829072274	0.801621596493
1.91137576136	0.251799809434	-0.00158943405283	-1.58119551101e-05	0.00160210492245	0.596946710303	0.802279289318
1.91140162516	0.251886138272	-0.00154774050645	0.000588047391697	0.000812834860362	0.595781063873	0.803146261543
1.91136909456	0.251783717954	-0.00153811560492	0.000655524747631	0.000471494770296	0.595673861523	0.803225994773
1.91133171445	0.251669974377	-0.00154574345564	0.000332041533811	0.000480341605525	0.595648920502	0.803244684094
1.9113161211	0.251626512468	-0.00155894918138	-3.73798617982e-05	0.000613279767108	0.595640841302	0.803250652452
1.91132394411	0.251662063139	-0.00157547528434	-0.000484122631664	0.000779908838458	0.595654659742	0.80324011584
1.91134624866	0.251737170061	-0.00157565184393	-0.000540729585015	0.000744951877876	0.595683054383	0.803219055662
1.91136840729	0.251803011242	-0.00155906654697	-0.000162576053101	0.000535043599638	0.595721386798	0.803190958993
1.91136623137	0.251791339361	-0.00155381288026	1.58224895174e-05	0.000509908865505	0.595727451492	0.803186493463
1.91135617873	0.25175134444	-0.001551896157	0.00020951103038	0.000586245131723	0.595727614327	0.803186293427
1.91134459708	0.251707008307	-0.00155673464248	0.000292405738605	0.000800164012424	0.595720713581	0.803191201176
1.91134478851	0.251704116088	-0.00156740544027	0.000233553495221	0.00108763561722	0.595713226719	0.803196435508
1.91135058358	0.251723828516	-0.00156923564914	0.000193461750993	0.0011122729592	0.595713300585	0.803196357641
1.91136312486	0.251770365442	-0.00156538774545	0.000117667561083	0.000941076390283	0.59571764506	0.80319336893
