1.41623665874	-0.756990347215	-0.00155387292616	0.000372569237007	-0.000436976468754	-0.997561949017	-0.0697841537626
1.41623665874	-0.756990347215	-0.00155387292616	0.000372569237007	-0.000436976468754	-0.997561949017	-0.0697841537626
1.41623555948	-0.756990200286	-0.00155387728591	0.000372590913723	-0.000437035582884	-0.997561830961	-0.0697858408718
1.4162343595	-0.756990039787	-0.00155388376686	0.00037261371554	-0.000437097996839	-0.997561701867	-0.0697876856834
1.41623346031	-0.756989919385	-0.00155388592213	0.000372632872253	-0.000437147040018	-0.997561605174	-0.0697890674065
1.4162320614	-0.756989732583	-0.00155389282111	0.000372659394997	-0.000437218956876	-0.997561454546	-0.0697912198573
1.41623109553	-0.756989603566	-0.00155389586297	0.000372675105057	-0.000437270709414	-0.997561350001	-0.0697927137476
1.41622979772	-0.756989429799	-0.00155390261745	0.000372701024585	-0.00043734029464	-0.997561210346	-0.069794709257
1.41622873283	-0.756989287696	-0.00155390671422	0.000372722333539	-0.0004373947215	-0.997561095288	-0.0697963532868
1.41622760128	-0.75698913649	-0.00155391326172	0.000372742366239	-0.000437455268072	-0.997560973139	-0.0697980985863
1.41622680306	-0.756989029583	-0.00155391513722	0.000372757899342	-0.00043749776715	-0.997560886821	-0.0697993318904
1.41622553962	-0.756988860638	-0.00155392266191	0.000372783790114	-0.000437564308312	-0.997560750412	-0.069801280836
1.41622437514	-0.756988705106	-0.00155392359596	0.000372803068017	-0.000437628027868	-0.997560624028	-0.0698030865244
1.41622437514	-0.756988705106	-0.00155392359596	0.000372803068017	-0.000437628027868	-0.997560624028	-0.0698030865244
1.41622254823	-0.756988460788	-0.00155393193257	0.000372839522592	-0.000437724287869	-0.997560426548	-0.0698059078728
1.41622091949	-0.756988243017	-0.00155394167834	0.00037286788175	-0.000437811994565	-0.997560250066	-0.0698084291358
1.41622035563	-0.756988167568	-0.00155394475754	0.000372881335269	-0.000437841215698	-0.997560189052	-0.0698093007582
1.41621876141	-0.756987954623	-0.00155395048076	0.000372909316787	-0.000437926593321	-0.997560015813	-0.0698117755786
1.41621783146	-0.756987830192	-0.00155395273507	0.00037292788729	-0.000437976120532	-0.997559914652	-0.0698132206723
1.4162166702	-0.756987674933	-0.00155396008842	0.000372948776374	-0.000438037219043	-0.997559788677	-0.0698150202184
1.41621521006	-0.756987479868	-0.00155396471119	0.000372976580766	-0.00043811599181	-0.997559629634	-0.0698172920374
1.41621431448	-0.756987360049	-0.00155396892765	0.000372993932113	-0.000438163912707	-0.997559532316	-0.0698186821215
1.41621371758	-0.756987280115	-0.00155397237287	0.000373007363417	-0.000438195172813	-0.997559467387	-0.0698196095496
1.41621219222	-0.756987076419	-0.00155397836077	0.000373033428561	-0.000438277876238	-0.997559301174	-0.0698219836483
1.41621093297	-0.756986907814	-0.00155398338779	0.000373056558025	-0.000438344562118	-0.997559163777	-0.0698239460911
1.41621037002	-0.756986832623	-0.00155398650876	0.000373071139982	-0.000438376126674	-0.99755910271	-0.069824818257
1.4162088459	-0.756986628892	-0.00155399381688	0.000373100868697	-0.000438457526756	-0.997558936516	-0.0698271918969
1.41620834891	-0.75698656217	-0.00155399552941	0.000373108512838	-0.000438484974285	-0.997558881985	-0.0698279707168
1.41620692465	-0.756986371852	-0.00155400025934	0.000373136424017	-0.000438561563572	-0.997558726408	-0.069830192615
1.41620586483	-0.756986230293	-0.00155400529855	0.000373150231148	-0.000438617846792	-0.99755861055	-0.0698318472587
1.41620454169	-0.756986053326	-0.0015540097864	0.000373178368611	-0.000438689928409	-0.997558465683	-0.0698339160729
1.4162036153	-0.756985929362	-0.00155401452524	0.000373198177217	-0.000438739317708	-0.997558364354	-0.0698353630857
1.41620252306	-0.756985783238	-0.00155401970494	0.000373219304883	-0.000438798340664	-0.997558244683	-0.0698370720221
1.41620106775	-0.756985588929	-0.00155402549529	0.000373243774217	-0.000438877416952	-0.997558085126	-0.0698393504812
1.41620014249	-0.756985465099	-0.00155403045002	0.000373262101464	-0.000438926687437	-0.997557983737	-0.0698407982559
1.41619895287	-0.756985306056	-0.00155403596517	0.000373287803685	-0.000438992033544	-0.99755785335	-0.0698426600372
1.41619763068	-0.756985129136	-0.00155404061641	0.000373310041445	-0.000439063374719	-0.997557707837	-0.0698447378006
1.4161970363	-0.756985049884	-0.00155404359445	0.000373322568387	-0.000439096670845	-0.997557642712	-0.0698456676691
1.41619538442	-0.756984828899	-0.00155405040101	0.000373352503218	-0.000439184577709	-0.997557461141	-0.0698482601572
1.41619479054	-0.756984749494	-0.00155405406872	0.000373364845781	-0.00043921791939	-0.997557395817	-0.0698491928142
1.41619320623	-0.756984537571	-0.00155406107796	0.000373397002916	-0.000439303156236	-0.997557221558	-0.0698516807642
1.41619284302	-0.756984488979	-0.00155406122613	0.000373402973141	-0.000439322733286	-0.997557181398	-0.0698522541275
1.41619125937	-0.756984277305	-0.00155406954257	0.000373434876928	-0.000439409932971	-0.997557006994	-0.069854744026
1.41619036843	-0.75698415816	-0.00155407199987	0.000373448755326	-0.000439457875746	-0.997556908664	-0.0698561478243
1.41618911552	-0.75698399057	-0.00155407799499	0.000373471716588	-0.000439527087574	-0.997556770184	-0.0698581247561
1.41618835667	-0.756983889242	-0.00155408091815	0.000373487121314	-0.000439568731468	-0.997556686599	-0.0698593179847
1.41618684063	-0.756983686451	-0.0015540882763	0.000373514058216	-0.000439651447643	-0.997556519133	-0.0698617086055
1.41618572073	-0.756983536671	-0.00155409375689	0.000373539191124	-0.000439712853074	-0.99755639528	-0.0698634765617
1.41618499513	-0.756983439624	-0.00155409491219	0.000373549562915	-0.00043975307652	-0.997556314813	-0.0698646251976
1.4161836124	-0.756983254798	-0.00155410177297	0.000373576991915	-0.000439828380539	-0.997556161977	-0.0698668067986
1.41618288821	-0.756983157672	-0.00155410377306	0.000373592818844	-0.000439868771428	-0.997556081895	-0.0698679498658
1.41618160416	-0.756982986171	-0.00155411036714	0.000373615943392	-0.00043993816959	-0.997555939627	-0.0698699805434
1.41618041896	-0.756982827558	-0.00155411360093	0.000373638077764	-0.000440003834092	-0.997555807927	-0.0698718602989
1.41617933358	-0.756982682434	-0.00155412077446	0.000373658108254	-0.000440062200926	-0.997555687639	-0.0698735771451
1.4161779187	-0.756982493434	-0.00155412579217	0.000373683199811	-0.000440140100852	-0.997555530519	-0.0698758196278
1.4161773929	-0.756982422837	-0.0015541286854	0.000373693552425	-0.000440169959254	-0.997555472044	-0.0698766541797
1.41617611077	-0.7569822515	-0.00155413350798	0.000373719889181	-0.000440240589834	-0.997555329602	-0.0698786870561
1.41617489446	-0.756982088984	-0.00155414067543	0.000373743076479	-0.000440307839582	-0.997555194365	-0.0698806170523
1.41617374457	-0.756981935168	-0.00155414536702	0.000373763674394	-0.000440371767504	-0.997555066525	-0.0698824414572
1.41617305485	-0.756981842879	-0.00155414596572	0.000373775969925	-0.00044041024912	-0.997554989362	-0.0698835426156
1.41617157628	-0.75698164497	-0.00155415321568	0.000373802699955	-0.0004404919647	-0.997554824734	-0.0698858919085
1.41617055943	-0.756981509133	-0.00155415861433	0.000373824802975	-0.000440546887149	-0.997554711601	-0.0698875062983
1.41616970536	-0.756981394855	-0.00155416040504	0.000373839398653	-0.00044059499635	-0.997554615732	-0.0698888743084
1.41616809736	-0.756981179826	-0.00155416806964	0.000373872770483	-0.000440682935913	-0.997554436575	-0.0698914307088
1.41616740823	-0.756981087634	-0.00155417127429	0.0003738844332	-0.000440721536402	-0.997554359496	-0.0698925305441
1.41616576868	-0.756980868299	-0.00155417809676	0.00037391357496	-0.000440812901283	-0.997554176105	-0.069895147247
1.41616504771	-0.756980771986	-0.00155418260587	0.000373931202597	-0.000440852796489	-0.997554095636	-0.0698962953588
1.41616370307	-0.756980592014	-0.00155418779772	0.000373953654556	-0.000440929755549	-0.997553945129	-0.0698984427371
1.4161626547	-0.756980451948	-0.00155419344718	0.000373972852473	-0.000440986422321	-0.99755382778	-0.0699001170003
1.41616203193	-0.756980368707	-0.0015541945984	0.000373983914122	-0.000441022121231	-0.997553757809	-0.0699011152699
1.41616052562	-0.75698016719	-0.00155420357995	0.00037401404633	-0.000441105276072	-0.997553589174	-0.0699035211273
1.41615947746	-0.756980026828	-0.0015542058741	0.000374033671784	-0.000441163431238	-0.997553471193	-0.0699052042676
1.41615872481	-0.756979926378	-0.00155421117398	0.000374049338936	-0.000441205561668	-0.997553386764	-0.0699064087189
1.41615715341	-0.756979715993	-0.00155421592439	0.000374078913893	-0.000441291600275	-0.997553210376	-0.0699089250107
1.41615623733	-0.756979593593	-0.0015542207668	0.00037409399461	-0.000441344423418	-0.997553107193	-0.0699103969243
1.41615535434	-0.756979475656	-0.00155422609698	0.000374114967592	-0.000441393700169	-0.997553008174	-0.0699118093871
1.41615420913	-0.756979322223	-0.00155423071436	0.000374134543623	-0.000441457783803	-0.997552879208	-0.0699136490431
1.41615306538	-0.756979169402	-0.00155423455726	0.000374157147859	-0.000441522275991	-0.997552750434	-0.0699154858832
1.41615182331	-0.75697900299	-0.00155424092444	0.000374180649265	-0.000441592801251	-0.99755261055	-0.0699174811488
1.41615103848	-0.756978898162	-0.00155424444765	0.000374194642323	-0.000441635605053	-0.997552521812	-0.0699187468699
1.41614953626	-0.756978697203	-0.00155424987196	0.000374222921791	-0.000441721761354	-0.997552352456	-0.0699211623779
1.41614852374	-0.756978561741	-0.00155425537308	0.000374241085399	-0.000441776484389	-0.997552238092	-0.069922793531
1.41614780578	-0.756978465629	-0.00155425745437	0.000374257578535	-0.000441818739331	-0.997552156846	-0.0699239522542
1.41614607523	-0.756978234333	-0.00155426597963	0.000374286709551	-0.000441914212824	-0.997551961331	-0.0699267407126
1.41614561839	-0.756978173166	-0.00155426777801	0.000374297295191	-0.00044193934906	-0.99755190954	-0.0699274793191
1.41614418333	-0.756977981283	-0.00155427405588	0.000374326597535	-0.00044202254743	-0.997551747449	-0.0699297909154
1.41614278055	-0.756977793546	-0.0015542803251	0.000374348989673	-0.00044210118282	-0.997551588206	-0.0699320618626
1.41614219358	-0.756977715116	-0.00155428200831	0.000374363407064	-0.000442135049079	-0.99755152179	-0.0699330089691
1.41614082397	-0.756977531769	-0.00155428729378	0.000374386647352	-0.000442213224453	-0.997551366556	-0.0699352226344
1.41613984697	-0.756977401206	-0.00155429420503	0.000374407393678	-0.000442267140109	-0.99755125567	-0.0699368038376
1.41613880372	-0.756977261734	-0.00155429827337	0.000374426044683	-0.000442326605415	-0.997551137192	-0.069938493258
1.41613805458	-0.756977161397	-0.00155430000933	0.000374439066929	-0.000442370150161	-0.997551052293	-0.0699397038392
1.41613636165	-0.756976934984	-0.00155430799331	0.000374473433706	-0.000442466445648	-0.997550859483	-0.0699424530369
1.4161354499	-0.756976813053	-0.00155431196534	0.00037448922989	-0.000442518436355	-0.997550756146	-0.0699439264512
1.41613440789	-0.756976673485	-0.00155431598304	0.000374504507229	-0.000442575647066	-0.997550637052	-0.0699456245327
1.41613323727	-0.756976517141	-0.00155432040498	0.000374529055942	-0.000442644425175	-0.997550504038	-0.0699475209596
1.41613226077	-0.75697638631	-0.00155432522233	0.000374552481275	-0.000442698200942	-0.997550392645	-0.0699491090882
1.4161315779	-0.756976294854	-0.00155432994296	0.000374560534663	-0.000442736867907	-0.997550314952	-0.0699502167858
1.41613037551	-0.756976134271	-0.00155433370557	0.000374585434135	-0.000442806143975	-0.997550177614	-0.0699521747408
1.41612904288	-0.756975955837	-0.00155434141927	0.000374613570608	-0.000442882184305	-0.997550025632	-0.0699543414131
1.41612790493	-0.756975803656	-0.00155434332092	0.000374632732971	-0.000442948075239	-0.997549895501	-0.0699561965282
1.41612728771	-0.7569757211	-0.00155434876982	0.000374642363218	-0.000442982808694	-0.997549825005	-0.0699572015056
1.41612602154	-0.756975551619	-0.00155435192141	0.000374666647491	-0.000443056330705	-0.997549680181	-0.0699592659802
1.41612488492	-0.756975399604	-0.00155435970798	0.000374690459646	-0.000443119864768	-0.997549549911	-0.0699611229453
1.4161236509	-0.756975234605	-0.00155436228724	0.000374708422768	-0.000443192152728	-0.997549408998	-0.0699631315873
1.41612293765	-0.756975139285	-0.00155436906683	0.00037472419554	-0.000443230860778	-0.997549327111	-0.0699642988132
1.41612163992	-0.756974965553	-0.0015543739158	0.000374752445316	-0.000443307238206	-0.997549178009	-0.0699664240365
1.41612043914	-0.756974804995	-0.00155437786427	0.00037477339299	-0.000443375678333	-0.997549040752	-0.0699683804148
1.41611927193	-0.756974648751	-0.00155438387416	0.000374790316837	-0.000443442090238	-0.99754890646	-0.0699702945017
1.41611833291	-0.756974523262	-0.00155438695003	0.000374811144059	-0.000443496634086	-0.997548798497	-0.0699718332224
1.41611700344	-0.756974345191	-0.00155439286027	0.000374840101578	-0.000443572731511	-0.997548645799	-0.0699740094796
1.41611632324	-0.756974254219	-0.00155439564508	0.000374849231768	-0.000443612353046	-0.997548567704	-0.069975122486
1.41611483357	-0.756974054995	-0.00155440263478	0.000374879498158	-0.000443698207647	-0.997548395947	-0.0699775702663
1.4161141536	-0.756973963946	-0.00155440458779	0.000374892827716	-0.000443738413858	-0.997548317915	-0.0699786823046
1.41611263211	-0.756973760458	-0.00155441354017	0.000374920420327	-0.000443825827958	-0.997548142618	-0.0699811804213
1.41611221081	-0.756973704138	-0.0015544146552	0.000374925268051	-0.000443849466518	-0.997548093696	-0.0699818776034
1.41611056123	-0.756973483306	-0.00155442092847	0.000374958269695	-0.000443946527363	-0.997547903404	-0.0699845892441
1.41610962312	-0.756973357682	-0.00155442584484	0.000374979255571	-0.000443999787348	-0.997547795162	-0.0699861316408
1.41610858819	-0.756973219404	-0.00155442932521	0.000374996672421	-0.00044406053901	-0.997547675667	-0.0699878343688
1.41610729524	-0.756973046197	-0.0015544354885	0.000375020388672	-0.000444134895855	-0.997547526264	-0.0699899631923
1.4161062608	-0.75697290808	-0.0015544404551	0.000375038788285	-0.000444194061597	-0.997547406301	-0.069991672502
1.41610532395	-0.756972782859	-0.00155444449092	0.000375057340587	-0.000444249354456	-0.997547297969	-0.0699932160241
1.41610454861	-0.756972678863	-0.00155444742734	0.000375072863174	-0.000444294217725	-0.997547208425	-0.0699944918358
1.41610351566	-0.756972540586	-0.00155445166718	0.000375092281822	-0.000444354143233	-0.997547088527	-0.0699962000849
1.4161022885	-0.756972376463	-0.00155445577005	0.000375116805407	-0.000444426790244	-0.997546946291	-0.0699982265292
1.41610125529	-0.75697223821	-0.00155446235144	0.000375134391401	-0.000444485650401	-0.997546826489	-0.0699999333481
1.41610022327	-0.756972100087	-0.00155446785723	0.000375154299709	-0.000444546266438	-0.997546706657	-0.0700016405282
1.41609890047	-0.756971923081	-0.0015544711619	0.000375179820653	-0.000444624189473	-0.997546552772	-0.0700038327609
1.41609748166	-0.756971733363	-0.00155447949173	0.00037520584914	-0.000444706022285	-0.997546388078	-0.0700061789376
1.41609677196	-0.756971638241	-0.00155448144641	0.000375218269709	-0.000444748271134	-0.997546305342	-0.0700073575361
1.41609538674	-0.756971453025	-0.00155448785958	0.000375243745524	-0.000444829967602	-0.997546144212	-0.0700096528114
1.41609448452	-0.756971332167	-0.0015544920455	0.000375262180672	-0.000444882034604	-0.997546039108	-0.0700111499627
1.4160877167	-0.756970569681	-0.00155448378313	0.000371370248736	-0.000444861483431	-0.997546222131	-0.0700085630132
1.4159402713	-0.756951211545	-0.00155546578453	0.000275304346914	-0.000442540824313	-0.997554811795	-0.0698865210903
1.41476252122	-0.756786934973	-0.0015435293353	-0.000324143959432	-0.000458908928461	-0.997634493908	-0.0687393693428
1.41100247226	-0.756278615512	-0.00152671640802	-0.000916543957407	-0.000608723416543	-0.99784250404	-0.0656439375348
1.40787676735	-0.755868952177	-0.00152772721075	-0.000716535763774	-0.000701190709107	-0.997935254433	-0.0642201126402
1.40240239745	-0.755167161778	-0.00154413007222	-0.00013805936478	-0.000745427835073	-0.997998214675	-0.0632375583293
1.39877861444	-0.754706562284	-0.001552391401	7.47235999018e-05	-0.000694753100218	-0.997994198504	-0.063301591496
1.39100109181	-0.753710059271	-0.00155404793886	7.14552812616e-05	-0.00046566267213	-0.997904148455	-0.0647077163013
1.38303593525	-0.752658093593	-0.00154257597304	-0.000192109893713	-0.000191199877665	-0.997740368204	-0.0671869346889
1.37619066411	-0.751717491586	-0.00153273626033	-0.000264734419728	-1.17412059665e-05	-0.997584795121	-0.0694586662748
1.36529433715	-0.750154997106	-0.00155747673019	6.53897855279e-05	0.000101230803921	-0.997304613603	-0.0733722915209
1.35589869229	-0.748730679975	-0.00155519542228	0.000143063785851	0.00012418359831	-0.9970059009	-0.0773252719421
1.34668817484	-0.747253507373	-0.00155339961292	0.000249493434847	8.75951386485e-05	-0.996649800243	-0.0817869534583
1.34065416389	-0.746240152831	-0.00156267058409	0.000368460619469	2.92972587713e-05	-0.996391409958	-0.0848765075932
1.32469076256	-0.743364918978	-0.0015563132472	0.000150861769555	-9.43244947754e-05	-0.995614429031	-0.0935514673774
1.30555695472	-0.739536004622	-0.00153369369186	-0.000266589918651	-0.000174799512228	-0.994601994508	-0.10376305169
1.29509291064	-0.737272098876	-0.00154247641453	-0.000190730058321	-0.000196880441387	-0.993996209046	-0.109414173041
1.27958776303	-0.73368323393	-0.00154450508229	-1.18515737296e-05	-0.00012253676926	-0.993032941323	-0.1178370158
1.26428202193	-0.729871414052	-0.00156593351568	0.000499458742317	-3.95104552023e-05	-0.992017311944	-0.126100760436
1.24699463885	-0.725252122733	-0.00157906171474	0.000658746281795	7.97566938839e-05	-0.990911098545	-0.134516744212
1.23034412387	-0.720517004778	-0.00156317889196	0.000539465549707	0.000133848051523	-0.989862105119	-0.142030644267
1.21471530831	-0.715823880975	-0.00156578059544	0.000515090160089	0.000107787352353	-0.988829920828	-0.149047343953
1.19901441532	-0.71086776514	-0.00156468099788	0.000492001796295	1.01936169343e-05	-0.987821573003	-0.155590159521
1.18145653323	-0.70506898716	-0.00156916430141	0.000558520573887	-0.000198628185004	-0.986755747944	-0.162212029457
1.1672575389	-0.700190378426	-0.0015721666409	0.000629172361876	-0.000348141361679	-0.985879721743	-0.167453447846
1.1563966321	-0.696346474299	-0.00157497086902	0.000646088018466	-0.000434748173024	-0.985236201524	-0.171198775612
1.1422713293	-0.691212861387	-0.0015750663833	0.000620135980484	-0.000507146693892	-0.984412034443	-0.175875821752
1.11932033513	-0.682549791284	-0.00156919704223	0.000536612886267	-0.00044601173077	-0.983037648783	-0.183402546861
1.10953392901	-0.67873508241	-0.00156830411903	0.000513452682793	-0.000382077258662	-0.98247866277	-0.18637399922
1.08957347121	-0.670758302359	-0.00156745161079	0.000527627067081	-0.000273565221593	-0.981450618442	-0.191714189174
1.07292286523	-0.663914968593	-0.0015686748734	0.000589461516891	-0.000200476910382	-0.980597952639	-0.196028741833
1.06461605481	-0.660437346973	-0.00157048447279	0.000613604294051	-0.000183725561051	-0.980198776913	-0.198015018301
1.04390149054	-0.651612644247	-0.00157066933512	0.00060416712987	-0.000264651468139	-0.979414089083	-0.201860365221
1.03288123336	-0.646845764121	-0.00156932254589	0.000577336573931	-0.00035085562516	-0.97904414089	-0.203647032319
1.01684451643	-0.639821378442	-0.001569611301	0.000536338593321	-0.000468775955674	-0.978464142025	-0.206415637397
0.993098053147	-0.629213916696	-0.00156918369798	0.000515236030681	-0.00057126650016	-0.977542353465	-0.210737645825
0.982623899405	-0.624455379874	-0.00156930000652	0.000520165861558	-0.000572164984788	-0.9771341966	-0.21262211524
0.966264060702	-0.616933732753	-0.00156905372541	0.000517397862181	-0.000545879465591	-0.976632571341	-0.214914529316
0.956737043857	-0.612515610221	-0.00156978296325	0.00051733928956	-0.000530935288412	-0.976391580249	-0.216006788056
0.944955410464	-0.60701724983	-0.0015680478578	0.000525427932093	-0.000498923505978	-0.97610242395	-0.217309762689
0.919626863067	-0.595072012118	-0.00156963363229	0.000542234962244	-0.000431049043253	-0.975542575261	-0.219809472115
0.911046464709	-0.590991201732	-0.00156911806501	0.000548742306029	-0.000423805724402	-0.975366663137	-0.220588738859
0.88714382494	-0.579533977616	-0.00156940263725	0.000550542166904	-0.000429212994451	-0.974875707257	-0.222748441253
0.883540306478	-0.577795345976	-0.00156949116492	0.000548870992141	-0.000435193236736	-0.974800932354	-0.223075439323
0.865540524211	-0.569066095252	-0.00156875899507	0.000537698748478	-0.000473279258682	-0.974426091578	-0.224707095881
0.849815190963	-0.561378718617	-0.0015688102895	0.000526203455727	-0.000508664090814	-0.974095856504	-0.226134311224
0.827835891332	-0.550552286884	-0.00156822508073	0.000493971628652	-0.000577041737907	-0.973844952536	-0.227212304761
0.814837194412	-0.544136104676	-0.0015685758989	0.00047572772143	-0.000645787835429	-0.973844357538	-0.227214708881
0.79825061433	-0.535952161074	-0.00156799893954	0.000474149235107	-0.000698351635219	-0.97388063637	-0.227059009049
0.790627867	-0.532194858292	-0.00156892765132	0.000471573233576	-0.000714282118114	-0.973955486143	-0.226737686394
0.772229146586	-0.523171015746	-0.00156900695577	0.000452886650436	-0.000778812665945	-0.974381237923	-0.224900848216
0.760091831751	-0.517275274938	-0.00156846671311	0.000448525849098	-0.000812491815647	-0.974750300474	-0.223295746505
0.74342718396	-0.509254333407	-0.00157035541236	0.000473790066314	-0.000787740723019	-0.975115205245	-0.221696845912
0.730346998775	-0.502992326885	-0.00157069147775	0.000518960353527	-0.000689550909952	-0.975198063611	-0.221332311083
0.718614713292	-0.497379139185	-0.00157061028939	0.000554561673721	-0.000560662322627	-0.975190933473	-0.22136400202
0.703274160254	-0.490038464366	-0.00156997887047	0.000564813130376	-0.000414466304058	-0.975228378508	-0.221199274315
0.684326171827	-0.480990814018	-0.00156777400376	0.000544887006061	-0.000351505626601	-0.975366198928	-0.220590928033
0.66808075773	-0.473256772555	-0.00156787178191	0.0005289423036	-0.000397965311576	-0.975496422982	-0.22001429634
0.654986935481	-0.467042888332	-0.00156850780924	0.000513123201452	-0.000507290338338	-0.975667322502	-0.219255000315
0.636000609468	-0.458082437719	-0.00156943653789	0.000493814833416	-0.000712211015386	-0.975953784888	-0.217975821285
0.617891343493	-0.449593951618	-0.00157080202494	0.000467986532681	-0.00085408169988	-0.976252626542	-0.216633009266
0.607921074736	-0.444950859309	-0.00157012320199	0.000443996242903	-0.000906393482175	-0.976511115144	-0.215464668378
0.5929456138	-0.438045130884	-0.00156914460076	0.000407014675922	-0.000965448588588	-0.977089038655	-0.212828364624
0.576109972547	-0.43042270047	-0.00156822480622	0.000384026629892	-0.00100321690576	-0.977991462882	-0.208642144855
0.558747526161	-0.422765235854	-0.00156908746481	0.00039587764489	-0.00101562069589	-0.979138603656	-0.203190567267
0.549572747432	-0.418818878266	-0.00156995876687	0.000406471691223	-0.00102436501128	-0.979845249163	-0.19975503285
0.535293544874	-0.412835414989	-0.00157121200321	0.000428573915647	-0.00104095427845	-0.980998469067	-0.1940122069
0.512107086733	-0.403550609051	-0.00157177837948	0.000445351708018	-0.0010388024629	-0.982965675343	-0.183785754748
0.502311143729	-0.399804325388	-0.00157242301733	0.000434822708269	-0.00106276415321	-0.983874780114	-0.178854965034
0.488254149745	-0.394628840731	-0.00157093204053	0.000427961971092	-0.00110475154786	-0.985168959913	-0.171582973502
0.465609037297	-0.386774880321	-0.00157328995577	0.000454121930968	-0.0011045915581	-0.987039998211	-0.160469983429
0.457071535359	-0.38395801929	-0.00157288311388	0.000470045400896	-0.00108186880397	-0.987682830192	-0.156464806141
0.435627011675	-0.377218246044	-0.00157371095624	0.000502897642392	-0.00100351174649	-0.989213250846	-0.146478272819
0.424614507614	-0.373939555628	-0.00157359221432	0.000515048217313	-0.000954254245133	-0.989923251409	-0.1416007784
0.40394373179	-0.368087131429	-0.00157315886677	0.000535274314927	-0.000832864629331	-0.991088441291	-0.133201806882
0.390433701618	-0.364462647511	-0.00157408174572	0.000537491212469	-0.000782496633038	-0.991795992122	-0.127827261622
0.371069752911	-0.359532838871	-0.00157327347223	0.00055120703499	-0.000748651380673	-0.992681433184	-0.12075888333
0.35747374906	-0.356236737364	-0.00157339592508	0.000558471023931	-0.000728650716354	-0.993218183582	-0.116261760615
0.340438300866	-0.352287889239	-0.0015750920731	0.000557445645038	-0.000750816814913	-0.993851293041	-0.110719162071
0.328244237542	-0.349583956961	-0.00157349553283	0.000553575204621	-0.000786656381349	-0.994284863295	-0.106755259113
0.312116454995	-0.346163495978	-0.00157401270675	0.000543055370416	-0.000841199849622	-0.994832831512	-0.101521597796
0.294484530242	-0.342626364707	-0.00157432744389	0.000538008867059	-0.000901032005298	-0.995398353688	-0.09581761927
0.273980837366	-0.33877241111	-0.00158334766305	0.0009146215803	-0.000944068715256	-0.99598160442	-0.0895483995278
0.258175881239	-0.335972359628	-0.00161955542725	0.00140801743669	-0.000879243204029	-0.996320298028	-0.0856919375192
0.245143761452	-0.333745074554	-0.00161014363137	0.00127321810145	-0.000704690725636	-0.996511077794	-0.0834479128552
0.228526295679	-0.330976935647	-0.00158720421307	0.00106095709737	-0.000414900365484	-0.996648276488	-0.0817980146486
0.217509905126	-0.329163791044	-0.00159686584578	0.00116590204965	-0.000233090057282	-0.996678681193	-0.0814259958301
0.204205088121	-0.326980164527	-0.00160049785097	0.00110518653032	-0.000101114828123	-0.996700071547	-0.0811648675026
0.193396918533	-0.325211618838	-0.00158417256463	0.00106078931639	-0.000133905870068	-0.996742630158	-0.0806410938767
0.178867144908	-0.322857082873	-0.00160012899475	0.00103006803341	-0.000367269906473	-0.996818344244	-0.0796993892763
0.168571349807	-0.321203396902	-0.00157773782314	0.000748698395482	-0.000574242384409	-0.996877359652	-0.0789597334671
0.161710439148	-0.320112611545	-0.00157393323786	0.000760869390526	-0.000743592521473	-0.996946491747	-0.0780804760597
0.150634192502	-0.318385654186	-0.00160242773834	0.00104383832105	-0.000994881154765	-0.997097593713	-0.0761203601238
0.143981314418	-0.317370393392	-0.00159867208715	0.000988476495237	-0.00104184486562	-0.997190672242	-0.0748912589443
0.131400451045	-0.31549445864	-0.00156418180274	0.000157702569889	-0.000871342520278	-0.997298974485	-0.0734436612927
0.116499573025	-0.313293161784	-0.00151393100259	-0.000748604018837	-0.00041235982754	-0.997276750468	-0.0737451864754
0.110266220645	-0.312365059066	-0.00151666441464	-0.000618511471355	-0.000226778377938	-0.997234036379	-0.0743225585008
0.0954846318494	-0.310124643098	-0.00158049297451	0.000739097028464	7.29853365511e-05	-0.997069408744	-0.0764986441457
0.0818022578438	-0.307982185168	-0.00162035706844	0.00156491392327	0.000160829138884	-0.996884131541	-0.0788641455917
0.0747510670769	-0.306851115743	-0.00161934753888	0.00153909153424	0.000122592649799	-0.996785997402	-0.0800955151785
0.0592814511939	-0.304297135002	-0.00158425581101	0.000842047493978	-0.000105250290297	-0.996481131166	-0.0838130962886
0.0511559988111	-0.302900076556	-0.00156131956654	0.000370941830725	-0.000260484441741	-0.996267954089	-0.0863131404005
0.0407820895959	-0.301052277657	-0.00154934478892	7.03271527951e-05	-0.00049033823235	-0.995971446631	-0.0896695718671
0.0305680014264	-0.299159386503	-0.00156396218699	0.000483856756913	-0.00069999193022	-0.995605595912	-0.093641728318
0.0178929986926	-0.296685864091	-0.00159831437406	0.00103488981505	-0.000751793141582	-0.99507492688	-0.099117373379
0.004084708308	-0.29382579925	-0.00158993430495	0.00105652094813	-0.000572442941007	-0.994434047305	-0.105354077443
-0.00123233529832	-0.292676884218	-0.00158854857773	0.00107132515161	-0.000452874129416	-0.994132915159	-0.108159115036
-0.0143362944412	-0.289701763262	-0.00157840188801	0.000726160819399	-0.000116990124653	-0.993324139326	-0.115354294399
-0.0220549619862	-0.287852593904	-0.00156206189359	0.00049761870228	1.56392030844e-05	-0.992804666388	-0.119744087662
-0.0324439696712	-0.285242164668	-0.00157495497089	0.000750402676113	3.73735684363e-05	-0.991949097382	-0.126635001881
-0.0395395869942	-0.283365954736	-0.00158543761456	0.000873650133757	-3.42785844523e-05	-0.99131332658	-0.131518531414
-0.0494133935907	-0.280628106656	-0.00157756119004	0.000846296316406	-0.000227282889371	-0.99036401137	-0.138485945525
-0.0565402349148	-0.278556803938	-0.00158258757218	0.000888179160307	-0.000398132282894	-0.989527351234	-0.144342210696
-0.0650528135372	-0.275954784259	-0.0015776130875	0.000712395783067	-0.00053284012345	-0.988422864678	-0.151721617294
-0.074971673058	-0.272743035862	-0.00156376902983	0.000546188825343	-0.000611711787432	-0.986991608693	-0.160769685751
-0.07995962714	-0.271052180289	-0.00157258603686	0.000739956465413	-0.000626158349053	-0.986143175896	-0.165893631658
-0.0868263078738	-0.268625618788	-0.00158687820826	0.000859931248971	-0.000560626014021	-0.984911324099	-0.173056724452
-0.0936306437959	-0.266109443868	-0.00157471344943	0.00075667523143	-0.000429139578297	-0.98362213256	-0.18024079344
-0.0991125773436	-0.263996966985	-0.00157134525732	0.000834243869953	-0.000330763966894	-0.98239307538	-0.186823553327
-0.106212165107	-0.261129570312	-0.00158208844425	0.000842477231155	-0.000219514046737	-0.980616550749	-0.195934740266
-0.114058143461	-0.257774679637	-0.00156391445986	0.000607530667531	-0.000181330268651	-0.978491384794	-0.206286712876
-0.119599904755	-0.255282358673	-0.00157229750886	0.000759605783197	-0.000305966201332	-0.976724323042	-0.21449691411
-0.122784503777	-0.253796740033	-0.00158140311983	0.000793644729156	-0.000394140073451	-0.975651611455	-0.219324298348
-0.129104258249	-0.250734504606	-0.00157035426858	0.000636234417921	-0.000545017499439	-0.973431684098	-0.228976100405
-0.134854081714	-0.247811577706	-0.00156290589674	0.000405445124827	-0.000623656891905	-0.97129016361	-0.237896752271
-0.138379617401	-0.245952603404	-0.00156008026021	0.000324393853616	-0.00064210824443	-0.969915722125	-0.243439878491
-0.14323266681	-0.243308746212	-0.00156144618806	0.000345776431284	-0.000630644978923	-0.967950448295	-0.251140224517
-0.148464655796	-0.240341193799	-0.00157568767487	0.000891825395453	-0.000670781264524	-0.965526237412	-0.260303360657
-0.153007034088	-0.237655275982	-0.00160969480496	0.0013757291525	-0.000691584410455	-0.962978372819	-0.269574261685
-0.156565805342	-0.235462231022	-0.00158462303335	0.00105883167734	-0.000574984949258	-0.960840886929	-0.277098066165
-0.158860603595	-0.234004978066	-0.00157254877194	0.000853318046281	-0.000571248707119	-0.959210363526	-0.28269139362
-0.161054169294	-0.232571916508	-0.00158195063996	0.000928246685161	-0.000788470437589	-0.957174500552	-0.289509053684
-0.161905232004	-0.232002407901	-0.00159220979498	0.00114049213694	-0.00105573437843	-0.95589349789	-0.293709389354
-0.162243760417	-0.231774877265	-0.00159905845027	0.00106195656222	-0.0013236664651	-0.954541673547	-0.298072664996
-0.162346943253	-0.231703085743	-0.00157515295991	0.000541993531024	-0.0012938511192	-0.9539486892	-0.299966549079
-0.162364347279	-0.231691284801	-0.0015537665169	1.16310879111e-05	-0.00116676844945	-0.953581049828	-0.30113422244
-0.162262518196	-0.231764867957	-0.00154250735563	-0.000284219557505	-0.00090997790847	-0.953388470866	-0.301744121366
-0.162170340132	-0.231833458878	-0.00155261335587	6.01670968807e-05	-0.000706189945469	-0.953368754703	-0.301807082804
-0.162150410745	-0.231851545246	-0.00156808509623	0.000584414981538	-0.00049539655677	-0.95336625323	-0.301814844305
-0.162185312343	-0.231829167838	-0.00157571718171	0.000824959304316	-0.000354712421005	-0.953369955317	-0.301802786468
-0.162273852164	-0.231767903133	-0.00156991830789	0.000727861655587	-0.000193912117245	-0.95338513602	-0.301755223703
-0.162292804287	-0.231753277947	-0.00156073538833	0.000459775006891	-0.000215418456786	-0.953392455216	-0.301732610997
-0.162271351179	-0.23176610321	-0.00155444952402	0.000235189131018	-0.00035880280047	-0.953395440386	-0.301723300721
-0.162217872591	-0.2318003554	-0.00155638588871	0.000191384235816	-0.000677236322371	-0.953393391495	-0.301729259066
-0.162195955645	-0.23181378626	-0.0015627533404	0.000303294964002	-0.00091539087611	-0.953390197324	-0.301738631463
-0.162196870267	-0.231812347602	-0.00156658531463	0.000379226194465	-0.0010198771928	-0.953388607327	-0.301743234319
-0.162238409999	-0.231782951665	-0.00156962454094	0.000452880287909	-0.00106060975086	-0.95338632997	-0.301750187794
-0.162244723235	-0.231778728056	-0.00156897064815	0.000443415414872	-0.00103601069166	-0.953386216812	-0.301750644833
-0.1622660564	-0.231766221721	-0.00156250087472	0.000346379964602	-0.000760178658655	-0.953385534409	-0.301753748822
-0.162254007062	-0.23177756266	-0.00155922005376	0.000332352013791	-0.000485516623069	-0.953385209645	-0.301755357609
-0.162244437255	-0.231785469836	-0.00155937047313	0.000364769544179	-0.000385852992997	-0.95338568399	-0.301753965381
-0.162231240373	-0.231796152779	-0.00156246126513	0.000478914772199	-0.000288448841421	-0.953389443603	-0.301742035957
-0.162235758586	-0.231792344999	-0.00156431878905	0.000514180360379	-0.000355333448726	-0.953394122919	-0.301727121321
-0.162242330546	-0.23178655854	-0.00156448779421	0.000491247791881	-0.000454847025924	-0.953397242981	-0.301717167006
-0.162249778963	-0.231778180783	-0.00156310619442	0.000376158283227	-0.000712796352621	-0.953400565148	-0.301706335368
-0.162246702901	-0.231778539289	-0.00156253848616	0.000312272523543	-0.000867294386776	-0.95339968541	-0.301708783673
-0.162245353397	-0.231779184156	-0.00156258599021	0.000304627500793	-0.000895191273686	-0.953399116645	-0.301710507298
-0.162241240872	-0.231782010122	-0.0015639251917	0.000333415488008	-0.000919611502042	-0.953394818527	-0.301723985049
-0.162244784259	-0.231780635968	-0.00156443091831	0.000375772922619	-0.000829267512155	-0.953393319838	-0.301728932652
-0.162251730345	-0.23177756708	-0.00156410780732	0.000415670898858	-0.000668640016291	-0.953393195876	-0.301729670725
-0.162256640163	-0.231775770523	-0.00156313226635	0.000433908038036	-0.000514523594272	-0.953394642402	-0.301725376506
-0.162257570724	-0.231775932661	-0.00156245453832	0.000437528523533	-0.00043618533186	-0.953396231364	-0.301720473837
-0.162243321612	-0.231786276442	-0.00156175826704	0.000442847132843	-0.000386591051044	-0.953407780016	-0.301684039085
-0.16218556488	-0.231826079985	-0.00156292150788	0.000451429245619	-0.000465736921023	-0.953581324304	-0.301134915344
-0.162155599816	-0.23184583386	-0.00156427359221	0.000437278016866	-0.000535062722329	-0.953763878435	-0.300556129015
-0.162024643071	-0.231930345567	-0.00156345911029	0.00034052958747	-0.00085782558263	-0.954987552459	-0.296644438382
-0.161914195037	-0.232002015307	-0.00156580023729	0.000313488133559	-0.0010127835319	-0.956000728358	-0.293362375525
-0.161818343105	-0.232063135054	-0.0015668801211	0.000304218978392	-0.00109367161974	-0.957005069468	-0.290068971703
-0.161655873628	-0.232166176792	-0.00156739844471	0.000333539019541	-0.00103039217199	-0.959196846362	-0.282737045632
-0.161578343162	-0.232213026486	-0.00156613832888	0.000361193042458	-0.00085867158196	-0.960910758125	-0.27685672674
-0.161528737899	-0.232242568993	-0.00156628676358	0.000393193236001	-0.000748234342893	-0.962077257647	-0.272775797794
-0.161518243059	-0.232248295764	-0.0015666858767	0.000426433635748	-0.000496615966179	-0.964789647512	-0.263021876619
-0.162277448143	-0.231807257375	-0.00154923873932	7.67952283783e-06	-0.000248499922937	-0.966971391408	-0.254884810035
-0.163472028272	-0.231139996788	-0.00152911787795	-0.000186350532724	-0.000163843378565	-0.969111619763	-0.24662239734
-0.164565742695	-0.230552189756	-0.00155213029413	0.000105256253145	-0.000290576728245	-0.970887577001	-0.239535419744
-0.166299918617	-0.229652494253	-0.001567138507	0.000241081510966	-0.000454385758009	-0.972674211089	-0.232173673132
-0.169766372344	-0.227933240538	-0.00154780420489	-6.55127830364e-05	-0.000605305855063	-0.97497359687	-0.222319847784
-0.172917215705	-0.226446053823	-0.00154863720853	-0.000122639406969	-0.000753623803146	-0.976740814299	-0.21442201075
-0.175139437363	-0.225430715762	-0.00155379595431	-0.000196274621805	-0.000806918865168	-0.977757917887	-0.209734986037
-0.182367461335	-0.222287174142	-0.00154422066724	-0.000110458438324	-0.000886274825893	-0.980475238968	-0.196640555549
-0.186451068398	-0.220612080803	-0.00156572250166	0.000236276923815	-0.000905978224542	-0.981844337102	-0.189686111976
-0.192153147438	-0.218373475492	-0.00156509354594	0.000398104710693	-0.000810028488617	-0.983490700592	-0.180956423524
-0.197306338404	-0.216452511419	-0.00156949258481	0.000520092592195	-0.000695499654828	-0.984885408009	-0.173205019774
-0.20257341059	-0.214584717252	-0.00157114131353	0.000533871116158	-0.000569696481769	-0.986222815076	-0.165420523066
-0.208724712593	-0.212514134653	-0.00155796736318	0.000316988115563	-0.000448973119602	-0.987622553645	-0.15684830083
-0.212905638681	-0.211175677269	-0.00155435860056	0.000275769741661	-0.000434868220523	-0.988527171513	-0.151042265678
-0.222309157213	-0.208358941776	-0.00156641596984	0.000438391646752	-0.000575278695531	-0.990410443194	-0.138154373362
-0.22701692814	-0.207043548575	-0.00156712705415	0.000413000731797	-0.00066716325426	-0.991235821938	-0.13210196679
-0.233951342423	-0.205220594896	-0.00156411943452	0.000427243077239	-0.000810724700358	-0.992372433082	-0.123272520243
-0.239335007248	-0.203895785974	-0.00156916539702	0.000470954723399	-0.000896809195263	-0.993195624998	-0.116453529014
-0.24974045314	-0.201552160129	-0.00155728291911	0.000257925344773	-0.000916790426131	-0.9945874202	-0.103898780308
-0.256645492243	-0.20014911872	-0.00155954388553	0.000300221780433	-0.000873013061811	-0.995413180179	-0.0956647711595
-0.263618636967	-0.19885213691	-0.00156767388297	0.000467646543652	-0.000797249179847	-0.996169839487	-0.0874345274892
-0.272438903041	-0.197374827146	-0.00156385688398	0.000417860072897	-0.000665046407331	-0.996968845978	-0.0777978358029
-0.277369598505	-0.196625252996	-0.00156006417592	0.000426221008529	-0.000605545280193	-0.997369466585	-0.0724817133775
-0.283728748764	-0.195737082614	-0.00156723461503	0.000493878062981	-0.000560478380653	-0.997842857453	-0.0656435356962
-0.295455060885	-0.194325910824	-0.00156340212866	0.0004730604873	-0.000568297463996	-0.998569241893	-0.0534688918679
-0.304077682135	-0.193471794213	-0.0015685735879	0.000533423980346	-0.000646678114077	-0.99900512657	-0.0445876031437
-0.311261877787	-0.192877706698	-0.00157128671391	0.000587957371954	-0.000731014472916	-0.999306633747	-0.0372205813036
-0.321168546384	-0.192229437428	-0.00156283202205	0.000371756189659	-0.000824647874436	-0.999620531953	-0.0275313248992
-0.328269453232	-0.191883951033	-0.00155651611323	0.000326284784658	-0.0008714804761	-0.999786473229	-0.0206432073035
-0.336545025716	-0.191604706373	-0.00156582046656	0.000371227876801	-0.000889291908564	-0.999918330069	-0.0127438040157
-0.345380218834	-0.191447899907	-0.00156075852288	0.000405645036384	-0.000866245055351	-0.999988933129	-0.00460637509904
-0.357031828392	-0.191461499361	-0.00157240100719	0.000614283498702	-0.000790022710803	-0.999981031289	0.00607746510768
-0.366911981969	-0.191666697325	-0.00157663593321	0.000660942588424	-0.00070903668587	-0.999887115976	0.0149938562886
-0.374122388555	-0.191926918362	-0.00156833866611	0.000567343960771	-0.000660306895091	-0.999771394606	0.0213635353588
-0.385060674118	-0.192497963732	-0.00156557276639	0.00050955344547	-0.000616021477913	-0.999517642132	0.0310458361113
-0.394939491283	-0.193195325488	-0.00156822366542	0.000497277493236	-0.000620015520821	-0.999210339573	0.0397248736505
-0.404844534169	-0.194066027263	-0.00155928314822	0.000405617530244	-0.000670563003766	-0.998838549562	0.0481761115909
-0.41445155208	-0.195071971693	-0.00156411182272	0.000494385773294	-0.000734670519695	-0.99840941795	0.0563724222613
-0.425044974493	-0.196364644713	-0.00157288846675	0.000631854460126	-0.000801495760894	-0.997863892284	0.0653192991468
-0.432041094749	-0.197323007188	-0.00157078999697	0.000505913309	-0.000845300867737	-0.997482383716	0.0709078535454
-0.444532917421	-0.199232750939	-0.00155636658367	0.000402881340521	-0.000878746361419	-0.996730285295	0.0807948257438
-0.456744719687	-0.201345299635	-0.00156781231651	0.000533523651808	-0.000846323677382	-0.995901332991	0.0904407764031
-0.463924332098	-0.20270155612	-0.00156799714659	0.000599319358655	-0.000814438020529	-0.995376058238	0.0960493633215
-0.474043193557	-0.204755298958	-0.00157172373691	0.0007111169723	-0.0007566517315	-0.994581322553	0.103956311107
-0.49045340868	-0.208442487183	-0.00157415485474	0.00069855419279	-0.000676830089202	-0.993167931538	0.116689818265
-0.499725750453	-0.21072118541	-0.00156464954987	0.000592008745204	-0.000658416875553	-0.992308567396	0.12378579517
-0.513223610132	-0.214291455416	-0.00156517885408	0.00057716656406	-0.000649420427143	-0.990959097453	0.134161515744
-0.5263258321	-0.218044858726	-0.00156514747843	0.000494572192755	-0.000691608044407	-0.989580895523	0.143975443369
-0.532449181293	-0.219895040244	-0.00155742508955	0.000470111697892	-0.000720105287067	-0.988913754402	0.148488540965
-0.545668684326	-0.224098810189	-0.00156559373348	0.000611156151709	-0.000762011080768	-0.987397878101	0.158254466443
-0.558254918244	-0.228368088519	-0.0015734670274	0.000759975173973	-0.000788063527548	-0.985865707488	0.167533901622
-0.564926387683	-0.23073982883	-0.00157156411279	0.000664563785013	-0.000822650381545	-0.985039727824	0.172324160264
-0.580340359659	-0.23649962058	-0.00155901982822	0.000561508251193	-0.000845585069233	-0.983035190893	0.183414239251
-0.590156079579	-0.24037429655	-0.00156524986075	0.00059086979384	-0.000815535355889	-0.981696807352	0.190447799174
-0.602206301959	-0.245355472509	-0.00156105895149	0.000624757431824	-0.000766268399619	-0.980010452511	0.198943548477
-0.613494526577	-0.250244403644	-0.00156849076329	0.000743722762315	-0.000699524906682	-0.978356073753	0.206925954126
-0.624040896235	-0.255009902339	-0.0015723095009	0.000830578571681	-0.000647971785816	-0.976745136835	0.214401091276
-0.638492915732	-0.26185438232	-0.00156025065403	0.000568428070061	-0.000685394800925	-0.97451961265	0.224300538753
-0.652166691724	-0.26866369376	-0.00155589271503	0.000515544348796	-0.000708990173619	-0.972315825785	0.233668924922
-0.662266795737	-0.273904630597	-0.00156301142696	0.000587657816367	-0.000718757498049	-0.970632044945	0.240567186816
-0.676461395012	-0.281581796723	-0.00156096172106	0.000705690237315	-0.00074769090224	-0.968202986694	0.25016378538
-0.684059980344	-0.285841627572	-0.00156752340917	0.000810370731125	-0.000751104534788	-0.966854884929	0.255324128569
-0.696703050125	-0.293165632266	-0.00157281042387	0.000896655337523	-0.000760361012677	-0.964547362492	0.263907187038
-0.708450713778	-0.300243160027	-0.00156189801029	0.000717114492141	-0.000813438540212	-0.962379149124	0.271707926634
-0.722614077296	-0.309125539024	-0.00155822238066	0.000655539934374	-0.000799839022949	-0.959653960006	0.281181805188
-0.73346389224	-0.316195079081	-0.001563286613	0.000698154226286	-0.000747539141082	-0.957493754418	0.288452186707
-0.747502575627	-0.325693581884	-0.00155342307782	0.000595232128918	-0.000735036782573	-0.954680846835	0.297629948268
-0.762495109424	-0.336277642056	-0.00156305389237	0.000748980425199	-0.000664055713249	-0.951545738142	0.307505619919
-0.772924888698	-0.34391970481	-0.00157009013659	0.000962642983332	-0.000600794464637	-0.949251926485	0.314514693504
-0.778973353906	-0.348460921415	-0.00157658229477	0.00106343337385	-0.000579834222835	-0.947877726923	0.318631994165
-0.795504638576	-0.361300451807	-0.00157382250618	0.00104694919498	-0.000624672568362	-0.943979786656	0.330001024342
-0.807584362541	-0.371096111362	-0.00156532949442	0.000868605278975	-0.000704575207203	-0.940969131332	0.338490536024
-0.815066203029	-0.377348706416	-0.001560678785	0.000782225786413	-0.000740589334851	-0.939025483119	0.34384586911
-0.830456651264	-0.390678687317	-0.00156018957547	0.00078732948334	-0.000726189131095	-0.934860059489	0.355014819315
-0.834420826165	-0.3942176802	-0.00156214420639	0.000823289797337	-0.000705806750755	-0.933751488317	0.357920357197
-0.84791333916	-0.406602322352	-0.0015749069947	0.0011279053669	-0.000551376608007	-0.929857491421	0.367917748229
-0.858256375643	-0.416464825292	-0.00158362844373	0.00120514015719	-0.000477406339495	-0.926749698301	0.375677143861
-0.8730108066	-0.431122194343	-0.00156762663741	0.000906731935569	-0.000537809663019	-0.922163977257	0.386797734802
-0.88143685266	-0.439815013861	-0.00155683589647	0.000720007081984	-0.00057742299359	-0.919485344058	0.393123199818
-0.892069055415	-0.451133339151	-0.00155671651498	0.0006833442304	-0.000572335155144	-0.915990354125	0.401199297884
-0.899048962187	-0.45878509645	-0.0015607189938	0.000779451407646	-0.000538835642294	-0.913620623206	0.406566672226
-0.911077994533	-0.472405277278	-0.0015710996861	0.000997068550757	-0.000487840943224	-0.909395298392	0.415931435609
-0.918679949762	-0.481310417529	-0.00157398624858	0.00106737546714	-0.000496215377477	-0.906627233669	0.421930887291
-0.925890908446	-0.489982793304	-0.00157232595307	0.00105694981259	-0.000533615284119	-0.90392415827	0.427691143476
-0.937670419407	-0.504647125239	-0.00157610998483	0.00129712890092	-0.000409415135435	-0.899431209029	0.437060236193
-0.944977485268	-0.514058138836	-0.00160511622507	0.00171047492685	-9.58296411903e-05	-0.896706568734	0.442622180512
-0.949990370041	-0.520654905319	-0.0016190874984	0.0019203802662	0.000123809060918	-0.894739745841	0.446583792835
-0.958045999451	-0.531526727765	-0.00162092774735	0.00187025204976	0.000309512581125	-0.891268829517	0.45347136612
-0.964368320743	-0.540315280952	-0.00159954027412	0.00144344184402	0.000304781808629	-0.888487880089	0.458897712479
-0.969750178508	-0.547974373787	-0.00158639293989	0.00114158502478	0.000338174435013	-0.886265620918	0.463175810681
-0.971782499411	-0.55090806587	-0.00158690282683	0.00113335921232	0.000386610968358	-0.885344820087	0.464933452845
-0.977771638069	-0.559724108582	-0.00159362812883	0.00108941230915	0.000238908683844	-0.881522209831	0.472141239121
-0.980148545693	-0.563319512796	-0.00157328540906	0.000885221167714	-3.46477622052e-05	-0.879521431377	0.475858452621
-0.984442129739	-0.570008167895	-0.00156205755125	0.000944796531312	-0.000410884010389	-0.874642222839	0.484767903807
-0.986198201373	-0.57284278569	-0.00158430536667	0.0013540438777	-0.00036846144412	-0.871826095137	0.489813526395
-0.988859564494	-0.577296861307	-0.00161719287364	0.00191475871101	-0.000151420588399	-0.866527837842	0.49912505148
-0.989657797265	-0.578677678317	-0.00161423120392	0.00192718936517	-8.7576519247e-05	-0.864608407635	0.502442613359
-0.991625762477	-0.582214776518	-0.00159664315998	0.001331749012	-1.38896170431e-05	-0.85877426801	0.512352401044
-0.992611019169	-0.584068094396	-0.0015639627882	0.000681284950306	-7.0952692086e-05	-0.855485566324	0.517826203111
-0.993684433616	-0.586160381871	-0.00154406842825	0.000213718220025	4.74390140037e-05	-0.850968081899	0.525217360398
-0.994463143919	-0.587743648458	-0.00156452505899	0.00037110813117	0.000360362086967	-0.84651991268	0.532356806902
-0.99558556815	-0.590129128887	-0.00157011550179	0.000825912860307	0.000537963817999	-0.839388788984	0.543530578157
-0.995743539631	-0.590479493359	-0.00157303393087	0.000958560829877	0.000543007114287	-0.837862691647	0.545879928419
-0.996406629953	-0.592003344548	-0.00156886321981	0.000972093608657	0.000110364614401	-0.830846130229	0.55650134837
-0.996653305013	-0.592603131862	-0.00155666951489	0.000771784083886	-0.000194917873671	-0.827866255295	0.560924976892
-0.996857624648	-0.593111297591	-0.00154638128752	0.00064977227303	-0.000441996536847	-0.823865725946	0.566784481128
-0.996834420179	-0.593031954406	-0.0015615281785	0.000946259414838	-0.000280135330825	-0.816773858971	0.576957094955
-0.996814545804	-0.59296535209	-0.00155519991727	0.000906322063534	-0.000168120055047	-0.812367661713	0.583144864094
-0.996764812559	-0.592807351086	-0.00155093588429	0.000581824595183	-5.38968276713e-05	-0.805960182788	0.591969460645
-0.996733147445	-0.592702943922	-0.00154793553498	0.000399464908814	-7.71487174896e-06	-0.80279323947	0.596257373145
-0.99666236667	-0.592455022872	-0.00154616697339	0.000195247652911	9.41042606177e-05	-0.796232032874	0.604991324606
-0.996630724626	-0.592332036747	-0.00154581080915	0.000204431226193	0.000135627238484	-0.792669384175	0.60965169335
-0.996591427877	-0.592162089359	-0.00154742869274	0.000338303263875	0.000145716427786	-0.787190412931	0.616709914065
-0.996561520542	-0.592013051507	-0.00154772767212	0.000505010854243	5.64669468737e-05	-0.781653259001	0.623713014509
-0.9965302632	-0.59184273426	-0.00154701153959	0.000617435185658	-0.000134978687855	-0.775434581017	0.631427597685
-0.99650470789	-0.591695262724	-0.00154608880132	0.000633005753464	-0.000292352668281	-0.770444270267	0.637506972704
-0.996478971285	-0.59154139489	-0.00154520081185	0.00061743865178	-0.000379305776128	-0.765736525848	0.643153984578
-0.996440445992	-0.591292350689	-0.00154469492916	0.000581277562345	-0.000339205191674	-0.758343912039	0.651854322782
-0.996424385604	-0.591178368066	-0.00154486066821	0.00056328672846	-0.000257593936397	-0.754858538044	0.655887340857
-0.996407611737	-0.591049382544	-0.00154493125285	0.000533330803634	-0.00013715359273	-0.750679249177	0.66066660397
-0.996383971574	-0.590837961181	-0.0015447497269	0.000443440858322	5.15388284602e-05	-0.743083653786	0.669198389254
-0.996367838738	-0.590653315115	-0.00154430882038	0.000358111709149	0.00011836960455	-0.736249081643	0.676710534516
-0.996357275667	-0.590492971112	-0.00154378741741	0.000329148745635	9.63922300333e-05	-0.730555641373	0.682853086123
-0.99635152421	-0.590376686804	-0.00154357180294	0.000344355503681	5.2152839748e-05	-0.726562897509	0.687099872407
-0.996345856611	-0.590206542871	-0.00154360530583	0.00041367868596	-3.24114126769e-05	-0.720794593142	0.693148600457
-0.996342926806	-0.589995039231	-0.00154377468078	0.000537129904089	-0.000142501351663	-0.713381389842	0.700775772849
-0.996343420458	-0.589836732568	-0.00154384035972	0.000612541288608	-0.00020569035136	-0.707497204934	0.70671584636
-0.996345863942	-0.589675467843	-0.00154385424252	0.000641249322497	-0.000228276369012	-0.701384070931	0.712783222119
-0.996350912052	-0.58949183776	-0.0015436828722	0.000606464564353	-0.000192467650576	-0.694321153525	0.719665012992
-0.996353737378	-0.589416518204	-0.00154353389365	0.000576332387786	-0.000160503295232	-0.691408368754	0.722463915844
-0.996361747613	-0.58925135507	-0.00154342727984	0.000497252752968	-6.99426344007e-05	-0.684997046764	0.728545670341
-0.996373081811	-0.589079544659	-0.00154335416062	0.000420286601761	2.53115577253e-05	-0.678150892285	0.734922574162
-0.996387056236	-0.588919011393	-0.00154335465405	0.000376596442915	8.00080125407e-05	-0.671402841299	0.741092488472
-0.996402242774	-0.588777504463	-0.00154331700851	0.00037589206878	8.54359013039e-05	-0.665352246705	0.746529463056
-0.996421371927	-0.5886271935	-0.00154339615156	0.000411674356842	4.83795548916e-05	-0.658876090212	0.752251371505
-0.996445331224	-0.588463322292	-0.00154347625803	0.000477752718378	-1.77131784821e-05	-0.651985542028	0.758231247328
-0.996464605161	-0.588344170309	-0.00154354928242	0.000528173865779	-6.83813941986e-05	-0.646980355446	0.762506482611
-0.99650093194	-0.588138673805	-0.00154359615191	0.000595685207942	-0.000116773523945	-0.639032809171	0.769179238102
-0.996535177314	-0.587960792132	-0.00154407127199	0.000617913570318	-0.000117519766317	-0.632780987496	0.774330566512
-0.996568079397	-0.587800695501	-0.00154395090382	0.000600900847431	-9.9923332808e-05	-0.627079129834	0.77895532212
-0.996613570297	-0.587594531773	-0.00154391420586	0.000537494373833	-5.63962435141e-05	-0.61955740805	0.78495116157
-0.996655790332	-0.587416261483	-0.00154360071624	0.00045096318942	-7.39959405703e-06	-0.611796354721	0.791015181224
-0.996694382028	-0.58726632066	-0.00154393325076	0.000407912100515	4.42908658363e-05	-0.605184335622	0.796085266516
-0.996715943046	-0.587187334969	-0.00154408735389	0.00039976063928	6.82400285996e-05	-0.601558111504	0.798828939147
-0.99675760322	-0.587043509076	-0.00154422418082	0.000407758133938	7.29734093833e-05	-0.592790807686	0.805356372503
-0.99679351789	-0.586929446117	-0.00154449501759	0.000452469505516	4.73106295645e-05	-0.585383727406	0.810756242481
-0.996831458883	-0.586816806409	-0.00154469706382	0.000509210675441	1.36115019273e-05	-0.578361477091	0.815780449837
-0.996859801041	-0.586736324267	-0.00154499380826	0.000544594356834	-7.68652585508e-06	-0.573607051621	0.819130425322
-0.996912548771	-0.586593204754	-0.00154514253456	0.000579467490669	-3.84223576232e-05	-0.56509069842	0.825028584535
-0.996962893228	-0.586463081867	-0.00154530505977	0.000570753104029	-4.78219327242e-05	-0.556699030383	0.830714067249
-0.99699101299	-0.586393143711	-0.00154525614381	0.000552312678381	-3.78322895203e-05	-0.551828055829	0.833957726938
-0.997036441442	-0.586284401385	-0.00154548810122	0.000516814056591	5.0177810663e-06	-0.544160738657	0.838980824204
-0.997073612035	-0.586199502916	-0.00154580827843	0.000482808861195	4.95340077595e-05	-0.537529437287	0.843244844925
-0.997116402505	-0.586105908182	-0.00154584809793	0.000442531526904	9.07471429933e-05	-0.528742936498	0.848781893677
-0.997156337862	-0.586023995559	-0.00154625716676	0.000429440539481	0.000104221735886	-0.520767650015	0.853698342166
-0.997164660997	-0.586008059643	-0.00154650820561	0.000421823455058	7.82013729234e-05	-0.515776706967	0.856722945006
-0.99687843535	-0.58653531771	-0.00154765261645	0.000254447178839	-0.000272923294986	-0.508769389297	0.860902764129
-0.996016722236	-0.588053483764	-0.00153781692333	0.00010071196697	-0.000731742490505	-0.49975312309	0.86616757638
-0.995105460649	-0.589594878481	-0.00154508370617	0.000362939646338	-0.000516440273104	-0.492032188411	0.870576778424
-0.994473937469	-0.590632162762	-0.00154844970023	0.000489220364498	-0.000415330143067	-0.488274619607	0.872689798274
-0.992952657586	-0.593058524525	-0.00154848351277	0.000803157982364	-5.70652907234e-05	-0.48006238011	0.877233984113
-0.991353999466	-0.595509025789	-0.00155939833084	0.0009761264647	0.00023686819108	-0.472013467663	0.881590765273
-0.989601142076	-0.598092323872	-0.00155670766829	0.000828563579786	0.000132402729872	-0.464385982181	0.885632517191
-0.98812191446	-0.600198839015	-0.00155026568745	0.00064412497975	1.82808861279e-05	-0.458084844799	0.888908240335
-0.985823757531	-0.603349202179	-0.00154954783102	0.000462500438515	4.17491177978e-05	-0.448361402434	0.893852245708
-0.984289478223	-0.605376132299	-0.00155315087688	0.000453538154678	0.000179165759886	-0.442002222439	0.897013822392
-0.981847818333	-0.608486573354	-0.0015597811569	0.000540135608418	0.000381977179185	-0.43218618564	0.901784155599
-0.980202560702	-0.610508462855	-0.00156266837801	0.000574696780642	0.000350411948059	-0.425968965028	0.90473752424
-0.977301652754	-0.613951807994	-0.00154786427671	0.000418666162678	-0.000248867550776	-0.417365328031	0.908738656458
-0.974256797879	-0.617436819454	-0.00152774385346	0.00037985307382	-0.000660765780291	-0.40966505271	0.91223569525
-0.972264453806	-0.619655024497	-0.00153531228859	0.000528862938201	-0.000557831823227	-0.404757485122	0.914423746064
-0.968358396674	-0.623880767461	-0.001554015574	0.000776280959154	-0.000334332099792	-0.396578367532	0.91800048149
-0.965186583589	-0.627212039725	-0.00155115387032	0.000862232244313	-0.000285644131382	-0.39095511668	0.920409295751
-0.95770623346	-0.634762641372	-0.00156984198972	0.00101529119865	0.000129156137809	-0.378476737663	0.925610237384
-0.953329232142	-0.639004978908	-0.00156758290992	0.000885697207921	4.13023733393e-05	-0.372102954059	0.928191039288
-0.94613601633	-0.645734370108	-0.0015498505635	0.000677293369264	-1.82113476601e-05	-0.362164939167	0.932113779418
-0.940796881659	-0.650547770923	-0.00156143362325	0.000616642841884	0.000113087454352	-0.355017022246	0.934859626296
-0.933971814579	-0.656502617398	-0.00155253818585	0.000547668055355	7.99464970447e-05	-0.346628094784	0.938002482712
-0.929181060713	-0.660556318645	-0.0015551520854	0.000601621507517	0.000178377589965	-0.340858863715	0.94011427032
-0.922462014622	-0.666077025174	-0.00156976848868	0.000755081059881	0.000375383712005	-0.332901596701	0.942961195306
-0.914767918542	-0.672179494896	-0.0015663052218	0.000830099720043	0.000216302438095	-0.324477424582	0.94589305161
-0.905483680508	-0.679253227484	-0.00155804267539	0.000940280720672	0.000104556708324	-0.314595846806	0.94922524098
-0.899049803258	-0.683979310324	-0.00156405699603	0.00102675908335	0.000175087374515	-0.307828903152	0.95144116029
-0.892740151205	-0.688480775456	-0.00156709221524	0.00102596050741	0.000108037441444	-0.301545244636	0.95345131033
-0.88265332163	-0.695426414371	-0.00155252088241	0.000968501040279	5.91649702849e-05	-0.291861228283	0.956460183139
-0.875206578003	-0.700362333192	-0.00156424437567	0.000939789786571	0.000197373353419	-0.284806144096	0.958584653603
-0.866375660517	-0.706020445663	-0.00156407795771	0.000870384081097	0.00027376155623	-0.276706988631	0.960953906246
-0.85904553495	-0.710558499562	-0.00156639714184	0.00083646743601	0.000375617183153	-0.270057312446	0.962843812479
-0.84887863563	-0.716625894783	-0.0015724624395	0.000814288227993	0.000492544408177	-0.260911579724	0.965362233517
-0.836635541159	-0.723596245447	-0.00156433235801	0.000728379440148	0.000154710559621	-0.250568232802	0.96809865522
-0.827132935477	-0.728777983345	-0.0015377280917	0.000705189879152	-0.000115770234467	-0.242942252417	0.970040489513
-0.818444745179	-0.733346070272	-0.0015507431499	0.000795558312727	-3.3627329207e-05	-0.236053174409	0.971739813329
-0.807481872559	-0.738898298168	-0.00155620637958	0.000890811918889	-3.65387574285e-05	-0.227943387471	0.973673978921
-0.791886968047	-0.746415926209	-0.00156029223035	0.00106170966976	0.000198635491501	-0.216873211005	0.976199182373
-0.779032985331	-0.752288373548	-0.00157863807178	0.00115132592567	0.000419246130765	-0.207959109985	0.978136752839
-0.768673127276	-0.756823207575	-0.00156661797441	0.00108497122092	0.000138933237719	-0.201246685962	0.979539981279
-0.756257446343	-0.76204151783	-0.00153660714163	0.000966472019496	-0.00022517449225	-0.193534103993	0.981093046464
-0.744954585435	-0.766591485034	-0.00154389151046	0.000928260852215	-0.000132904540356	-0.186564287754	0.982442307315
-0.727164782643	-0.773393178849	-0.00155809260759	0.00090330026179	0.000134567992973	-0.176211764609	0.9843518578
-0.718061423638	-0.776710754487	-0.00156153312856	0.00092320117129	0.00034466202259	-0.171038652774	0.98526382668
-0.696053946298	-0.784290710117	-0.00158594655539	0.000994580391334	0.000685787593117	-0.158670847344	0.987330797002
-0.680813839336	-0.789189648483	-0.00156735384707	0.000977391322728	0.000325959920814	-0.150481788146	0.988612244458
-0.66265691093	-0.79466198082	-0.00155401368148	0.00100337697134	0.000107403542298	-0.140801257404	0.990037366776
-0.649983441345	-0.798254297118	-0.00156133015313	0.00105018850712	0.000186621896829	-0.134101664681	0.990967005407
-0.640514878036	-0.800819248264	-0.00156558347881	0.00109006763442	0.000321228351245	-0.129143869399	0.99162521628
-0.623353691148	-0.805210444475	-0.00157955156394	0.00114765481616	0.000602637873428	-0.12020938744	0.992747713615
-0.607501840484	-0.808976278012	-0.00158448865872	0.00115028316375	0.000714157226595	-0.111997309586	0.993707587509
-0.584579207122	-0.813936461335	-0.00157053748045	0.00106555267916	0.000468866021814	-0.100245561068	0.994962045632
-0.570400850336	-0.816720691689	-0.00156570628543	0.00100578899204	0.000366871089684	-0.0929852636679	0.99566690943
-0.552265695917	-0.819970669275	-0.00156774319937	0.000954426948901	0.000408978945633	-0.0837426149351	0.996486877108
-0.540948786894	-0.821824248406	-0.00157191371187	0.000941075239274	0.000502056036219	-0.078027351965	0.996950648058
-0.528608218683	-0.823694514537	-0.00157670310994	0.00094177983095	0.000606314668498	-0.0718147696765	0.997417357123
-0.502336788466	-0.827155684694	-0.00157963353789	0.000979122041214	0.000668643609264	-0.0586389810495	0.998278550374
-0.492898095472	-0.828227350666	-0.00157786763084	0.00099704152044	0.000634140736755	-0.0539215611729	0.998544475231
-0.467048494827	-0.830700335278	-0.0015720418112	0.00104070068937	0.000522777583836	-0.0410150075135	0.999157851795
-0.459090302568	-0.831325970173	-0.00157148166338	0.0010490527773	0.000511995758038	-0.0370429805075	0.999312991482
-0.446647792684	-0.83217653854	-0.00157207243843	0.00105487736711	0.000526547544779	-0.0308319249491	0.999523887851
-0.425714112083	-0.833257189234	-0.0015751066039	0.00104231202502	0.000601542620558	-0.0203918232981	0.999791340868
-0.407242150205	-0.833846992558	-0.00157709408712	0.00101006141471	0.000652597337827	-0.0111937688871	0.999936624707
-0.38625907128	-0.834104552063	-0.00157631603897	0.00096282861976	0.000650959903424	-0.000765738659389	0.999999031428
-0.368279124745	-0.833976765339	-0.00157444616664	0.000928792526834	0.000622480952156	0.00817161674654	0.999965986692
-0.362787815968	-0.833873611386	-0.0015739651947	0.000921463176212	0.000615306812497	0.0109018653349	0.999939959015
-0.337843505179	-0.833027094756	-0.00157341981035	0.000911492963695	0.000616238910708	0.0233059514469	0.999727773975
-0.328869530544	-0.832570865184	-0.00157381539976	0.000917152492931	0.000628941838154	0.0277703045854	0.999613712114
-0.30147166021	-0.830679882238	-0.0015751209939	0.000952053489519	0.000670910876037	0.0414056245884	0.999141740558
-0.287045813726	-0.829381602086	-0.00157509095451	0.000970788909223	0.000679296431118	0.0485886192234	0.998818172746
-0.274129772323	-0.82804122136	-0.0015746247666	0.000981529304179	0.000678108508084	0.0550257061398	0.99848422543
-0.259251570011	-0.826287847236	-0.00157392726535	0.000982888068425	0.000673481440846	0.0624480065751	0.9980475073
-0.233534296031	-0.822725364783	-0.00157329834425	0.000955228853149	0.000677539985767	0.0752964053272	0.997160508555
-0.222190333458	-0.820938375837	-0.00157335260254	0.000934755928893	0.000685829307675	0.0809756495045	0.996715405749
-0.203984425049	-0.817792301764	-0.00157350136529	0.000900222840131	0.000701092451896	0.090107446837	0.995931396278
-0.189265606317	-0.814996395605	-0.00157346087205	0.000877635534503	0.000709787443815	0.0975071080468	0.995234188439
-0.181921961135	-0.813516410941	-0.00157333996364	0.000869779375853	0.000712201540067	0.101205302079	0.994864927055
-0.158987004384	-0.808526426424	-0.00157267021306	0.00086255492351	0.000714754003952	0.112781739044	0.993619154638
-0.14683754803	-0.805655206043	-0.0015723071784	0.000868001925269	0.000716654694455	0.118929284302	0.992902088987
-0.123133277886	-0.799592626186	-0.00157191006936	0.000887878867047	0.000727896573876	0.130963445863	0.991386532935
-0.109656064559	-0.795870507459	-0.00157180798751	0.000898214973074	0.000737935356924	0.137831880319	0.990454956789
-0.0924054858263	-0.790810588612	-0.00157170554982	0.000903819453067	0.000750506560523	0.146653610168	0.989187211035
-0.0828612905595	-0.787866687914	-0.00157158549098	0.000901818259983	0.000755992265115	0.151549770227	0.988448927534
-0.0586583589167	-0.779934382663	-0.00157140456916	0.000871517721144	0.000767130367838	0.16377969326	0.986496256477
-0.0544073341159	-0.778473027983	-0.00157165525811	0.000857492656508	0.000769887247792	0.165830480936	0.986153600395
-0.0318373958405	-0.770384572279	-0.00157129573592	0.000772235232617	0.000764969276573	0.176645663453	0.984273909061
-0.0164262417506	-0.764538378519	-0.00157025014118	0.000729592720602	0.0007623597328	0.183961804333	0.982932826316
0.00306726940792	-0.756779971722	-0.00156981906494	0.000658392828675	0.000763101162553	0.1924823399	0.981299920015
0.00999733849162	-0.753928686924	-0.00156987325486	0.000639454191223	0.000759653530253	0.195451502604	0.980712865295
0.0334270378779	-0.743923347754	-0.00156917787444	0.000630923635494	0.000762822288495	0.205398650573	0.978677891024
0.042105025863	-0.740076908691	-0.00156945565047	0.000627101090206	0.000769509378117	0.208758604214	0.977966696655
0.0625582422953	-0.730739046886	-0.00156977542067	0.000609797617582	0.000771338683099	0.216283309356	0.976330150757
0.0792665798395	-0.722828880338	-0.00156913626515	0.000614752603392	0.000776618390813	0.22225933542	0.974987080305
0.0869123359227	-0.71912758348	-0.00156894962424	0.000603404304049	0.000781325636057	0.224711080038	0.974424936022
0.102152101384	-0.711614388067	-0.00156866519918	0.000557124557841	0.000774352197254	0.22932436492	0.973349590664
0.12221272856	-0.701453448854	-0.00156899295098	0.000512295407049	0.00076654717272	0.235150644955	0.971958499184
0.136410671412	-0.694090738507	-0.0015681868405	0.000449693067548	0.000764035711077	0.238538477556	0.971132642202
0.143934579037	-0.690140957375	-0.00156815642161	0.000413499516951	0.000754281080003	0.240207099358	0.970721283117
0.162903951415	-0.680037568948	-0.00156906507322	0.000368122306262	0.000739750859766	0.244300226196	0.969699291912
0.183552209964	-0.668829252105	-0.00156781458998	0.000317678027074	0.00073746555476	0.247638508354	0.968852168499
0.193194745756	-0.663538774096	-0.00156864280845	0.000301890878779	0.000729689467228	0.248961933405	0.968512948871
0.209377800526	-0.654583316345	-0.00156833088312	0.000312603891649	0.000730396484485	0.2510968135	0.967961651642
0.223783429674	-0.646542136713	-0.00156785213112	0.000309429569365	0.000738176231262	0.252358657758	0.967633436382
0.239482029065	-0.6377353355	-0.00156875888061	0.000292886859139	0.000731090442315	0.253331710892	0.967379152132
0.250373121998	-0.631602087906	-0.00156910097411	0.000292501586752	0.000730153612364	0.253921836968	0.96722442175
0.265613164991	-0.622998748839	-0.0015676633961	0.000264982387115	0.000730721019428	0.254204661931	0.967150136061
0.279546610813	-0.615129386053	-0.00156858685642	0.000231874428495	0.000714654244726	0.254268373235	0.96713340852
0.294783451946	-0.606521657436	-0.00156825257369	0.00021726857172	0.000707972197565	0.254279075982	0.967130602911
0.310891767322	-0.597423147227	-0.0015671491553	0.000209405444917	0.000703418851155	0.254218688322	0.967146483145
0.321340977033	-0.591523154796	-0.00156844147036	0.000217485645022	0.000703787760637	0.254167946491	0.967159817383
0.341804740925	-0.579971627067	-0.00156758518014	0.000254568670391	0.000715244396434	0.254167668783	0.967159872909
0.354865504162	-0.572596072807	-0.00156818733323	0.000290218316732	0.000724883406047	0.254288712555	0.967128037534
0.363136228503	-0.567923105158	-0.0015680981024	0.000310902169174	0.000731043562318	0.254373297974	0.967105782318
0.383157513776	-0.556603638775	-0.00156833150716	0.00033366209174	0.000740117248212	0.254472088927	0.967079777916
0.39926490628	-0.547500365697	-0.0015678116775	0.000303992151302	0.000737807225414	0.254228626904	0.967143819963
0.414942461648	-0.538651845767	-0.00156889141171	0.000257127871251	0.000722248003591	0.253949423707	0.967217195071
0.427574459293	-0.531530706019	-0.00156790971044	0.000220335994398	0.000709236360338	0.253726348173	0.967275756276
0.442388116942	-0.523189728655	-0.00156776398073	0.000187094899832	0.000695756019446	0.253467032967	0.967343756954
0.457641516089	-0.514612380204	-0.00156801578693	0.000177720225884	0.000692988313913	0.25319869313	0.967414032346
0.470273527401	-0.507517181038	-0.00156786473411	0.000187052069584	0.000706244173569	0.252968762815	0.967474170854
0.480458677734	-0.501802759211	-0.00157035386976	0.000148229419147	0.000907241369406	0.252516470567	0.967592159452
0.491793243854	-0.49546743867	-0.00159629824383	9.16755459062e-06	0.0013793197521	0.251349964059	0.967895290288
0.508121058606	-0.486431926049	-0.00162730783831	-0.000218137016303	0.00188249363535	0.24820125389	0.968706635779
0.522821741778	-0.478441445285	-0.0016146506293	-0.000258489714822	0.00164263681539	0.24408788758	0.969751688869
0.532472056846	-0.473296939339	-0.00159435523856	-0.00022146497241	0.00127267917624	0.240439524162	0.970663261106
0.541859765766	-0.468395148906	-0.0015850409725	-0.000221977064622	0.00109665251495	0.235637938509	0.971840269805
0.547904488409	-0.465308653242	-0.00159154905987	-0.000270361019378	0.00125396087666	0.231868610167	0.972746268102
0.559359350384	-0.459627014027	-0.00161496745079	-0.000180080248408	0.00146171221348	0.22454622213	0.974462326155
0.565653149769	-0.456595857153	-0.00158805613372	4.50747939958e-05	0.00108472788001	0.220488195591	0.975389038763
0.572526332634	-0.453365802485	-0.00156657077635	0.00024435768521	0.000835785904129	0.215140547912	0.976582708425
0.580191094117	-0.449887755875	-0.00157813168275	0.00030167515298	0.000802671462878	0.207504838592	0.978233615591
0.58762952115	-0.446657388024	-0.00156968250646	0.000223391013232	0.000753749146098	0.198713218647	0.980057365001
0.592503412485	-0.444632683967	-0.00157686074584	7.90905699152e-05	0.000940206216225	0.192211369111	0.981353096159
0.596757448313	-0.442926831091	-0.00159232499198	-2.73347758321e-05	0.00103045520791	0.186435159898	0.982466726444
0.604387809954	-0.440012653116	-0.00157743304535	-7.95388984736e-05	0.000826310155246	0.176122777284	0.984367857158
0.611458188207	-0.437475226389	-0.0015588844162	1.09703956419e-05	0.000402692959086	0.166847358058	0.985982655439
0.618728491765	-0.435023120075	-0.0015527216475	0.000114568190491	0.000297324759942	0.157303985753	0.987550178238
0.624805171113	-0.433093102448	-0.00156222799685	0.000178335442337	0.00042900108216	0.149500525153	0.988761537042
0.63332919816	-0.430549041982	-0.00155260950566	0.000300190118895	0.000177919820117	0.139904127421	0.990164992999
0.641956045428	-0.428143722858	-0.00153270146018	0.000364013005436	-0.000153157719489	0.131279671523	0.991345293973
0.651915613964	-0.425563067763	-0.00154599595939	0.000274893007919	-1.51282396786e-05	0.121914586461	0.992540557264
0.659070298934	-0.423824369617	-0.00154978152955	0.000184321778373	3.12877968166e-05	0.115853962655	0.993266240433
0.668287472369	-0.421713099952	-0.00154542133316	5.38340167606e-05	0.000113330825437	0.108529800208	0.994093188149
0.681755230812	-0.41888235969	-0.0015724024248	-0.000143839555316	0.000482484000106	0.0981929121828	0.995167271626
0.693658097329	-0.416612352727	-0.00156267924242	-0.000189758873955	0.000279813373236	0.089872921295	0.995953183495
0.709168552044	-0.413954108026	-0.00154458179256	-0.000156247147456	8.97008768152e-05	0.0795112029044	0.99683395616
0.718357003037	-0.412536255265	-0.0015583752903	-0.000124819432809	0.000252562879515	0.0734562703653	0.997298399165
0.733928653905	-0.410383139933	-0.00156045105779	-1.94169012267e-05	0.000202358690165	0.0638810367244	0.997957500007
0.741756650599	-0.409411856131	-0.00154980546461	3.85072892507e-05	6.87186958108e-05	0.0593370150389	0.998238003905
0.764387427793	-0.407005876555	-0.00156036091824	0.000100707525541	0.000243760554674	0.0464811980941	0.998919130191
0.778047169039	-0.405832412202	-0.00156738799796	7.07394203714e-05	0.000532898147094	0.0389440211431	0.999241249265
0.787661927706	-0.405129231469	-0.0015788742564	2.84868335723e-05	0.000749966414055	0.0336743809997	0.999432575416
0.804679781741	-0.404132639439	-0.00158845259116	-5.98279173381e-05	0.000928764519253	0.024410082652	0.999701596319
0.825866246423	-0.403333613663	-0.00157920131536	-0.000136032079536	0.000731328464188	0.0128973296475	0.999916549289
0.830004218796	-0.403234744168	-0.00157594140523	-0.000143312024354	0.000668785758755	0.0106435349306	0.999943122058
0.852393886932	-0.403025009532	-0.00156454635161	-0.000134630891313	0.000502941211803	-0.0015660909427	0.999998638141
0.864122877885	-0.403133729269	-0.00157663834362	-7.96090150993e-05	0.000879979753837	-0.00792261512885	0.999968225229
0.877595736371	-0.403443517696	-0.00161633868556	3.10945527637e-05	0.00159306374784	-0.0155449554003	0.999877900317
0.893354613679	-0.404074751354	-0.00163774605171	0.000197397379581	0.0020354325716	-0.0251506846887	0.999681579858
0.904871915754	-0.404732806087	-0.00162377274162	0.000356499874904	0.00176056706662	-0.032322052184	0.999475891782
0.913731657242	-0.405351958281	-0.00160020112199	0.000505772795159	0.00133099932384	-0.0376301348929	0.999290721253
0.922387272638	-0.406046518898	-0.0015873223886	0.000665822064571	0.00104698347626	-0.0424472043097	0.999097940821
0.932973493164	-0.407012238661	-0.00159505023622	0.000763895772331	0.00120264822427	-0.0490824425455	0.998793714405
0.937318775278	-0.407451458154	-0.00160501569054	0.000732171484727	0.00139518509985	-0.0522685831027	0.998631820344
0.943597834277	-0.408137782653	-0.00161646885106	0.00060709786093	0.00163110833395	-0.0577311706992	0.998330648056
0.948157480203	-0.408683875078	-0.00161223456651	0.00042843933125	0.00158205545414	-0.0632397949657	0.997997014962
0.951064336859	-0.40906236809	-0.00160080148046	0.00028452374854	0.00139863663868	-0.068119304862	0.997676161471
0.953093626878	-0.409345724731	-0.00159128674921	0.000191057306824	0.00124675085556	-0.0728986460634	0.997338556615
0.955632367077	-0.409735018975	-0.00158903519801	0.000205112376673	0.00136896578536	-0.086542818556	0.996247170344
0.955863116412	-0.409770941598	-0.00159268782207	0.000364025792669	0.00133850166027	-0.0937431359496	0.995595450151
0.956020994693	-0.409799257837	-0.00156223041489	0.000612037852269	0.000723055618683	-0.102734806436	0.994708330189
0.956018673535	-0.40979718145	-0.00154487817982	0.00083506284469	0.000101805220933	-0.111531926631	0.993760495113
0.955928506237	-0.409774352151	-0.00154346033838	0.000958322410891	-5.90020106142e-05	-0.119606308528	0.992820935062
0.955925667233	-0.40976983626	-0.0015490227415	0.000972725389674	5.04066302265e-05	-0.125664200992	0.992072356158
0.956914288403	-0.410030380988	-0.00154857027757	0.000778009245224	-7.09198902325e-05	-0.135493237511	0.990777963149
0.958061564353	-0.410354083824	-0.00154130309684	0.000573584909154	-0.000278565798526	-0.141041325114	0.99000350404
0.959714326458	-0.410843957848	-0.00153666850269	0.000309605326869	-0.000270893016466	-0.148101500882	0.988972080596
0.96344833748	-0.412030021453	-0.00154797464963	-5.28896051406e-05	-4.67258307132e-05	-0.159904574299	0.987132474462
0.967585517053	-0.413448591038	-0.0015413913761	-0.000175735041397	8.66789217403e-05	-0.169679345417	0.985499305602
0.969440260269	-0.414112667704	-0.00154871250362	-0.000138275768106	0.000259044189911	-0.173941591951	0.984755927307
0.975250377148	-0.416303157447	-0.00155344490348	4.3531238282e-05	0.000178511703207	-0.185119944218	0.982715916474
0.979560261348	-0.418023301332	-0.00153941911574	0.000206775024339	-4.91514797923e-05	-0.192270501182	0.981341943057
0.984196851902	-0.419951744034	-0.00154566307283	0.00044457678541	6.4202147241e-05	-0.199919242032	0.979812275334
0.992693339506	-0.423694690684	-0.00155346645683	0.00066721507778	0.000174045985762	-0.212271082739	0.977210577084
0.998105535426	-0.426206741432	-0.00155891644772	0.000696533097531	0.000357103713207	-0.219803231738	0.975543913228
1.00502322945	-0.429561242176	-0.00157121629394	0.000577605593837	0.000458895900542	-0.22907474734	0.973408555498
1.01068652827	-0.4324261902	-0.00155528339659	0.000339863753271	0.00011663857048	-0.235852655997	0.971788760764
1.01751721336	-0.436013943915	-0.00153144829257	6.60173679188e-05	-0.000185870798048	-0.243637127224	0.969866439945
1.02708007578	-0.441269478352	-0.00155246636557	-8.46113615939e-05	0.000151819159251	-0.254361530357	0.967109188079
1.03391645712	-0.445194070043	-0.00155640712269	-0.000137458382231	0.000245319548338	-0.261282024285	0.965262464156
1.04295763099	-0.450582394871	-0.00155385999282	-6.83070793941e-05	0.000429451179074	-0.270147568246	0.962818831493
1.05000767952	-0.454940022734	-0.00156992678667	8.15055751407e-05	0.00061670135616	-0.277003751179	0.960868635594
1.05933028698	-0.460915467094	-0.0015633891995	0.000205609278158	0.000394623018059	-0.285537791456	0.958367346923
1.06711451437	-0.466083766517	-0.0015498144614	0.000325172946838	0.00024366610289	-0.292601890819	0.956234264382
1.07889671501	-0.474224967849	-0.00156279302033	0.000493953060678	0.000289161015542	-0.303305468677	0.952893207588
1.08112614039	-0.475809374133	-0.00156367779822	0.000492680022751	0.000254505314148	-0.305256778471	0.952269915356
1.09768801848	-0.488005900218	-0.00153777449959	0.000291617407385	-1.73715361874e-05	-0.31915892432	0.947701163703
1.10586897796	-0.494306342924	-0.00155539065111	0.000219557303283	0.000217440333612	-0.325934920722	0.945392157767
1.11662572552	-0.502873385939	-0.00155462830086	2.97714404454e-05	0.000279724600726	-0.334330391719	0.942455892889
1.12713881612	-0.511549097133	-0.00155387836901	-6.86360998847e-05	0.00045959196551	-0.342448657188	0.939536428913
1.13825508639	-0.521059452872	-0.00156975030124	-7.15981458111e-05	0.00065617890645	-0.350978944457	0.936383118628
1.14566001239	-0.527589843944	-0.00156392592852	-0.000123748905101	0.000460600226815	-0.356402977104	0.934332216316
1.15892319977	-0.5396709245	-0.00153041765427	-0.000166974622131	-7.27377522114e-06	-0.365826533913	0.930683039037
1.17135317547	-0.551449618381	-0.00154958042166	8.79674783942e-05	0.000219521938359	-0.374745933527	0.927127515166
1.18074523169	-0.560654547449	-0.00157009268271	0.000352298023007	0.000616268448937	-0.381521903186	0.924359526098
1.18878369774	-0.568748248708	-0.00158431499476	0.000514755522097	0.00086854202645	-0.387338391909	0.921937064454
1.20181718144	-0.582314008983	-0.00158390703717	0.000520540241536	0.000832603531213	-0.39685248303	0.917881878306
1.21183066564	-0.59313077844	-0.00156499886994	0.000342615383615	0.000523580635788	-0.404319829601	0.9146174522
1.21766909327	-0.599604947719	-0.00155627003046	0.000231568787393	0.000373341214513	-0.408751780376	0.912645489241
1.22942424131	-0.613035875466	-0.00155219138621	9.13549843646e-05	0.000319406939798	-0.417822520098	0.908528607878
1.24291311115	-0.62913058817	-0.00155531340514	2.46315544941e-05	0.000433330159532	-0.428144854138	0.903710017369
1.25291977714	-0.641565297771	-0.00156686095684	8.73736669342e-05	0.00065488767986	-0.435882744618	0.900003220235
1.26103589099	-0.651980459601	-0.00157432608991	0.000153549397784	0.000776047123442	-0.442218610014	0.896906948981
1.27148176396	-0.665841199078	-0.00156614824398	0.000134870249417	0.000596508753101	-0.450320649098	0.892866697208
1.28028534434	-0.677942886013	-0.00155853858181	0.000157034523555	0.000458632462502	-0.457270567182	0.889327495013
1.29002738158	-0.691814820956	-0.00156200264927	0.000227403071626	0.000403698398612	-0.465085044567	0.885265884712
1.29772618845	-0.703154021882	-0.00155999845459	0.000277949273023	0.00039761510305	-0.471313207841	0.88196577301
1.30899306824	-0.720392924409	-0.00156878164453	0.000361791617381	0.000532509908196	-0.48060760831	0.876935523499
1.31371792574	-0.727865530332	-0.00157170436498	0.000376458647595	0.000596889739468	-0.484570489022	0.874751932362
1.3225596144	-0.742262850154	-0.00157203050065	0.000296579208785	0.000570333940563	-0.492024556852	0.870581083079
1.33294732864	-0.75991490124	-0.00156180415532	0.000166415274084	0.000505643023937	-0.500963839608	0.865468051424
1.34272814514	-0.777337892004	-0.00156509482027	0.000127973994831	0.000558575053463	-0.50961708337	0.860401127355
1.34678367959	-0.784810057975	-0.00156666396478	0.000139478970642	0.000600575365204	-0.513271223387	0.858226235382
1.35608424989	-0.802544143984	-0.00157201798993	0.00020195019022	0.000681651322227	-0.521825688955	0.853051841868
1.36547511192	-0.821379867162	-0.00157322695231	0.000266886974514	0.000665867076399	-0.530742481872	0.847532833186
1.37278496263	-0.836766223549	-0.00157126456419	0.000304285632069	0.000589132420384	-0.537906801161	0.843004053133
1.37839975175	-0.849063919378	-0.00156923145758	0.000327867658872	0.000526579343776	-0.54356885455	0.839364352102
1.38640835579	-0.867409465963	-0.0015689037809	0.000358293448491	0.000483433467744	-0.551914136218	0.833900728001
1.39255118746	-0.882198523717	-0.00157024641199	0.000372895544439	0.000500128430407	-0.558550932458	0.829469991423
1.39936198366	-0.899425123457	-0.0015721485797	0.000363614926841	0.000547707917191	-0.566177840714	0.824282852233
1.40413279087	-0.912078022537	-0.00157293673827	0.000336569949471	0.000579134639815	-0.571705751875	0.820458460007
1.40687979265	-0.919606446836	-0.00157295935958	0.000315177829645	0.000591644950185	-0.574963965679	0.818178457789
1.41601931552	-0.94611802773	-0.00157165247903	0.000247159455436	0.000602020921152	-0.58628862241	0.810101985997
1.42031001806	-0.959462521896	-0.00157141622031	0.000238372099388	0.000596567007213	-0.591908584414	0.80600484799
1.4239834163	-0.971425811521	-0.00157166868209	0.000250769784638	0.000589990783263	-0.596903438371	0.802312828195
1.42928205585	-0.989696910416	-0.00157262272852	0.000297205001586	0.00057578858707	-0.604451608052	0.796641596742
1.43385739883	-1.00661503367	-0.00157358087262	0.000349226483394	0.000554688885682	-0.61135548311	0.791355826182
1.43742577046	-1.0206931762	-0.00157389487546	0.000384076328917	0.000531816692785	-0.617030497174	0.786938965368
1.4407915491	-1.03482104845	-0.00157382870925	0.000404187436573	0.00051000045765	-0.622671124041	0.782483385011
1.44520267094	-1.05487204527	-0.00157347872715	0.000404838111765	0.000494446570044	-0.630590535981	0.77611543443
1.44901962238	-1.07402202879	-0.00157344475398	0.000384081264304	0.000504521291165	-0.638063040778	0.769983866021
1.45170364572	-1.08880070566	-0.00157362555013	0.000361924041551	0.000525194718411	-0.643769578712	0.765219133782
1.4535322895	-1.0996633649	-0.00157387195666	0.000345979479104	0.000542502634722	-0.64793105622	0.761698714962
1.45704186425	-1.12293459515	-0.00157423193111	0.000322744416743	0.000569030332734	-0.656759169376	0.754100103091
1.45862463971	-1.13484817511	-0.00157427141062	0.000320150218309	0.000571667381755	-0.661233819108	0.750179583278
1.46094715819	-1.15474307036	-0.0015742441797	0.00033317212281	0.000557904194727	-0.668634692381	0.743590765061
1.4627442526	-1.17318291823	-0.00157425658092	0.000361775588351	0.000531200095529	-0.675413495269	0.737438944831
1.46395342808	-1.18815624407	-0.00157432713352	0.000389738264974	0.00050738076066	-0.680868078085	0.732405796614
1.46488157037	-1.20214634846	-0.00157445939799	0.000413359266894	0.000487911575754	-0.685916216642	0.727680242156
1.46579148054	-1.22015030089	-0.00157460497983	0.000433974948301	0.000469736138635	-0.69232921419	0.721581492413
1.46627923617	-1.23416294621	-0.00157448181242	0.000438444665782	0.000465036227016	-0.697275797733	0.716802660015
1.46666041852	-1.25669290959	-0.00157423889508	0.000426040912852	0.000470135530599	-0.705062698909	0.709144687683
1.46664973026	-1.27121240734	-0.00157443282954	0.000420631539271	0.000466969857532	-0.709855375927	0.704347180214
1.46628726046	-1.29223632628	-0.00157371731265	0.000418848140455	0.000471176150861	-0.716698094339	0.697383283518
1.46587666896	-1.30474647129	-0.00157427375421	0.000419071800168	0.000474989909303	-0.720732429811	0.693213072137
1.46542093371	-1.3152505419	-0.00157427177388	0.000424256584159	0.000469415590821	-0.723958962852	0.689842750025
1.46392235446	-1.34073617264	-0.00157392730365	0.000472427593542	0.000414776581827	-0.731283860062	0.68207295855
1.46262416618	-1.35770647441	-0.00157383260578	0.000503659758066	0.000382877939699	-0.735996453721	0.67698509573
1.46105383138	-1.37515311471	-0.00157440723416	0.000547001103627	0.000320015560188	-0.740204982565	0.672380979925
1.45986015928	-1.38710175702	-0.00157352293872	0.00059324351101	0.000260939192067	-0.742672995976	0.669653941241
1.4583046004	-1.40152696811	-0.00157334207003	0.000644958015949	0.00020978521039	-0.745528263602	0.666473666539
1.45559235051	-1.42438176173	-0.00157457529368	0.000686875638238	0.000169084980882	-0.749595676243	0.66189562755
1.45362422302	-1.43976338526	-0.00157440342747	0.000712903064717	0.000133231468871	-0.751657185691	0.659553598442
1.45210657487	-1.45116698481	-0.00157382737052	0.000725662169106	0.00012025492271	-0.753019319682	0.657997996303
1.44936586812	-1.47098375266	-0.00157470185717	0.000725855240552	0.000107698170649	-0.754918521539	0.655818181642
1.4470967148	-1.48682503999	-0.00157424895485	0.000727912711778	0.000118766654384	-0.756313116191	0.654209390268
1.44535061346	-1.49870135246	-0.00157382206589	0.000714537960881	0.000143880286061	-0.757345707269	0.653013742899
1.44189855543	-1.52145099069	-0.00157541199653	0.000676784967597	0.000195288585062	-0.759326045682	0.650709966247
1.44019883219	-1.53232405666	-0.00157440475373	0.000657273587673	0.00021578413409	-0.760267867054	0.649609337798
1.43662328196	-1.55454785426	-0.0015744505123	0.000627024173124	0.000238221918901	-0.762248279455	0.647284412417
1.4337375152	-1.57181760625	-0.00157435091614	0.000611729416203	0.000271290152235	-0.764310754549	0.644847751543
1.43064310053	-1.58956328636	-0.00157466445758	0.000584019454823	0.000303096343335	-0.766687318518	0.642020344442
1.42850703285	-1.60138030571	-0.00157493906736	0.000579343599154	0.000303341648135	-0.768269093047	0.640126685129
1.42520158757	-1.61908330298	-0.00157237244781	0.000593414795992	0.000252880974896	-0.770177677442	0.637829075129
1.42332564356	-1.62890678424	-0.0015730927195	0.000626742288593	0.000190345268101	-0.770897203847	0.636959238934
1.41846136389	-1.6539334261	-0.00157202846474	0.000774970850002	1.75282162866e-05	-0.772206689884	0.635370936707
1.41595011919	-1.66668613935	-0.00157365025142	0.000848973920951	-6.4491994884e-05	-0.772428510044	0.635101150964
1.41237863732	-1.68483292004	-0.00157448074075	0.000953502688207	-0.000174741894136	-0.772134642036	0.635458224327
1.41074596538	-1.69317285369	-0.00157403140019	0.000982879042683	-0.000198929000567	-0.771918363025	0.635720878374
1.40607653248	-1.71722103197	-0.0015750704595	0.000965897927389	-0.00017814492374	-0.771014739244	0.636816541223
1.40344886457	-1.73096774189	-0.00157505923749	0.000925688330382	-0.000135706008906	-0.77021110724	0.63778834653
1.39948472914	-1.75209149579	-0.0015735329361	0.000829694517678	-1.87498929399e-05	-0.768862488793	0.639413625584
1.39668535252	-1.76733035414	-0.00157507558082	0.000771985255863	5.22591054145e-05	-0.767761457504	0.640735316397
1.39393929734	-1.78257921455	-0.00157381622713	0.00074299906944	0.000100515476362	-0.766633382827	0.642084647211
1.39150428397	-1.79636211342	-0.00157436524079	0.000737185225306	0.000113795895832	-0.76560926958	0.643305440628
1.3891124923	-1.8101529042	-0.00157521023982	0.000757182673861	9.26038798279e-05	-0.764613079314	0.644489144238
1.38510858081	-1.83381099605	-0.00157461028762	0.000821984367798	1.19844948504e-05	-0.762963972753	0.646440484871
1.38218501276	-1.85156651442	-0.00157470162173	0.00087864211713	-6.20707049476e-05	-0.761695591692	0.647934448639
1.37949045335	-1.86834479629	-0.00157480051633	0.00092241657239	-0.000116835775669	-0.760418819333	0.649432332658
1.37701562716	-1.88414563639	-0.00157479609375	0.000942327940022	-0.000133933175267	-0.75920632719	0.65084932729
1.37572494519	-1.89254396238	-0.00157487963063	0.000941455977484	-0.000128266516948	-0.758561110574	0.651601211427
1.37223884816	-1.91577813947	-0.00157601608576	0.000896131879915	-5.01726718149e-05	-0.757097405197	0.653301395586
1.36961900898	-1.93358919336	-0.00157532508037	0.000799190738307	8.133041936e-05	-0.756642930585	0.65382782923
1.36781111184	-1.94596075904	-0.00157625456533	0.0007214692978	0.000160562579701	-0.756395520483	0.654114111066
1.36501748096	-1.96525824669	-0.00157397706726	0.00064846729144	0.000204872625592	-0.755649952515	0.654975332956
1.36346364737	-1.97614390136	-0.00157353293484	0.000646857163397	0.000193055688704	-0.75514389291	0.65555872758
1.36040585964	-1.99791994595	-0.00157427693109	0.000717239305099	0.000115417885939	-0.754140976477	0.656712159051
1.3594459001	-2.00485136265	-0.001574975577	0.000755081875915	8.62927700562e-05	-0.753929111865	0.656955338427
1.35561381854	-2.03259520951	-0.00157663769055	0.000844416871662	5.85098688039e-05	-0.754316341521	0.656510579085
1.35436586354	-2.04151570023	-0.0015775580886	0.000831695284834	7.83578674247e-05	-0.754792137225	0.655963514021
1.35197580555	-2.05835829776	-0.00157582246938	0.000772403045606	0.000100188929885	-0.755480079993	0.655171154806
1.34984288472	-2.07320854515	-0.0015740544774	0.000721796970638	0.000114451629653	-0.755975045407	0.65460002798
1.34703784401	-2.09250218444	-0.00157296820109	0.000668364413821	0.000146847698654	-0.756594992763	0.653883436593
1.34485409455	-2.10733876892	-0.00157469705803	0.000662185433234	0.000175335096082	-0.757162046933	0.653226733571
1.34152461867	-2.12959451062	-0.00157498082256	0.000679550692638	0.000204552284648	-0.758106010243	0.652130948201
1.33904029624	-2.14591388872	-0.00157608553375	0.000700832829808	0.00018927376255	-0.758840119892	0.651276550669
1.3365891505	-2.16173445956	-0.00157545721293	0.000709371957344	0.000181604486455	-0.759977588788	0.649948865951
1.33486650599	-2.17260665254	-0.0015747001226	0.000693491351118	0.000192629504739	-0.761004464732	0.648746242087
1.33114864334	-2.19531712164	-0.00157501226552	0.000650624929908	0.000207263519646	-0.763279069105	0.646068569422
1.32931397211	-2.20616705656	-0.0015734007262	0.000635787562424	0.000216299533906	-0.764394222637	0.644748804875
1.32675118692	-2.22095153699	-0.00157327713869	0.000620788131225	0.000227260153641	-0.765916276741	0.642939981646
1.3233148358	-2.24015263433	-0.00157412833306	0.000627384800736	0.000228782335912	-0.767894109518	0.64057645181
1.3190157581	-2.26326703837	-0.00157411283481	0.000652854273563	0.000213269271904	-0.770265354696	0.637723146555
1.31599025044	-2.27898716326	-0.00157428480221	0.000671332575525	0.000190397341545	-0.771874879415	0.635774082194
1.31259061591	-2.29616277903	-0.0015739115528	0.000685446073744	0.000164215457497	-0.773597186754	0.633677280517
1.31040879703	-2.30694811265	-0.00157310894841	0.000693957028089	0.000136723055336	-0.774453067183	0.632630971785
1.30658884118	-2.32555923234	-0.00157288438516	0.000739058668467	4.84359273421e-05	-0.775227505808	0.631681696494
1.30426444491	-2.33681688062	-0.00157215135751	0.000786439411108	-1.92381275341e-05	-0.775257334791	0.63164503164
1.29981812455	-2.3583550534	-0.00157394202476	0.000877502054859	-8.09821024353e-05	-0.775429169344	0.631433944892
1.2957542733	-2.37794223418	-0.00157588726726	0.00087914580827	-4.140144616e-05	-0.775817437474	0.630956836162
1.29391749378	-2.38675655742	-0.00157637642896	0.000859639053373	-1.03801532988e-05	-0.77600840387	0.63072198157
1.29032591209	-2.4038932301	-0.00157447064871	0.000778266972731	8.66938139591e-05	-0.776675769661	0.629900099703
1.28731724072	-2.41808492562	-0.00157388213942	0.000677239020478	0.000179378934112	-0.77737859665	0.629032611747
1.28173543194	-2.44399418579	-0.00157244052255	0.000560327381982	0.00029132147851	-0.778825388875	0.62724047606
1.27916146209	-2.45571783626	-0.00157271398975	0.000539581020688	0.000335175247517	-0.779862357487	0.625950716817
1.27487979496	-2.47475396272	-0.00157420784211	0.000530610965829	0.00037301385083	-0.781976396725	0.623307704331
1.27160922545	-2.48889140292	-0.00157456607336	0.000556110813496	0.000343387422826	-0.783601697288	0.621263191275
1.26907937308	-2.49960452219	-0.00157302257382	0.000588016201581	0.000292473873495	-0.784766271803	0.619791470848
1.26391794295	-2.52099709697	-0.00157269854728	0.000689578538002	9.97980937212e-05	-0.78632306913	0.617815138593
1.25940398085	-2.53944550233	-0.00157130233533	0.000832298932434	-0.000101414421655	-0.786802159221	0.617204714207
1.25583349452	-2.55400569937	-0.001571634505	0.000940860463263	-0.000231031439192	-0.786614917449	0.617443141554
1.25146069456	-2.57197035191	-0.00157419699836	0.00104924463664	-0.000334648176434	-0.785785240765	0.618498457954
1.24853706824	-2.58411927448	-0.00157390632346	0.00107540319002	-0.000333467511259	-0.785131767468	0.619327732319
1.24552280576	-2.59676436397	-0.00157481510207	0.0010436823028	-0.000270926037683	-0.784524202148	0.620097261379
1.24160861146	-2.6133120406	-0.00157572570005	0.000923073229826	-9.11140802309e-05	-0.784256323305	0.62043626505
1.23687965923	-2.63327199076	-0.00157486354784	0.000675387471624	0.000221361718287	-0.784891260497	0.619633120521
1.23196126204	-2.65370270392	-0.00157322371713	0.00042131641962	0.000507106067207	-0.786391745895	0.617727761497
1.22922275747	-2.66487720002	-0.0015726503394	0.000334446245725	0.000585852523883	-0.787281218814	0.616593729635
1.2252369735	-2.68089136651	-0.00157170482135	0.000320766623743	0.000577858718505	-0.788557434358	0.614960759647
1.22019774414	-2.70076168647	-0.00157111402918	0.000475911552658	0.000370617960295	-0.789738163515	0.613443778384
1.21610355905	-2.71674089543	-0.00157249889942	0.000717422767061	6.72599279764e-05	-0.789977830218	0.613134983951
1.21300290031	-2.72884518693	-0.00157195988946	0.000922215402079	-0.000188410418775	-0.789714156619	0.613474257696
1.20942564988	-2.7428913231	-0.00157397747923	0.00112937818224	-0.000438618423653	-0.789197855121	0.614137832731
1.20380473331	-2.76518917975	-0.00157498415611	0.00126755662294	-0.000584474704078	-0.788326333019	0.615255755242
1.20126073983	-2.77537587841	-0.00157529784195	0.00123386033437	-0.000533891380441	-0.787931701543	0.615761176312
1.1957246657	-2.79770245193	-0.00157460568825	0.00097467601486	-0.000182698413029	-0.78761917901	0.616161541711
1.19295524333	-2.8088690149	-0.00157415690522	0.00077241994926	8.19744062997e-05	-0.787931372747	0.615762574771
1.18735635035	-2.83119144897	-0.00157355022239	0.000368108826573	0.000584431509285	-0.789245946697	0.614076834409
1.18340667042	-2.84670094831	-0.00157241689901	0.000211531870021	0.000731986460647	-0.789894511948	0.613242268149
1.17817903879	-2.86703620311	-0.00157024709047	0.00027387936878	0.000629696621081	-0.790591394181	0.612343674678
1.17491749392	-2.87961801626	-0.00157158798984	0.000434214247535	0.000435792630379	-0.791049874307	0.611751353004
1.17213970971	-2.89026186595	-0.00157390355874	0.000615882840902	0.000237215552802	-0.791654249162	0.610968996105
1.1686935171	-2.90332205006	-0.00157373563062	0.000829349765099	1.48085176967e-05	-0.792785323594	0.609500404145
1.16347557099	-2.92265380097	-0.00157624231808	0.0010078459743	-0.000186599045392	-0.795182414447	0.606369423027
1.15698948027	-2.94579206705	-0.00157340116066	0.000941230397501	-0.00015379297456	-0.798774329362	0.601630003562
1.15448508249	-2.95444565161	-0.00157173529698	0.000844180028695	-6.51878400367e-05	-0.800193916335	0.599740760138
1.1500780074	-2.96931550736	-0.00157134598748	0.000645647292798	0.000144205224564	-0.802648052886	0.596452567722
1.1448058332	-2.98653233757	-0.00156952344437	0.000428982273208	0.000426459686155	-0.805617325528	0.59243595343
1.13874211737	-3.00560091911	-0.0015711193476	0.000282609617188	0.000653582577077	-0.808929712381	0.587904935674
1.13499948904	-3.01701107715	-0.00157126122468	0.00026938794479	0.000696723867101	-0.81090658711	0.585175143856
1.1267730318	-3.04117592934	-0.00157126366102	0.000385740874934	0.000576069048862	-0.815524376741	0.578722308442
1.12276338371	-3.05250198159	-0.00157143701941	0.000478679171802	0.00043773910477	-0.817784157268	0.575524674859
1.11745374042	-3.06708224776	-0.00157106192606	0.000615380032138	0.000227368863956	-0.820678512846	0.571389839044
1.11146983814	-3.08300881382	-0.00156913136877	0.000746991283241	3.63325275158e-07	-0.823453439167	0.567383358522
1.10371328039	-3.10306621105	-0.00156944403641	0.000877731978802	-0.000225923340852	-0.826020712507	0.56363903436
1.1006038127	-3.11097625371	-0.00156887418794	0.000910040465874	-0.000276458214444	-0.826734642454	0.562591260476
1.09433665676	-3.12677542764	-0.00156966497179	0.000935010142067	-0.000305162106836	-0.827675710902	0.561205800232
1.08599305837	-3.14766558673	-0.00157059017652	0.000900302814954	-0.000223726741172	-0.828092147328	0.56059123694
1.07986109473	-3.162983697	-0.00157045842887	0.000826247504061	-8.43745029961e-05	-0.828225974945	0.560393651483
1.07372712108	-3.17830233757	-0.00157119413296	0.000734907528408	4.53317681196e-05	-0.82810102911	0.5605784008
1.06797457645	-3.19269478582	-0.00157030475139	0.000674067743059	0.000132750938312	-0.827915726965	0.56085209909
1.06408293388	-3.20244643426	-0.00156944726491	0.000646127371015	0.000167564402796	-0.827781848528	0.561049699838
1.05501965825	-3.22520539438	-0.00157062777296	0.000659441830241	0.000142639407485	-0.827475667766	0.56150117012
1.05077368244	-3.23589136786	-0.00157002736854	0.000698837078573	8.95384708318e-05	-0.827330800158	0.561714563386
1.04321737452	-3.25494663693	-0.00157094896414	0.000790321962549	-3.74932109787e-05	-0.827077417709	0.562087465703
1.03732800454	-3.26982408155	-0.00157157740239	0.000854412739814	-0.000116489897945	-0.827111049584	0.562037870668
1.031608455	-3.28423622474	-0.00157142695212	0.000867751683144	-0.000111072822207	-0.827657857406	0.561232309961
1.02453629435	-3.30188610496	-0.00157250964977	0.000795900238519	8.99731378731e-06	-0.829086701295	0.559119493667
1.02039261355	-3.31208708744	-0.00157195288212	0.000716326070968	0.000124007134852	-0.830278361086	0.557348467848
1.01331773232	-3.32919954484	-0.00156994787842	0.000550763689449	0.000323972607271	-0.832490675388	0.554038687362
1.00982680267	-3.33750138244	-0.00156995716141	0.000483121157796	0.000396384376523	-0.833579049337	0.552399835245
0.998548498602	-3.36368791675	-0.00156834102949	0.000405047074411	0.000501477485337	-0.837458725217	0.546500199465
0.991617333785	-3.37922692063	-0.00156979575497	0.000434534410784	0.000507444407446	-0.840534121708	0.541758196915
0.984916927477	-3.39378080418	-0.00157041808187	0.000481046585815	0.000473331976141	-0.843858953407	0.536564638516
0.979549460157	-3.4050932826	-0.00157066032325	0.000514066006704	0.000433358811559	-0.846769236189	0.531959968965
0.969555522121	-3.42529746924	-0.00156858341137	0.000522272279203	0.000379064915265	-0.852527041717	0.522682720857
0.964508486012	-3.43509018665	-0.00156873410873	0.000514615801725	0.000352210305844	-0.855366808504	0.518022426183
0.95482235559	-3.45318417739	-0.00156586125527	0.000506949059307	0.000324959717899	-0.860597388858	0.509285550251
0.947750305374	-3.46585968701	-0.00156643631725	0.000504907779095	0.000330793841648	-0.864244084239	0.503072359111
0.941507412227	-3.4767046374	-0.00156737279921	0.000508785909036	0.000345822944705	-0.867351764646	0.497695225925
0.933060188767	-3.49090249938	-0.00156705499578	0.000512575229409	0.000372070584453	-0.871394441119	0.49058264015
0.924113601213	-3.5053865016	-0.00156737412074	0.000507696510628	0.000393066366313	-0.875496337682	0.483224327252
0.913552491331	-3.52181162441	-0.0015668634172	0.000496454735851	0.000398406157292	-0.880125891615	0.474739939035
0.904652045174	-3.53513216293	-0.00156611440826	0.000492096322483	0.000389839219572	-0.883866408805	0.467739005485
0.893231811644	-3.55157931827	-0.00156586598834	0.000501239910144	0.000368095099845	-0.888464747901	0.458944446531
0.88208239111	-3.56699125912	-0.00156605825876	0.000522280827779	0.000342053759609	-0.892719589081	0.450612189685
0.876701683397	-3.57421885432	-0.00156563515215	0.000533180323784	0.000321816665908	-0.894641769646	0.446783746523
0.865449728608	-3.58893064024	-0.00156612114832	0.000560918845353	0.000279465435937	-0.898508609033	0.438955449633
0.853942322153	-3.60344471983	-0.00156599508689	0.000574722760863	0.000256227261132	-0.902298760338	0.431110833931
0.845068589391	-3.61429447062	-0.00156589849671	0.00057624219138	0.000243326118081	-0.90501839548	0.425371969668
0.834768536198	-3.62655783089	-0.00156548985068	0.000579967009517	0.000207725388664	-0.907839497053	0.419317383468
0.824639067691	-3.63830649188	-0.00156452793673	0.000592178960753	0.000185580910666	-0.910471945306	0.413570370909
0.811358804811	-3.65328102561	-0.00156518163528	0.000602470777799	0.00015204473239	-0.913508429497	0.406819324946
0.801261181971	-3.66438626573	-0.00156565378863	0.00062791946655	0.00011812037031	-0.915616919225	0.402051301445
0.792757635563	-3.67356154452	-0.00156428561524	0.000639847326873	0.000109427920104	-0.917340949807	0.398101947279
0.774467877394	-3.69277093294	-0.0015663066119	0.000640002113448	0.000122291158712	-0.920945597325	0.389690623714
0.764664309547	-3.70278368491	-0.00156522436141	0.000627329526185	0.00014474493522	-0.922816774667	0.385238609047
0.751918983177	-3.71551639955	-0.00156552588928	0.000604619423178	0.000177208689038	-0.925191566572	0.379499892195
0.742976272191	-3.72426407001	-0.00156528634407	0.000592995604841	0.000195457797615	-0.926819465627	0.375506708713
0.727509892691	-3.73904857147	-0.00157259284371	0.000919406138642	0.000321408813937	-0.929433059027	0.368989485185
0.713552861359	-3.7520675059	-0.0016081776717	0.00122574049467	0.000296492476957	-0.93122196871	0.364450345925
0.709280749373	-3.75600669871	-0.00159688789208	0.00102271836848	0.000149760303223	-0.931623161641	0.363424292409
0.694263955191	-3.76972887392	-0.0015252199267	6.32628947711e-05	-0.000469119811416	-0.932842247894	0.360284771353
0.679218067772	-3.78329736211	-0.00153032775627	5.56668691508e-05	-0.000597255383579	-0.933999708027	0.357273264593
0.666255006439	-3.79486462388	-0.00156043092034	0.000688225746289	-0.000368655955144	-0.934688105636	0.355468051476
0.661398175734	-3.7991794787	-0.0015739705072	0.00093474724083	-0.000268850002777	-0.934868803226	0.354992076986
0.641802897435	-3.81650813626	-0.00159219907822	0.00126258974782	-1.30370083974e-05	-0.935505592671	0.353309625935
0.633865596106	-3.82349309935	-0.00158410457028	0.00106440689796	-1.56760330916e-05	-0.935697690264	0.352801217724
0.617688048089	-3.83770710143	-0.00155481612006	0.000518102237718	-0.000163459200177	-0.935670987531	0.352873217948
0.603864351963	-3.84987934255	-0.00154686895735	0.000363698380635	-0.000263260110298	-0.935375473837	0.353655936414
0.593054585769	-3.85943633129	-0.0015538471482	0.000518249099158	-0.000294607544535	-0.934950088921	0.354778770293
0.584479649669	-3.86705360752	-0.00156441250678	0.00073904111333	-0.000305894755839	-0.934577082591	0.355759802313
0.572164280905	-3.87805083964	-0.00157397473232	0.000997893975901	-0.000323267254308	-0.934025547739	0.357204669451
0.558738400998	-3.89011754943	-0.00157686227453	0.00104532417462	-0.000377906448585	-0.933427412018	0.358764589917
0.54240453553	-3.90490911838	-0.00156500604578	0.000841624604203	-0.000437184879314	-0.93269499903	0.360664857343
0.536492768531	-3.91029297498	-0.00156142487361	0.00075675067711	-0.000433497757996	-0.932426325271	0.361359083668
0.520307115596	-3.9251277641	-0.00155828390381	0.00064941154196	-0.000360360819327	-0.931498901176	0.36374337865
0.513710385603	-3.93122053451	-0.00156046748284	0.000672287160298	-0.000308585617316	-0.93108611327	0.36479871502
0.495067949661	-3.94859011725	-0.00156801946318	0.000800715183741	-0.000171452651682	-0.92987982005	0.367862541887
0.48377590038	-3.95922526943	-0.00157019025861	0.000838321872342	-0.000161831893557	-0.929102634518	0.369820991236
0.472889742113	-3.96956384842	-0.0015677019792	0.000822127581118	-0.000206224060255	-0.928340323035	0.371730448316
0.461692916141	-3.98028637536	-0.00156487382135	0.000780511205948	-0.000283222236161	-0.927549676586	0.373698953776
0.446252862858	-3.99522295016	-0.00156238554991	0.000762391867892	-0.000379143055846	-0.926449079179	0.376419152936
0.438746767567	-4.00254819288	-0.00156265050096	0.000780414864739	-0.000402416518739	-0.925909354553	0.377744750016
0.420242568224	-4.02078788804	-0.00156607159754	0.00084937243889	-0.000390644319397	-0.924558964411	0.381037855457
0.410329298385	-4.03067224265	-0.00156652434866	0.000860690444143	-0.000373723133786	-0.923674686836	0.383176450791
0.398008507155	-4.04309804353	-0.00156687959892	0.000852197470033	-0.000376724269003	-0.922402423422	0.386229078532
0.387516699947	-4.05381192459	-0.00156431532478	0.000829301685648	-0.000369098508149	-0.921300056896	0.388851361304
0.374655310177	-4.06709881904	-0.00156561466612	0.000804390932678	-0.000310141713363	-0.920237745974	0.391358847673
0.369113672111	-4.07286462385	-0.00156464870617	0.000791845280863	-0.000269802943827	-0.919846602753	0.392277360539
0.354618569025	-4.0880525737	-0.00156620336276	0.000765284244183	-0.000180337541405	-0.918849732828	0.394606830023
0.34053273994	-4.10294568126	-0.00156564599083	0.000752113969038	-0.000109968758351	-0.918167534971	0.396191620251
0.329222249007	-4.11496270035	-0.00156565978261	0.000728169469846	-7.08980828553e-05	-0.917793088202	0.397058323161
0.316567631298	-4.12845766662	-0.00156552483284	0.000723162883	-8.24528408179e-05	-0.917476027372	0.397790408927
0.310416996663	-4.13502828658	-0.00156473769574	0.000726505739461	-8.47178508832e-05	-0.917443613354	0.397865154704
0.29572222894	-4.15072474451	-0.00156587348958	0.000726406187169	-0.000102710358779	-0.917457711542	0.397832639833
0.286495226639	-4.16057870681	-0.00156563912905	0.000739817160448	-0.000132449243467	-0.917479387329	0.397782615198
0.272820735794	-4.17517460448	-0.00156474464109	0.00075653814215	-0.00016155567409	-0.917584646378	0.397539706546
0.261189216567	-4.18757436991	-0.00156584339863	0.000760970802307	-0.000175226786937	-0.917706321425	0.397258729086
0.249550204903	-4.19996666336	-0.00156510588219	0.000761213672682	-0.000173367921555	-0.917861305088	0.396900510355
0.243039612986	-4.20688719159	-0.00156540919767	0.000758112675569	-0.000151094323785	-0.918072165391	0.396412539624
0.226197282228	-4.22469369194	-0.00156573071666	0.000711052163678	-3.1213815035e-05	-0.918935093859	0.394408147362
0.216882336677	-4.23447206325	-0.00156631416315	0.00068148316403	2.1341786851e-05	-0.919434478996	0.393242640058
0.203739814724	-4.24819671317	-0.00156310923646	0.000651851513428	2.67263605342e-05	-0.919844408954	0.39228285419
0.191969386426	-4.26045648331	-0.00156470784995	0.000673409690636	-4.83895431805e-05	-0.919998563249	0.391921149974
0.188159761605	-4.26442080862	-0.00156401530734	0.000688819185998	-7.78202802146e-05	-0.920040725961	0.391822130622
0.173255323512	-4.2799118048	-0.00156532342477	0.000759750235024	-0.000185662640616	-0.920244300038	0.391343604212
0.155549065792	-4.29826935718	-0.00156608141661	0.000815539839074	-0.000267305751297	-0.920521175659	0.390691730915
0.147207053512	-4.30690070446	-0.00156597034393	0.000813183173498	-0.000272232577849	-0.920651739834	0.390383962994
0.134340083794	-4.32019665536	-0.00156457282888	0.000780582162182	-0.000252160561366	-0.920717917798	0.390227937176
0.127039915096	-4.32774112809	-0.00156487200076	0.000761652142529	-0.00023573779751	-0.920678963311	0.390319882699
0.114184026985	-4.34103659056	-0.00156356593523	0.000739442305483	-0.000182478344893	-0.920598150437	0.390510518858
0.100632547081	-4.35505524451	-0.00156536082351	0.000726970371853	-0.000101265165806	-0.920646193626	0.390397294332
0.0898544068131	-4.36619729674	-0.00156589563921	0.000718784654691	-5.34861534581e-05	-0.920709266196	0.390248545965
0.0808108996629	-4.37554033015	-0.00156565750657	0.000713396061242	-3.80537432532e-05	-0.920762860699	0.39012208855
0.0682869895158	-4.38847281005	-0.00156472692813	0.000707842326919	-6.45489751545e-05	-0.920731660045	0.390195726505
0.0530017821398	-4.40428748847	-0.00156482108203	0.000738606029929	-0.000190614352558	-0.920387260623	0.391007299945
0.0422521268087	-4.41544595044	-0.001563480544	0.000779462079959	-0.000273236423958	-0.920133767898	0.39160332858
0.0308186060825	-4.42733887238	-0.00156610699772	0.000819197629331	-0.000311481366042	-0.920008186984	0.391898159957
0.0214662810032	-4.43707641423	-0.00156598297013	0.000829970026923	-0.000307695305009	-0.919933059888	0.392074459507
0.00553985690606	-4.45367659899	-0.00156572082166	0.000800339945865	-0.000244644327242	-0.919809604023	0.39236410635
-0.0048399067912	-4.46450709904	-0.00156505218763	0.000758514197454	-0.000180662186577	-0.919727502775	0.39255663624
-0.0172871553327	-4.47750685246	-0.00156463467404	0.00071414765798	-0.000105126511822	-0.91962886841	0.392787758629
-0.0252359068204	-4.48581458731	-0.00156428403033	0.000698455272007	-6.70258272851e-05	-0.919592497842	0.392872938214
-0.0383769017879	-4.49953843374	-0.00156546598384	0.000693646031246	5.79271078072e-06	-0.919890451096	0.392174803887
-0.0477402260314	-4.50927326417	-0.00156622130399	0.000685026183304	7.12795818789e-05	-0.920445517493	0.390870278974
-0.0613294027356	-4.52328061808	-0.00156642632952	0.000655043821998	0.000142698988764	-0.92153400644	0.388297084111
-0.0725422469019	-4.53471119946	-0.00156623586068	0.000632098985529	0.000159089468842	-0.92263243647	0.385679870247
-0.08772972489	-4.54995102492	-0.00156458693785	0.00060428206849	0.000189352507236	-0.924596813969	0.380946624328
-0.0977062150853	-4.55978492551	-0.00156577622708	0.000596317910644	0.000181093797435	-0.92592004087	0.37771906164
-0.107746764673	-4.56954935518	-0.00156466760742	0.000611482896471	0.000130586987739	-0.927139465068	0.374715920864
-0.12183549186	-4.58304241587	-0.00156426547596	0.000653537320672	4.27859200316e-05	-0.9287907035	0.370604101636
-0.134947234046	-4.59538765394	-0.00156618559467	0.000692986790693	-3.52109607231e-05	-0.930271100921	0.366872181176
-0.145576683421	-4.60525979975	-0.00156499785324	0.000715306476219	-0.000103205993042	-0.931267867625	0.364334511699
-0.151830970174	-4.61102089805	-0.00156567711822	0.000727981653823	-0.000137988046077	-0.931811965321	0.362940645681
-0.168838699497	-4.62651687986	-0.00156509195219	0.000735078583264	-0.000164138458806	-0.933241918184	0.3592477625
-0.184464283993	-4.64055422747	-0.0015653614771	0.000717265192076	-0.000146255945322	-0.934287544574	0.356519632269
-0.193052409784	-4.64820460138	-0.00156501112115	0.00071232554015	-0.000124443585083	-0.934803193682	0.3551654068
-0.205038716279	-4.65880823498	-0.00156479291219	0.000697140766972	-7.4825201513e-05	-0.935505867661	0.353310458334
-0.215935339119	-4.66837890013	-0.00156550406858	0.000683776830847	-4.86954013281e-05	-0.936002933255	0.351991532592
-0.23740045646	-4.68712534192	-0.0015643068898	0.000703624357369	-0.000118206124529	-0.93648021156	0.350719694767
-0.243810991906	-4.69270642674	-0.00156420055884	0.000715422592985	-0.000145826884647	-0.936585778727	0.35043764922
-0.250224812083	-4.69828383775	-0.00156492911884	0.000727632918798	-0.000178159592947	-0.936664438677	0.350227309227
-0.272124049741	-4.71729544508	-0.00156493380643	0.000776854963642	-0.000269848737355	-0.936897031017	0.349604457852
-0.286486602112	-4.72973807384	-0.00156620056268	0.000778659756319	-0.000278353522411	-0.937017864765	0.349280456538
-0.295557812886	-4.7375934166	-0.00156512567762	0.00076800880422	-0.000284334184808	-0.93693370954	0.349506156231
-0.307257833078	-4.74775153377	-0.00156450563759	0.000760401398041	-0.000317821459146	-0.936529706023	0.350587265192
-0.320798442447	-4.75959157731	-0.00156354436765	0.000775802894218	-0.000384550945897	-0.93572653164	0.352725258856
-0.333541387903	-4.77082975096	-0.0015652590186	0.00081149541855	-0.000384570899083	-0.935169795613	0.354198598181
-0.347767146688	-4.78342952741	-0.00156749409299	0.00081478733878	-0.000268700879313	-0.935029129022	0.354569868718
-0.358631238646	-4.79304821745	-0.00156785933445	0.000776826394869	-0.000133397806827	-0.935185087797	0.354158481909
-0.367257172011	-4.80066787475	-0.00156709971703	0.000724603192339	-2.28129986866e-05	-0.935442506094	0.353478135423
-0.379656210526	-4.8115705721	-0.00156511303376	0.000638527022065	0.000122503777262	-0.935974094966	0.352068275805
-0.393970520463	-4.8240697942	-0.00156468511815	0.000571409158324	0.000194261879519	-0.93660456566	0.350387675781
-0.403405952666	-4.83226360962	-0.00156297078811	0.000570787726334	0.000156566676288	-0.936864333118	0.349692537837
-0.421153047919	-4.84764784036	-0.00156368799589	0.000675581864955	-0.000119051867798	-0.936768877422	0.349947995721
-0.434349321888	-4.85912733032	-0.00156512324672	0.000807533167386	-0.000405993808944	-0.936366665525	0.351022293812
-0.444516444446	-4.86800604031	-0.00156654373323	0.000898333893225	-0.00056486112412	-0.936186531065	0.3515019957
-0.4580764266	-4.87985598438	-0.00156795903003	0.000941133522549	-0.000594267970565	-0.936329348832	0.351121220705
-0.471659393509	-4.89168786541	-0.00156760523321	0.000872957920456	-0.000434740217698	-0.936717201562	0.35008560845
-0.482618449311	-4.90119414165	-0.00156617095812	0.000767462171332	-0.000229955142731	-0.937059767813	0.34916808226
-0.490563204495	-4.90806235587	-0.00156441956064	0.000684225566562	-6.80591641983e-05	-0.937306414541	0.348505684981
-0.508753409417	-4.92371272527	-0.00156389133469	0.000552496695649	0.000228822687063	-0.937868558436	0.346990215259
-0.519388878903	-4.93281322165	-0.0015644808071	0.000541723637582	0.000301800267277	-0.938231327541	0.34600808007
-0.533096895567	-4.94448265948	-0.00156544742613	0.000584205444865	0.000255158049656	-0.938710040938	0.344707198416
-0.543784105771	-4.95353410766	-0.00156639313728	0.000644892266139	0.000117247889777	-0.939068797531	0.343728619509
-0.558310220236	-4.96578895646	-0.00156525479921	0.000732970465295	-0.000182374990402	-0.93925986729	0.343205960311
-0.570153837755	-4.97578174414	-0.00156466415325	0.000811498163374	-0.00047365399186	-0.939052666776	0.343772026411
-0.585397143786	-4.98870773571	-0.00156456888825	0.00090709672207	-0.00076458136253	-0.938454926594	0.345399686367
-0.599827738263	-5.00104627391	-0.00156486939412	0.000953162296421	-0.00084501812814	-0.937618341762	0.347663950703
-0.610794133167	-5.01051908766	-0.00156699501521	0.000953990881973	-0.000792270539499	-0.936788636703	0.349893572896
-0.620212084072	-5.01873073922	-0.00156570186097	0.000924420663691	-0.000661614576666	-0.936046198604	0.351875292953
-0.630723498128	-5.02797574132	-0.00156664399355	0.000857049830487	-0.000441110334043	-0.935335233078	0.353761321586
-0.649431422719	-5.04456856598	-0.00156627573809	0.000691945491134	4.33735765185e-05	-0.934722240446	0.355378463818
-0.66027032512	-5.05421007476	-0.00156601432128	0.000594439715478	0.000276175394742	-0.934679442597	0.355491082808
-0.670363088297	-5.06318311411	-0.0015661272122	0.000535264350185	0.000395525523767	-0.934820187349	0.355120788432
-0.681593242658	-5.07313451567	-0.0015645587125	0.000516547981284	0.000429126625727	-0.935268063407	0.353939540882
-0.695114203887	-5.0850272068	-0.00156507461273	0.000547711649831	0.000328490070217	-0.936044841772	0.351880159001
-0.710964940531	-5.09881559129	-0.00156607493707	0.000657583315147	7.25755161512e-05	-0.937266299319	0.348613606273
-0.719694829259	-5.10631492105	-0.00156543174802	0.000714840062767	-4.88085869405e-05	-0.938161042917	0.346198417348
-0.731910673502	-5.11667117059	-0.00156754329288	0.00076062130881	-0.000176905821028	-0.939488920173	0.342578398373
-0.751533547197	-5.13298319156	-0.00156459924929	0.000760786529848	-0.000269487934361	-0.941356456384	0.33741275999
-0.758493995902	-5.13869156743	-0.00156473784887	0.000744733845263	-0.000279959287784	-0.941818017486	0.336122282707
-0.77555153989	-5.15257559198	-0.00156405954447	0.000720562219458	-0.000274342950009	-0.942550869713	0.334061766038
-0.787983352413	-5.16263666122	-0.00156351251454	0.00071898255269	-0.000245159864614	-0.942775026324	0.333428662087
-0.802759474303	-5.17457366741	-0.00156605316171	0.000740637634517	-0.000211242710033	-0.942893447975	0.333093609363
-0.808596007726	-5.1792845557	-0.00156561230411	0.000746108213341	-0.000193238135016	-0.942932203685	0.332983881346
-0.823775159645	-5.1915323108	-0.00156630100371	0.000740195708708	-0.000175414788512	-0.942866231817	0.333170662332
-0.83932637978	-5.20410798288	-0.00156529873729	0.000740004134355	-0.00021982456278	-0.942624901065	0.333852811824
-0.845928974214	-5.2094589708	-0.00156408814581	0.000739303930828	-0.000237725174764	-0.942514101448	0.334165476205
-0.861449316279	-5.222065213	-0.00156567989633	0.00074873373867	-0.000276951803616	-0.94225998459	0.334881298576
-0.877725431607	-5.23532796216	-0.00156521824055	0.000770030184976	-0.000295684593177	-0.941992813186	0.335632029952
-0.892823211576	-5.24766867864	-0.00156625118371	0.000776599055903	-0.000284322361957	-0.941773850311	0.336245938155
-0.904042792747	-5.25685660478	-0.00156610125941	0.000769073316782	-0.000250129431567	-0.941686003342	0.336491927202
-0.920670952398	-5.27048925026	-0.00156611602145	0.000737667843381	-0.000191132088952	-0.9415754627	0.336801228257
-0.929560090648	-5.27778477074	-0.00156526450427	0.00072282658735	-0.000167948330961	-0.941505528645	0.336996719341
-0.945782107836	-5.29111605431	-0.00156520425575	0.000709817157688	-0.000150647387847	-0.941352737215	0.337423321071
-0.953116374103	-5.29715147921	-0.00156516397054	0.000713185787884	-0.000155041731456	-0.941282245765	0.337619906309
-0.968549808469	-5.30986831606	-0.00156542918466	0.000732028112025	-0.000183937146908	-0.94113246167	0.338037157563
-0.9797318828	-5.31909812156	-0.00156553936764	0.000747786672065	-0.000222275730281	-0.940975713845	0.338473185588
-0.992829781484	-5.32993381257	-0.00156582136774	0.000766959322957	-0.000274236115696	-0.940767296287	0.339051958858
-1.00360605375	-5.33886948183	-0.00156534833888	0.000775941215766	-0.00030414385531	-0.940596275345	0.339526070014
-1.01937343344	-5.35196968091	-0.00156579114177	0.000778028556252	-0.000298195853869	-0.940467183561	0.339883483559
-1.03090592291	-5.36156190654	-0.00156576040123	0.000765113694158	-0.000263766497703	-0.940397559325	0.340076131834
-1.04627608862	-5.37435865288	-0.00156545555046	0.000742173602976	-0.000204230298262	-0.940308589575	0.34032214715
-1.05319107386	-5.38011936565	-0.00156532903349	0.000731774841672	-0.000173162848338	-0.940312097386	0.340312494673
-1.07355997271	-5.39707482233	-0.00156563685009	0.000701437469914	-8.5550101589e-05	-0.940439638404	0.3399599788
-1.0824031607	-5.40442760564	-0.0015658607563	0.000695526785634	-7.63661940836e-05	-0.940468306177	0.339880678309
-1.0970072409	-5.41657780869	-0.00156490359607	0.000701712796123	-0.000136120270954	-0.940293695225	0.340363417233
-1.11044243898	-5.42778382842	-0.00156440855823	0.00073646801168	-0.000228191883437	-0.940076504718	0.340962711776
-1.12348091508	-5.43868699538	-0.00156556144259	0.000774261632341	-0.000310734894829	-0.939854830419	0.341573127895
-1.12961194659	-5.44382432681	-0.00156600509211	0.000791062410536	-0.000343330842814	-0.93974537402	0.341874082598
-1.14530871979	-5.45700864491	-0.00156570709146	0.000814737596144	-0.000382127880229	-0.939459826095	0.342657883805
-1.16060239792	-5.46989738772	-0.00156604116125	0.000800725362122	-0.000349612683002	-0.939215846043	0.343326129434
-1.17130143751	-5.47892877726	-0.00156625145876	0.000777788596548	-0.000268002819764	-0.939225692874	0.343299317018
-1.18162235266	-5.48763504892	-0.00156499424002	0.000736144761971	-0.000162698998884	-0.939294816563	0.343110301794
-1.19844848857	-5.50181187234	-0.00156559401687	0.000678671509358	-2.83704764539e-05	-0.93941408577	0.342783771578
-1.20762896694	-5.5095395518	-0.00156420424038	0.000659547629108	5.07981849117e-06	-0.939441352047	0.342709076383
-1.22560921016	-5.52466757694	-0.00156502373179	0.000669843782494	-2.95985056489e-05	-0.939481762134	0.342598261892
-1.23900095007	-5.53593082468	-0.00156510301354	0.000708903322331	-0.000124588152385	-0.939459312522	0.342659717577
-1.25009231424	-5.54526795123	-0.00156558820714	0.000750647398239	-0.000242957261881	-0.939325986152	0.343024881372
-1.26117512054	-5.554614928	-0.00156527739201	0.00079512932198	-0.00035322243689	-0.939172295358	0.343445254204
-1.27110485147	-5.56300397518	-0.00156541907867	0.000820286325171	-0.000417520350405	-0.939042441035	0.343800009806
-1.28789947268	-5.57721491302	-0.00156581982555	0.000827572827547	-0.000416499642675	-0.93894001769	0.344079619902
-1.30239851042	-5.58949601564	-0.00156605372101	0.000790416450498	-0.000320722360382	-0.93886982844	0.344271284926
-1.31269733765	-5.59822510189	-0.00156558333337	0.00075260989638	-0.000222420219508	-0.938860043779	0.344298129973
-1.32910324496	-5.61212345058	-0.00156492186617	0.000687590043375	-5.03742651524e-05	-0.938947625024	0.344059416589
-1.33368308852	-5.61600020989	-0.00156548817086	0.000673127576864	-1.4141856635e-05	-0.938976093041	0.34398174864
-1.35468168208	-5.63375783273	-0.00156475358262	0.000652817602052	3.53690511895e-05	-0.939089951641	0.343670824054
-1.36422971156	-5.64182501772	-0.00156511146814	0.000667242607026	-1.1390196301e-05	-0.939110825308	0.343613754739
-1.37110465594	-5.64763252274	-0.00156555136738	0.000687999566311	-6.61948682929e-05	-0.939123373876	0.343579409911
-1.38523825134	-5.65956867578	-0.00156514816289	0.000740875962966	-0.000201477429699	-0.939153489123	0.343496920478
-1.40052268422	-5.67246916562	-0.00156581857436	0.000791103714989	-0.000325364274529	-0.93922748371	0.343294337467
-1.41237238557	-5.68246286691	-0.00156597273369	0.000809107158391	-0.00037412591806	-0.939290872653	0.34312076872
-1.42537234409	-5.69341907746	-0.00156577118941	0.000803133329498	-0.000365064368525	-0.939352259052	0.342952700995
-1.43990268607	-5.70566065964	-0.00156552970838	0.000771200897356	-0.000297509902998	-0.939355369907	0.342944318753
-1.44869637848	-5.71307004995	-0.00156531023084	0.000748541316464	-0.000236537841803	-0.939349258555	0.342961155509
-1.46513661073	-5.72692348081	-0.00156524695815	0.000708628923437	-0.000117250021068	-0.939352660001	0.342951985337
-1.48044054429	-5.73980371779	-0.00156565872805	0.000687352863777	-1.35642287314e-05	-0.939592074219	0.342295576114
-1.49193533166	-5.74944787404	-0.00156605643406	0.000670734796008	2.59805164471e-05	-0.939824727814	0.341656304536
-1.50497780276	-5.76035762419	-0.00156562778769	0.000670412285645	5.49296065116e-06	-0.940086757159	0.34093465581
-1.51841869191	-5.77156680431	-0.00156476426425	0.000685546035427	-7.22281541353e-05	-0.940312832256	0.340310596816
-1.52956509708	-5.78083982931	-0.00156529682591	0.000714074495562	-0.000159617065246	-0.940495365056	0.339805728216
-1.54187535433	-5.79105880592	-0.00156514671296	0.000750931498179	-0.000252108951148	-0.94065247333	0.339370442084
-1.55649459898	-5.80318926918	-0.00156547572871	0.000786441860002	-0.000376136752031	-0.94048113239	0.339844787586
-1.56839802473	-5.81310602797	-0.00156470798648	0.000817743625085	-0.000480052548364	-0.940033615763	0.341080492085
-1.58141954992	-5.82402253776	-0.00156477845473	0.000843700304662	-0.000524789049035	-0.939495080606	0.342560952655
-1.59212353151	-5.8330419706	-0.00156669325484	0.000848486461415	-0.000471545047063	-0.939246612624	0.343241690927
-1.60397221366	-5.84304147329	-0.00156695586559	0.000818195090408	-0.000310628667107	-0.93927787906	0.343156378312
-1.62426019172	-5.86011572357	-0.00156740262808	0.000682714955329	4.21665181172e-05	-0.939724976233	0.34193055021
-1.63307957221	-5.8675039841	-0.00156519535313	0.000619814988302	0.000159606899552	-0.939983215802	0.341220082007
-1.64075631527	-5.87391575834	-0.00156437636199	0.000577539144552	0.000222693245322	-0.940210371172	0.340593709274
-1.65456729099	-5.88540656218	-0.00156411657211	0.000579011467899	0.000231296670206	-0.940610134703	0.339488123124
-1.66940075117	-5.89769744915	-0.00157070286767	0.000734360573189	8.69160047529e-05	-0.940765593416	0.339056855712
-1.67776892804	-5.90462785817	-0.00157136758712	0.000797855927381	-8.1403574225e-05	-0.940750573556	0.339098385653
-1.69180592209	-5.91625856793	-0.00156592925572	0.000859825752588	-0.000377142169777	-0.940713507951	0.339200846729
-1.70560555279	-5.92768567668	-0.00157478812396	0.00100395236236	-0.000503235424725	-0.94092859997	0.338603172745
-1.72277257672	-5.94184016818	-0.00156902730821	0.000910745009305	-0.000460816083019	-0.941413249047	0.337253691915
-1.73387819962	-5.95095398797	-0.00156471485064	0.00083833589027	-0.00031093424397	-0.941774687648	0.336243421077
-1.74036860379	-5.95625799796	-0.00156860383205	0.00091434797508	-0.000135880644628	-0.942083111812	0.335378228188
-1.75298843235	-5.96650938597	-0.00158172405432	0.000900996389252	0.00017646698667	-0.942772273061	0.333436048158
-1.76668462064	-5.97753461244	-0.00156962160974	0.000696649046886	0.000333269825164	-0.943558262049	0.331205690969
-1.77948081749	-5.98772403948	-0.00156955546773	0.000603343933991	0.000383658546587	-0.94454171665	0.328390673268
-1.79445812165	-5.99947359568	-0.00156366836901	0.000521257554807	0.000263253709912	-0.945849605889	0.324604654968
-1.80549105958	-6.00800542905	-0.00156197946314	0.0006107798931	0.000100877451037	-0.946813608084	0.321781926651
-1.81780551849	-6.0174002744	-0.00158446613684	0.00110560727732	9.99710060348e-06	-0.947905351981	0.318550186343
-1.82701757111	-6.02434284432	-0.00159615501461	0.00124518870768	-0.00011702835982	-0.94871580098	0.316127766544
-1.8391598003	-6.03338221135	-0.00157630403406	0.00114505325944	-0.000285878100532	-0.949849481006	0.312705245493
-1.84881935345	-6.04046312699	-0.00158492932546	0.00114088554182	-0.000248115144624	-0.951022227049	0.30912030098
-1.86136054436	-6.04947958999	-0.00157138807967	0.000816730561048	-0.000133619788545	-0.952690815438	0.303940002757
-1.86522047068	-6.05221317979	-0.00156606021909	0.000695900575744	-9.16996159552e-05	-0.953207812867	0.302315022455
-1.87724140334	-6.06059441485	-0.00156666299614	0.000776814571302	0.000207855655146	-0.954970955326	0.296698210037
-1.89198574209	-6.0705757433	-0.00158768608374	0.00090590202032	0.000460343700026	-0.957190341091	0.289457455159
-1.90178155077	-6.07702922258	-0.00157328955423	0.000839184981753	0.000407069666831	-0.958660673438	0.28455024735
-1.91107275792	-6.08300849071	-0.00158724905545	0.000962683863093	0.000295098716925	-0.960106533299	0.279632671325
-1.91585161501	-6.08603192197	-0.00158755355062	0.000932955325619	0.00017403896701	-0.960842818262	0.27709236348
-1.93002229378	-6.09479161253	-0.00156354092509	0.00078316659139	-0.000235156506551	-0.962995995502	0.269514459721
-1.93602125412	-6.09840402521	-0.00157484719533	0.000975377692798	-0.0003064042521	-0.963923089501	0.266178947856
-1.9474935051	-6.10516125935	-0.00158268745792	0.00104904314318	-0.000376349122839	-0.965658541492	0.259812122722
-1.95467731819	-6.10929287022	-0.001573365245	0.000979044613943	-0.00034743591863	-0.966719228263	0.25583755484
-1.96312714471	-6.11404741085	-0.00158787415335	0.00107150344946	-0.000179669828852	-0.967978507876	0.251030730966
-1.96601298512	-6.11564683799	-0.00158987794379	0.00103657466533	-0.000126345574901	-0.968402059866	0.249391980619
-1.9763599456	-6.12127611774	-0.00156991645569	0.000704061417538	6.57702519959e-06	-0.969897756191	0.243511492109
-1.98692391265	-6.12685608509	-0.00157714544377	0.000828378846319	0.000145588343597	-0.971364505996	0.237592695771
-1.99394695169	-6.13047526628	-0.00158441149529	0.000897377644718	0.000125841483807	-0.972306824305	0.233706264971
-1.99852068784	-6.13279510656	-0.00157678586868	0.000874755493319	5.424324526e-05	-0.972913829504	0.231166416724
-2.00621470726	-6.13662314437	-0.00158732311791	0.00105316534812	-7.73804150703e-05	-0.973986498264	0.226603587913
-2.01299754902	-6.13992343424	-0.00158246168513	0.00096600765684	-0.000259398936664	-0.974926118165	0.222526545969
-2.01963584024	-6.14308791932	-0.00156778228458	0.000807108861216	-0.000416568994415	-0.975828295187	0.218536755165
-2.02711032414	-6.14657415442	-0.00159342208091	0.00132458123547	-0.000392316860238	-0.976695115724	0.214626984538
-2.03106021313	-6.14839176184	-0.00161709357223	0.00177708233635	-0.000323207740786	-0.977008012633	0.213194936071
-2.03493055425	-6.15016211665	-0.00162775878165	0.00197141114116	-0.000289841585973	-0.977154951569	0.212518776004
-2.03671667315	-6.15097741345	-0.0016216464321	0.0018878200149	-0.000294465079642	-0.97716899622	0.212454941701
-2.03890054581	-6.15197399663	-0.00160412564701	0.00152878710795	-0.000286004273633	-0.977163003679	0.212485400093
-2.03963636089	-6.15230969664	-0.00159110399722	0.00125279705644	-0.00021067723344	-0.977155671853	0.212521008562
-2.03972682145	-6.15234997891	-0.00158785137814	0.00100386835032	-0.000172560270158	-0.977151617805	0.212541003792
-2.03975511445	-6.15236262002	-0.00156264149168	0.000571152188735	-0.000176343102375	-0.977149013195	0.212554578168
-2.03969303082	-6.15233401295	-0.00155372261019	0.000341765512919	-0.000193402724788	-0.977150061173	0.212550238158
-2.03964234364	-6.15231063532	-0.00155729754277	0.000429551687697	-0.000196119840081	-0.977150915143	0.212546150416
-2.03960854468	-6.15229500863	-0.00157102644192	0.000707894515372	-0.000213815366601	-0.977151627684	0.21254211273
-2.03963327123	-6.15230579	-0.00158035672434	0.00092479634076	-0.000279901456073	-0.977150224266	0.21254765495
-2.03966237243	-6.15231875646	-0.00157957814779	0.000931197464711	-0.000366185321102	-0.977145275847	0.212570244082
-2.0395752237	-6.15227723659	-0.00157255295309	0.000793536975208	-0.00049303302897	-0.976942371602	0.213501123617
-2.03949818434	-6.15224127445	-0.00156698412341	0.000695491941392	-0.000558086724892	-0.976661202329	0.214783846447
-2.03936201062	-6.15217820982	-0.00156270089447	0.000634968195709	-0.000595102230832	-0.97608346397	0.217394374427
-2.03917620114	-6.15209126345	-0.00156656118189	0.000682040211532	-0.000557783451762	-0.975086523659	0.221823116642
-2.03907323236	-6.15204232034	-0.00156864583397	0.000731415512383	-0.000504426189999	-0.974344248206	0.225061095202
-2.03888805268	-6.15195366248	-0.00157029251809	0.000766586402744	-0.000328338735582	-0.972733694716	0.231923400506
-2.03877686973	-6.15189801765	-0.00156922076471	0.000711326752716	-0.000242043304186	-0.971554301431	0.236815697961
-2.03860751584	-6.15181044713	-0.00156293230114	0.000599553414376	-0.000205654966889	-0.969490168355	0.245129377483
-2.03853377435	-6.15177065736	-0.00156073116432	0.000554917154366	-0.000213323035173	-0.968431100594	0.249280665041
-2.03836807665	-6.15167836072	-0.00155841435886	0.000521986052343	-0.000259997230115	-0.965626977018	0.259931147014
-2.03826569508	-6.15161895888	-0.00155782549067	0.000556825253578	-0.000282041199699	-0.963694350868	0.267007131934
-2.03810813638	-6.15152336642	-0.00155727687292	0.000621249334384	-0.000291288394538	-0.961015160047	0.276494830621
-2.03800438889	-6.15145828313	-0.00155684796462	0.000628395776789	-0.00029025069126	-0.959392432395	0.282073893752
-2.03780392275	-6.1513279973	-0.00155215249371	0.000536044203857	-0.000283480307843	-0.956195317094	0.292728795754
-2.03767082386	-6.15123843146	-0.00154960696166	0.000420993191756	-0.000280249904398	-0.953693165856	0.300780799961
-2.03758965525	-6.15118216088	-0.00154803038629	0.000372080403166	-0.00027549432315	-0.952049432796	0.305943888927
-2.0374047612	-6.1510488552	-0.00154828606826	0.000393540857144	-0.000244228582171	-0.948261771855	0.317489208503
-2.03729609995	-6.15096654091	-0.00154897146141	0.00045529700961	-0.000225204312748	-0.945863759445	0.324563538549
-2.0371722939	-6.15086929422	-0.00154959120704	0.000506340703037	-0.000216320070671	-0.943016902439	0.332744374167
-2.03705059104	-6.15076975331	-0.00154939063748	0.000489825021046	-0.000235196414184	-0.940017787593	0.341124997272
-2.03693832864	-6.15067489649	-0.00154868651467	0.00045059137479	-0.000260038886484	-0.937483353296	0.348029728099
-2.03679986088	-6.15055408104	-0.00154830236676	0.000410826379639	-0.000280679597131	-0.934543796564	0.355847783111
-2.03664903543	-6.15041777967	-0.00154845326386	0.000402313146976	-0.000286569205688	-0.931356711435	0.364107720445
-2.03654661293	-6.15032220729	-0.00154871302533	0.000408937084216	-0.00028292347758	-0.92884024134	0.370480173278
-2.0364255503	-6.15020490029	-0.00154864281593	0.000421992779353	-0.000274752585617	-0.924806998556	0.38043627831
-2.03633129001	-6.15010954338	-0.00154888446821	0.00044555768995	-0.000256735790806	-0.921359596563	0.388710984391
-2.03626467261	-6.15003988706	-0.00154892132907	0.000463733491764	-0.000240288418184	-0.919164707901	0.393873034062
-2.03616726603	-6.14993534255	-0.00154939772005	0.00047606464816	-0.000218905644325	-0.916141287882	0.40085516846
-2.03603621455	-6.14978911379	-0.00154909144527	0.000448887865157	-0.000209160467376	-0.911927920723	0.410350121429
-2.03596499491	-6.14970705919	-0.00154888880887	0.000427084888113	-0.000211096042765	-0.909626261938	0.415427294035
-2.03581067025	-6.14952160234	-0.00154863170944	0.000397341146988	-0.000225816609063	-0.904039360361	0.427448974785
-2.03572085779	-6.1494084753	-0.00154867531257	0.000418239770764	-0.000227746777698	-0.900628640581	0.434589260074
-2.0356118014	-6.14926572556	-0.00154899700087	0.000464387633501	-0.000220147846831	-0.896616787089	0.442807038099
-2.0355232113	-6.14914537631	-0.00154914363513	0.00048539867403	-0.000216745722068	-0.8932279915	0.449603683938
-2.03544579384	-6.14903689243	-0.00154903597361	0.000480529459786	-0.000219897359193	-0.890135216276	0.455696189891
-2.03534525087	-6.14889102927	-0.00154868911465	0.000443078637717	-0.000230520470342	-0.885705768312	0.464246747452
-2.03526035188	-6.14876269618	-0.00154827647064	0.000417188316703	-0.000231221643467	-0.881665817698	0.471874091674
-2.03516917268	-6.14861903841	-0.0015483117056	0.000425938009257	-0.000212185004869	-0.877194208807	0.480135495033
-2.03507568248	-6.14846517718	-0.00154848872142	0.000463293218693	-0.000180395501559	-0.872781813122	0.4881102944
-2.03499849618	-6.14833266961	-0.0015486230734	0.000480704842794	-0.000163511862494	-0.868929873915	0.494934961793
-2.03492422978	-6.14820029674	-0.0015483905194	0.000472939812496	-0.000164260152133	-0.865025184303	0.501728193216
-2.03484925653	-6.14806072445	-0.00154801834951	0.000436442132707	-0.000186762846894	-0.860402683761	0.509614556715
-2.03476723775	-6.14790007614	-0.0015475359462	0.000420691872152	-0.000206961672109	-0.854895087911	0.518800702438
-2.03474793344	-6.14786094856	-0.00154750442762	0.000425305840435	-0.000207128597074	-0.853568847537	0.520979844837
-2.03465874134	-6.14767314736	-0.00154761832499	0.000476342468425	-0.000186569723636	-0.847541957449	0.530728149483
-2.03459466391	-6.14753137749	-0.00154789679773	0.000506604838115	-0.000167591910074	-0.843200764169	0.537598536613
-2.03452689011	-6.14737417316	-0.00154755559361	0.000498581216838	-0.000162631684742	-0.83825166534	0.545283293823
-2.03445764077	-6.14720476999	-0.00154695168457	0.000450979256707	-0.000172044177624	-0.832547361634	0.553953660205
-2.03444096562	-6.1471625314	-0.00154669139111	0.000441041110754	-0.000172766509393	-0.831144444712	0.556056370937
-2.03438622661	-6.14701930911	-0.00154666169963	0.000428132643981	-0.000165911198489	-0.826478566107	0.562967999926
-2.0343199865	-6.1468352166	-0.00154644581351	0.000453239690192	-0.000142101525746	-0.820596512862	0.571507775502
-2.03427956173	-6.14671623633	-0.00154670866311	0.000476698460597	-0.000128970469043	-0.816813673209	0.576901360185
-2.03420987257	-6.14649707725	-0.00154633466422	0.00049039042003	-0.00013168249286	-0.809586334209	0.587000604463
-2.03416516413	-6.14634636288	-0.00154609045924	0.000478956187774	-0.000146808369735	-0.804649159621	0.593750350711
-2.03412006447	-6.14618526434	-0.00154570362105	0.000467316464982	-0.000158384503432	-0.799504403084	0.600660025288
-2.03408673716	-6.14605926664	-0.00154557086587	0.000465855297316	-0.000158394988368	-0.795530599495	0.605913214212
-2.0340562142	-6.14593747482	-0.00154552490923	0.000468736382668	-0.000152610552659	-0.791522944921	0.611139251448
-2.03401205823	-6.14574506643	-0.00154521457046	0.000475515306771	-0.000136214957436	-0.784507663584	0.620118924972
-2.03398899746	-6.14563568041	-0.00154525134004	0.000481072039958	-0.000124011465148	-0.780407986986	0.62527044312
-2.03397081222	-6.1455439671	-0.00154515564503	0.000483683184146	-0.000115292334372	-0.776912487205	0.629608402091
-2.03393374764	-6.14533419849	-0.00154476362204	0.000472205442462	-0.00011483951584	-0.767865508378	0.640610899749
-2.03391629837	-6.14522174719	-0.00154456603799	0.000471509181091	-0.000114220465857	-0.76294713521	0.646460697574
-2.03389685811	-6.1450811126	-0.00154452967132	0.000479393385499	-0.000108090790848	-0.756832787818	0.653608361162
-2.03388962081	-6.1450237775	-0.00154451164119	0.000483947085289	-0.000104261268401	-0.754343079797	0.656480215153
-2.0338677746	-6.14482337096	-0.00154435044209	0.000492732277702	-9.62568528117e-05	-0.745464487234	0.666545156927
-2.03385764922	-6.14470845183	-0.00154413426898	0.000489159090572	-9.91445971788e-05	-0.740024991187	0.672579187391
-2.03385270522	-6.14464377824	-0.00154400603232	0.000486975661851	-0.000100547374416	-0.736940624697	0.675957297776
-2.03384260822	-6.1444803263	-0.00154386638133	0.000486597201303	-9.67081206375e-05	-0.729161249097	0.684341747
-2.0338382165	-6.14438158836	-0.00154382604854	0.000489894723444	-8.93053733467e-05	-0.724453478593	0.689323515761
-2.03383394518	-6.14423528101	-0.00154374864482	0.00049420901466	-7.55443347511e-05	-0.717435313415	0.69662495011
-2.03383264658	-6.14413376973	-0.00154375253148	0.000493867074895	-6.91429944085e-05	-0.712480687153	0.701691543165
-2.03383273261	-6.1440227315	-0.00154369556003	0.000488662501871	-6.83974425631e-05	-0.706766509816	0.707446716816
-2.03383530827	-6.14389583042	-0.00154342859162	0.000479859807661	-7.74070426399e-05	-0.699148313606	0.714976502638
-2.03383812165	-6.1438164643	-0.00154338161412	0.000484231372788	-7.5159323746e-05	-0.694387334354	0.719601271372
-2.03384221118	-6.14373366988	-0.00154346619907	0.000493213458657	-6.76085164056e-05	-0.689231859218	0.724540679609
-2.03384825576	-6.14363819431	-0.00154352724871	0.000502615567937	-5.65538788166e-05	-0.682767014895	0.730635988403
-2.03385735284	-6.14352683678	-0.00154360847723	0.000505640566303	-4.72805780839e-05	-0.674943979245	0.73786880065
-2.03386554338	-6.14344350759	-0.00154355856387	0.000500015430585	-4.54972987714e-05	-0.668756558356	0.743481279906
-2.03387550854	-6.14335603022	-0.00154346184382	0.000492269085012	-4.30538690644e-05	-0.662154664526	0.749367036948
-2.03388425894	-6.14328785782	-0.00154357323286	0.000490383082209	-3.86739492727e-05	-0.657027406076	0.753866530424
-2.03386877579	-6.1433860479	-0.00154510671909	0.00041024812184	-0.000128536603408	-0.648969153143	0.760814598601
-2.03381817635	-6.14369355672	-0.0015455294998	0.0002887831774	-0.000276435456753	-0.646258016437	0.763118874343
-2.03342302335	-6.14584884588	-0.00153444530904	-7.07798005588e-06	-0.000720100166554	-0.636131236245	0.771580541278
-2.03305500843	-6.14765340075	-0.00154357168237	0.0002855597892	-0.000492019062523	-0.629411093934	0.77707229471
-2.03247617235	-6.15026201434	-0.00154425697022	0.000506603917211	-0.000362584744958	-0.622801284348	0.782379813198
-2.03174133934	-6.15332494252	-0.00155099521513	0.000793567996061	-9.91710747239e-05	-0.615523887556	0.788117823846
-2.03107932851	-6.15590461145	-0.00155929715059	0.000833821082266	-4.19726181142e-05	-0.61005525074	0.792358437845
-2.02987116821	-6.16027918183	-0.00154706648889	0.000633534763522	-0.000176667301302	-0.601726599227	0.798701863779
-2.02906047542	-6.16303016284	-0.00155027142663	0.000570607885782	-0.000139306021864	-0.596413218771	0.802677349547
-2.02818443002	-6.16586847769	-0.00155302781258	0.000538717396386	-6.25519202813e-05	-0.59107918009	0.806613357647
-2.02648592716	-6.17104276469	-0.00154645408098	0.000443048619572	-8.28973413782e-05	-0.582433224176	0.812878426465
-2.02487615677	-6.17563958022	-0.00155636535758	0.000583171304323	8.78032762699e-05	-0.574759579119	0.818322111648
-2.02328556144	-6.17994142325	-0.0015645807088	0.000695480170533	0.000145949712635	-0.567872243553	0.823116401251
-2.02137895326	-6.18483527926	-0.00155066045252	0.0006067606876	-0.000132132689629	-0.560953819223	0.827846862096
-2.0202952514	-6.18751560668	-0.00154411592524	0.000612411386618	-0.000210512324459	-0.557165761409	0.830401044647
-2.0172631683	-6.19467159922	-0.00155837962097	0.000758161172271	-0.000183846831027	-0.547184649294	0.837011559639
-2.01462365215	-6.20054863446	-0.00155333729302	0.000842740764467	-0.000133804776288	-0.53943781736	0.8420250074
-2.01240206911	-6.20528376832	-0.00156415168343	0.000935311603312	2.52095378819e-05	-0.533156344286	0.846016215627
-2.00944513134	-6.21132473683	-0.00157096818339	0.000916670467251	0.000113283633297	-0.525338797662	0.850892645727
-2.00596799673	-6.21809561635	-0.00155272868326	0.000706939749373	-3.84835715128e-05	-0.517079991006	0.855936786016
-2.00351720919	-6.2226834302	-0.00155515410008	0.000648256311675	-1.23965390936e-05	-0.511403863645	0.859340251507
-2.0000538048	-6.22893675906	-0.0015607396668	0.000585496310572	-2.51856379034e-05	-0.503890384711	0.863767408945
-1.99594302683	-6.23605430441	-0.00154155343976	0.000470496599312	-0.000260572912821	-0.496085892754	0.868273285173
-1.99288786553	-6.24116246572	-0.00154386304328	0.000565905480482	-0.000198279021364	-0.490484296564	0.871449823719
-1.98895983751	-6.24752341714	-0.0015637922771	0.000815207918651	5.70048931356e-05	-0.48351762057	0.875334246322
-1.98250789474	-6.25752371172	-0.00156394041771	0.000999259894927	0.000106844002121	-0.473202452096	0.880953136889
-1.97827830713	-6.2638126428	-0.00156832937738	0.00106239171383	0.0001236028144	-0.466671424594	0.884430120198
-1.97483752506	-6.26878546227	-0.00156943204203	0.0010644299166	0.000116743235803	-0.461467607563	0.887156412664
-1.96898825023	-6.2769683779	-0.00155548184099	0.000866906129961	-0.000172373382732	-0.453280595281	0.891367444269
-1.96170598957	-6.2867317853	-0.00155005348171	0.000773160441387	-0.000142570360182	-0.443453225996	0.896297170725
-1.95749154919	-6.29218604927	-0.00156094002422	0.000800896733583	3.61675128062e-05	-0.43795065695	0.898998653688
-1.95202136597	-6.29907135066	-0.0015617351135	0.000772534669949	8.40933408467e-05	-0.431302122548	0.902207224092
-1.94481680117	-6.3078346649	-0.00156246358692	0.00081456156814	0.00020794809618	-0.422787233845	0.90622858493
-1.93837005245	-6.31540250408	-0.00157059325196	0.000866839519834	0.00026380194235	-0.41539338743	0.909641419834
-1.92740942065	-6.32773849702	-0.00154596920702	0.000798928845412	-9.72465459091e-05	-0.403829312103	0.914833995292
-1.92359735229	-6.33188481014	-0.00154927294425	0.000838656727851	-9.46885126369e-05	-0.399886518332	0.916564269512
-1.91456778406	-6.34143014261	-0.0015633855351	0.000968217294426	2.19101283942e-05	-0.390802115	0.920474208757
-1.90501320762	-6.35114673072	-0.00154839869853	0.000884761724104	-0.000294775764356	-0.38214870777	0.924100370876
-1.89605708118	-6.35994204386	-0.00152858191797	0.000797993912641	-0.000542273345018	-0.37464409025	0.927168201993
-1.88731384772	-6.36826070335	-0.00154255974832	0.000854652754887	-0.000396193268384	-0.367619205351	0.929975931117
-1.87490981403	-6.3796625892	-0.00154419127833	0.000899699976488	-0.000252606240163	-0.358489202034	0.93353340527
-1.86465897249	-6.38875922566	-0.00155648115694	0.00102409959866	8.05565413269e-05	-0.351205976067	0.936297659457
-1.85510634267	-6.39698667769	-0.00157694187877	0.00111434617934	0.000325905169013	-0.344605754681	0.93874678474
-1.83917750525	-6.41020867117	-0.0015685655609	0.00111686659343	0.000339672981495	-0.333979575696	0.942579588284
-1.82875352841	-6.41853805519	-0.00156855685329	0.00109213738143	0.000286854672352	-0.327108995833	0.944985941586
-1.82031369461	-6.42510197314	-0.00156507851573	0.00104629522743	0.000175856593935	-0.321643991879	0.946860083027
-1.80567188927	-6.43613029038	-0.00155205994115	0.000985632511939	2.70329585103e-05	-0.312361578764	0.94996277396
-1.7915803739	-6.44632832142	-0.00156136547595	0.0010306868411	0.000170943697185	-0.303525869607	0.952822625121
-1.78143521904	-6.45342819509	-0.00156927065821	0.00106453282582	0.000259019629064	-0.29730683476	0.954781360147
-1.77105137897	-6.46049812129	-0.00156543398617	0.00107442413362	0.000262580222391	-0.291083477934	0.956697018673
-1.75202698507	-6.47294584705	-0.00156877355115	0.00110727701969	0.000316484880731	-0.279801270191	0.960057249842
-1.73632714141	-6.48274532426	-0.00157271329778	0.00118867822966	0.000571691807446	-0.270260425512	0.962786353567
-1.7236569656	-6.49033313993	-0.00159765595805	0.00125691895044	0.000803467955205	-0.262299239646	0.964985431743
-1.71327159305	-6.49634427325	-0.00158718755493	0.00121773993436	0.000712891079645	-0.255804117518	0.966727605045
-1.70283570861	-6.5021976144	-0.00157389415311	0.00112447512334	0.000467765521249	-0.249318725443	0.968420719468
-1.68510195531	-6.51172688833	-0.00155610193847	0.000969239410768	0.000128359323134	-0.238372197247	0.971173382913
-1.67088997799	-6.5189969921	-0.00155803952502	0.00093327132548	0.000161667113471	-0.229656868349	0.973271198427
-1.65311777663	-6.52764676364	-0.00156946363785	0.000973020885342	0.000382567893519	-0.218968865809	0.975731286102
-1.65270000743	-6.52784437189	-0.00156959331265	0.000974407185583	0.00038750826818	-0.218720675641	0.975786947246
-1.63037776781	-6.53803048782	-0.00157773309537	0.00105421136348	0.000548072475897	-0.205550279139	0.978645835326
-1.61884825555	-6.54300921896	-0.00157608434793	0.00107481118912	0.000490728277251	-0.198837657491	0.980031729043
-1.59954336129	-6.55093961827	-0.00155603809806	0.00104382137609	0.000165648776276	-0.187953567721	0.982177346195
-1.58894817932	-6.55508034745	-0.00155797842014	0.00104960224065	0.000154932710307	-0.182018238501	0.983294582098
-1.56844429563	-6.56268079732	-0.00156972917582	0.00108745995286	0.000397487782361	-0.170611096296	0.985337766076
-1.55537642066	-6.56724637314	-0.00157806285953	0.00110226289361	0.000565134978896	-0.163399622141	0.986559186832
-1.53857719877	-6.57280351388	-0.00158062401336	0.00108389846961	0.000630750041113	-0.154177471515	0.988042374899
-1.52985981473	-6.57555044026	-0.00157857782415	0.00105524532047	0.000561582861662	-0.149440455288	0.988770004301
-1.51371712757	-6.58039690811	-0.00156729916091	0.000997392876071	0.000397015698531	-0.140713830477	0.990049728801
-1.49334405019	-6.586073258	-0.00156659281983	0.000966151988189	0.000364176302265	-0.129734524656	0.991548227288
-1.47780137732	-6.59008046344	-0.00157013998379	0.000965170746903	0.000357112171315	-0.121542620323	0.992585680111
-1.46585992898	-6.5929767133	-0.00156424865426	0.000974636318492	0.000357824816372	-0.11536283649	0.993322877016
-1.44569780675	-6.59751191372	-0.00157364409659	0.00102280373249	0.000494833316997	-0.104976908565	0.994474010561
-1.43210442556	-6.60032142167	-0.0015772379386	0.00105291833202	0.000541399475796	-0.0980381444141	0.995181953458
-1.4183773028	-6.60296010413	-0.00157296377925	0.00107036367458	0.000515715321855	-0.0910913266878	0.995841834109
-1.40166216472	-6.60590501566	-0.0015729927035	0.00107889137387	0.000503540941975	-0.082648983771	0.996578008949
-1.37946856052	-6.60936601496	-0.00157387869772	0.00106321500958	0.000534176231986	-0.0714861783404	0.997440880722
-1.36561794379	-6.61126892351	-0.00157512560875	0.00104074262226	0.000564926897195	-0.0645457945186	0.997914043454
-1.34429274653	-6.6138161657	-0.00157576337506	0.000997307226251	0.000593475350879	-0.0538788011684	0.998546808092
-1.3358470326	-6.61469741305	-0.00157576698167	0.000981131333727	0.00059526245584	-0.0496590931849	0.998765566841
-1.3244101328	-6.61577585957	-0.00157530387352	0.000963241964381	0.000591791659574	-0.0439484210164	0.999033161731
-1.30449720543	-6.61733927281	-0.0015743128311	0.000948286467084	0.000582870530309	-0.0340132343718	0.999420762693
-1.28705406229	-6.6183820212	-0.00157424647073	0.00095380949996	0.000585395731294	-0.025322344728	0.999678711595
-1.27159129272	-6.61905226667	-0.00157456471502	0.000969120485582	0.000597715659805	-0.0176329469953	0.999843879174
-1.24213715672	-6.61967036582	-0.00157527766104	0.00100322181167	0.000623718517	-0.00300092443967	0.999994799473
-1.2296522989	-6.61967205797	-0.0015752783255	0.00101060689809	0.000629385391867	0.00319216377864	0.999994196302
-1.22166243977	-6.6195919053	-0.00157514218211	0.00101145580951	0.000631183135337	0.00715464498592	0.999973694464
-1.20568663647	-6.61924143269	-0.00157480176364	0.00100374526068	0.000633088282055	0.0150785232792	0.999885608372
-1.18223885863	-6.61826729236	-0.00157444281418	0.000973547105833	0.000639585269576	0.026715046727	0.999642410773
-1.16479607581	-6.6171871286	-0.00157441042434	0.000945017114099	0.000649462162745	0.0353789434091	0.999373311383
-1.14836870111	-6.61589164285	-0.00157442540176	0.000921663335561	0.000659882042296	0.0435465123892	0.999050757645
-1.13643544192	-6.61478078567	-0.00157439736661	0.000910047482008	0.000666315220026	0.049482968935	0.998774330679
-1.11657837707	-6.61261442028	-0.00157414893847	0.000903353548082	0.000673667363301	0.0593670314797	0.998235586271
-1.09874726339	-6.61032890759	-0.00157385354281	0.000909962536805	0.00067838974166	0.0682568174059	0.997667138194
-1.08836588324	-6.6088490857	-0.00157366399836	0.000917258780357	0.000681664636441	0.0734403020163	0.997298960197
-1.06519131342	-6.60514646856	-0.00157339214341	0.000934013951357	0.000692323343544	0.0850358797258	0.996377211434
-1.05683108691	-6.60367447673	-0.00157332308056	0.000937834930097	0.000697142747828	0.0892272958932	0.996010604424
-1.03916921146	-6.60032525955	-0.00157316680974	0.000937959208698	0.000707597134918	0.0980731402309	0.995178515998
-1.02058868979	-6.59645821174	-0.00157383441557	0.000890809206901	0.000727446252002	0.106634829003	0.994297586502
-0.999150362095	-6.5916009616	-0.00157373590552	0.000769887413364	0.000725855933529	0.115756505353	0.993277056956
-0.985070387795	-6.58818756392	-0.00157370383748	0.00070212368215	0.000720970206851	0.121488330241	0.992592349779
-0.965708376109	-6.58323100523	-0.00157222867412	0.000576735426523	0.000717172138252	0.128175015409	0.991751137365
-0.952671754513	-6.57974971252	-0.00157379268226	0.000488385183131	0.000709723015573	0.131980667703	0.991251916077
-0.937736377366	-6.575633529	-0.00157307257355	0.000431960941803	0.000700064925186	0.136101476737	0.990694560068
-0.921391218515	-6.57098659823	-0.00157243938752	0.000395765011377	0.000702703488238	0.139822595737	0.990176242544
-0.902680635008	-6.56551795259	-0.00157292159754	0.000398132945515	0.00069275790274	0.143623790537	0.989632036854
-0.88927560803	-6.56150480213	-0.0015727892139	0.000449195696435	0.000696268976712	0.146313069911	0.989237989063
-0.872551131257	-6.5563863513	-0.00157106037452	0.000532833292115	0.000705817388507	0.14968245641	0.988733725607
-0.853005161655	-6.55024645922	-0.00157248940683	0.000630324415894	0.000722568141336	0.153614862544	0.988130332796
-0.840634813421	-6.54627285148	-0.00157212388799	0.00066432038479	0.000737125835876	0.155934018855	0.987766975095
-0.830653832828	-6.54302328599	-0.00157273574741	0.000649837167222	0.000750131315125	0.157398294763	0.987534704109
-0.814979572477	-6.53786660573	-0.00157321192245	0.000539294545846	0.000752538263658	0.15881582984	0.987307791441
-0.792184989404	-6.53032176687	-0.00157390006188	0.000241328242321	0.000716109506001	0.158888641095	0.987296221343
-0.777453822003	-6.52546741921	-0.00157290133664	1.74725692546e-05	0.000673217892322	0.157693158736	0.987487931147
-0.767466103344	-6.52220501119	-0.0015728932858	-0.000116602500539	0.000641456080456	0.156470504239	0.987682416691
-0.746515208261	-6.51546023424	-0.00157238750632	-0.000246414512391	0.000596049999538	0.153449976099	0.9881562067
-0.728858692025	-6.50990809901	-0.0015714032952	-0.000229865759234	0.000610778856628	0.149681265742	0.988734085989
-0.71354259388	-6.50523124942	-0.00157404693216	-0.000161885362502	0.000638658942236	0.145399311664	0.989372834717
-0.700103020333	-6.50125379574	-0.00157427574586	-6.49733939805e-05	0.000661192694472	0.141223102994	0.989977572364
-0.680836321532	-6.49578487335	-0.00157388000249	4.07980303243e-05	0.000684931669434	0.134126970495	0.990963917098
-0.667784593166	-6.49225724086	-0.00157389550851	7.14178478679e-05	0.000673220812513	0.128982124787	0.991646687666
-0.650818067979	-6.48788677875	-0.00157370127337	8.91462013286e-05	0.000650925119469	0.122436378934	0.992476146546
-0.630880488217	-6.48304623628	-0.00157233879415	7.17238605501e-05	0.000633464777634	0.115057218162	0.993358661374
-0.621617952313	-6.48090349109	-0.00157266930165	4.8456972069e-05	0.000631331146325	0.111648183836	0.993747594774
-0.600601583446	-6.47628642918	-0.00157368357442	-6.73235607094e-06	0.000636771245139	0.104205147686	0.994555620201
-0.580993668218	-6.4722597511	-0.00157453251814	-3.28522967083e-06	0.000643711624769	0.0979237890832	0.995193708358
-0.567729712173	-6.46968039185	-0.00157374273299	1.24470458296e-05	0.000646496615103	0.0937376272234	0.99559672515
-0.549519401762	-6.46632592929	-0.00157467822618	5.48662221554e-05	0.000644124419122	0.0882182216016	0.996100962489
-0.541142287632	-6.46485030133	-0.00157395593982	9.39585536411e-05	0.000640288201684	0.0859501011975	0.996299232815
-0.522890012065	-6.46176674868	-0.00157395971515	0.000184642950881	0.000647229618757	0.0811647136636	0.996700474695
-0.50213689882	-6.45847530135	-0.00157457802788	0.000254202285783	0.00065196768918	0.0760866882129	0.997100960884
-0.486306396572	-6.45609983443	-0.00157563635706	0.000304947518834	0.000657823624952	0.0727016474998	0.997353470303
-0.471945903521	-6.45403776736	-0.00157409248981	0.000313300834435	0.000663663700238	0.0696993018114	0.997567776504
-0.453605117911	-6.45153117278	-0.00157575113094	0.000280983092649	0.000658702145525	0.0660241987355	0.997817765096
-0.435252681316	-6.4491460633	-0.00157479825519	0.000268975681853	0.00064338295496	0.0632088263762	0.998000079148
-0.424832590723	-6.44783539439	-0.00157455354264	0.000266106402918	0.000642771615293	0.0617543924574	0.998091133637
-0.409443526798	-6.44595548908	-0.00157429821469	0.000256789447082	0.000642280675453	0.0597117673829	0.998215420824
-0.394049338004	-6.4441320807	-0.00157503782584	0.000283571207634	0.000638403684232	0.0582861825028	0.998299670919
-0.374678161374	-6.44188970365	-0.0015745474143	0.000355966446232	0.00065323000806	0.0569104983372	0.99837900707
-0.357286348945	-6.43992068648	-0.00157549714067	0.000405328982866	0.000658661344862	0.055871788496	0.998437652096
-0.339893145416	-6.4379800042	-0.00157632432639	0.000466794384741	0.000659493591012	0.0552667105183	0.998471300479
-0.323989269752	-6.43622155225	-0.00157444127252	0.000490349604145	0.000662616837436	0.0547891410929	0.998497606664
-0.305101315546	-6.43415176612	-0.00157571944995	0.000479013044066	0.000656539101759	0.0544022468284	0.998518770501
-0.289694045589	-6.43246930341	-0.00157566076816	0.000461934338709	0.000655216213133	0.0543099903947	0.998523801545
-0.269315690962	-6.43024699271	-0.00157494757372	0.000411542226692	0.000655577297145	0.0542330334855	0.998528006082
-0.255398289136	-6.42873060816	-0.0015756517495	0.000381065468951	0.000654109428053	0.0542806667851	0.998525430895
-0.23750610825	-6.42677523	-0.00157551715086	0.00036917127409	0.00065360711468	0.054540657615	0.998511268428
-0.22259661592	-6.42513803004	-0.00157482635149	0.000374059356059	0.000654542839961	0.0547842640042	0.998497929928
-0.214148129519	-6.42420713668	-0.00157518196629	0.000382864614508	0.000654679159752	0.0549309447403	0.99848986781
-0.187816057594	-6.4212743513	-0.00157551261075	0.000469887521603	0.000651359475357	0.0561621493155	0.998421337873
-0.17291618046	-6.41958062258	-0.00157438007807	0.000526212859808	0.000657854103296	0.0570244062818	0.998372429215
-0.157025256354	-6.41774543788	-0.00157556315169	0.000564037515083	0.000663341556757	0.0579668301617	0.998318129877
-0.136173069115	-6.41528950236	-0.00157552557835	0.000575271013868	0.000671709931621	0.0592377666904	0.998243509804
-0.122274160355	-6.41362219935	-0.00157532703209	0.000550178777785	0.00067132265106	0.0600915304333	0.99819249376
-0.111355651777	-6.41229544993	-0.00157560868334	0.000518962291409	0.00066793246739	0.0607612110296	0.998151972286
-0.088037023525	-6.40941177822	-0.00157502588679	0.000440007353763	0.000659624524657	0.0621948411686	0.998063711905
-0.0776210955679	-6.40810174562	-0.00157492691406	0.00040898020027	0.000656942760613	0.0628367588095	0.998023518212
-0.0558998724643	-6.4053259169	-0.00157467744447	0.000370067651318	0.000719889491613	0.0641045250126	0.997942861431
-0.0404238035261	-6.40332200922	-0.0015940058052	0.000309377145059	0.00120642502743	0.0642855218486	0.997930769395
-0.0271690671072	-6.40161271787	-0.0016241976689	0.000216540160542	0.00172386018711	0.063540589615	0.997977742682
-0.011884942288	-6.39968060997	-0.00163545074982	0.000122297665201	0.00194051003237	0.0618001386597	0.99808665071
0.00143533868141	-6.39805021177	-0.00161803525502	9.29552737027e-05	0.00164063512087	0.0595931300147	0.998221397552
0.0114386925648	-6.39687172372	-0.00160263269938	0.000100765629472	0.0013498645346	0.0574423961077	0.998347904711
0.018410509424	-6.39607862305	-0.00159744366809	0.000134080105377	0.00103376175133	0.0557730502102	0.998442927878
0.0337261213856	-6.39442756607	-0.00154133634533	0.000256948696155	-0.000172283891309	0.0513575015288	0.998680284842
0.0491506212521	-6.39292342846	-0.00150999735716	0.000267501979908	-0.000762661261228	0.0455147416413	0.99896334021
0.0565120508079	-6.39227446491	-0.00152332354459	0.000216038394121	-0.000519369509016	0.0423698965641	0.999101834373
0.0771456670939	-6.39070757809	-0.00156247316042	-1.87060169909e-06	0.000300760229741	0.0328885060835	0.999458981503
0.0904311368722	-6.38991237821	-0.00157661337207	-0.00015314116386	0.000746784434375	0.0264751541982	0.999649180999
0.0948849792917	-6.3896840951	-0.00158533935369	-0.000191666334007	0.000866374773422	0.0243258737845	0.999703688361
0.120688635054	-6.38874544026	-0.00156548117756	-0.000275884875111	0.000335214098748	0.0115363479801	0.999933359877
0.138948099266	-6.38848832865	-0.00153143721429	-0.000241090826183	-0.000227271370864	0.00237219527369	0.999997131452
0.155762729593	-6.38854824456	-0.00154885255715	-0.000160641004826	4.62961706083e-05	-0.00607487739322	0.999981533787
0.171706510878	-6.38886481428	-0.001574753203	-7.64236042954e-05	0.00066160631196	-0.014007222932	0.999901672237
0.182238783512	-6.38921102513	-0.00159293836067	-2.04020453342e-05	0.00100176923018	-0.0192050341394	0.999815064252
0.196837303774	-6.3898707603	-0.00160065419304	4.35267532383e-05	0.00117371006806	-0.0263450980452	0.999652217683
0.223452915807	-6.39158946091	-0.00157652489096	0.000153099423836	0.000672119552168	-0.0380360752881	0.999276128902
0.233925230321	-6.39243005821	-0.00156479881603	0.000197044873253	0.000433065489612	-0.0422898837776	0.999105269407
0.25328722571	-6.39421898793	-0.00155739306879	0.00022388374938	0.000278964205963	-0.0499121125236	0.99875354972
0.269149912188	-6.39589462181	-0.00156675096176	0.00024770243636	0.000435780898785	-0.0552575541395	0.998472008345
0.28603303774	-6.39785231025	-0.00157785581189	0.000274844265782	0.000696668854359	-0.0602864608264	0.998180836199
0.307424696592	-6.40057198686	-0.00158424806437	0.000260353540937	0.000818355750709	-0.0660753349951	0.997814267595
0.312894215685	-6.40130614079	-0.00158357695556	0.000263401811781	0.000793742046683	-0.0673399538088	0.997729738564
0.334724312813	-6.40437043996	-0.00157274351981	0.00028369760849	0.000603141304629	-0.0721630525708	0.997392625589
0.349558896648	-6.40657540767	-0.00156846418726	0.000281837299635	0.000497235208381	-0.0754348239159	0.997150570709
0.367817271428	-6.40942711057	-0.00156929755442	0.000283723658784	0.00050235058792	-0.0795288498095	0.996832397744
0.388038705072	-6.41276474438	-0.0015742272132	0.000274554160255	0.000618504596487	-0.0840598187557	0.996460480372
0.396917079024	-6.41428953019	-0.00157670838949	0.000269970892748	0.000663049455638	-0.0859960261128	0.9962952228
0.416143815772	-6.41770266218	-0.00157719806227	0.000298233524659	0.000670868036576	-0.0893001368153	0.996004491234
0.439765833085	-6.42203889974	-0.00157294003716	0.000425525543435	0.000578187385785	-0.0919067758706	0.995767356955
0.444680883573	-6.42295638697	-0.00157195430725	0.000450761855459	0.000561261229987	-0.0924075904389	0.995721004614
0.462852492817	-6.42639290041	-0.00157223219645	0.000521772189243	0.000534605123365	-0.094262624954	0.99554708552
0.487883088622	-6.43124037538	-0.00157385238675	0.000540430555935	0.000585715089744	-0.0968237811801	0.995301220873
0.501420798972	-6.43392039469	-0.00157591550168	0.000508256180459	0.000746978985849	-0.0983969617072	0.995146834203
0.510692744543	-6.43578324467	-0.00158834342309	0.00047520051996	0.00106404595704	-0.0999052703252	0.994996270823
0.524377850981	-6.43859558793	-0.00161932005684	0.000377909599624	0.00162013318956	-0.102997290833	0.994680245322
0.537699312276	-6.44143087859	-0.00163143965707	0.000231600301297	0.00186324682895	-0.106990984194	0.994258217956
0.559372603314	-6.44632564652	-0.00159396790729	-4.10225369099e-05	0.00110933579334	-0.116181338881	0.993227398025
0.565724961589	-6.44785131954	-0.0015731533328	-0.000122720708171	0.00070771010387	-0.119794839134	0.992798408844
0.58179664578	-6.45194973323	-0.00154377900243	-0.000180657703552	0.000102663302191	-0.129914133996	0.991525226412
0.590725080371	-6.45438517095	-0.00155341654423	-0.000106420405881	0.00023457000491	-0.136190512539	0.990682632303
0.600725462353	-6.45726124936	-0.00156589738104	1.58117193788e-05	0.000553821977638	-0.143335142091	0.98967405244
0.615965889672	-6.4619462216	-0.0015870225096	0.000246050304287	0.00101479970797	-0.154300721047	0.988023378835
0.627495650304	-6.46573695552	-0.00159188436993	0.000362014741437	0.00103329717892	-0.162654423066	0.986682491939
0.640306750234	-6.47020553712	-0.00157334303341	0.000387024121858	0.000666820097727	-0.172020828923	0.985093010827
0.651326812538	-6.47427012541	-0.00155838412554	0.000337331215015	0.000297075546693	-0.180104729086	0.983647337471
0.661937697167	-6.47838033439	-0.00154968285228	0.000267027994261	0.00017908037837	-0.187920174183	0.982184251941
0.673841469741	-6.48322429937	-0.00156047233704	0.000194908269471	0.000395547894387	-0.196728160411	0.980457972814
0.686549604545	-6.48866943873	-0.00157388776439	0.00010235408267	0.000631062687957	-0.205974864518	0.978557073691
0.697015938033	-6.49336830699	-0.00156644368332	1.8864720667e-05	0.000631742562302	-0.213418786344	0.976960604211
0.705340928899	-6.49724297205	-0.00156659810291	-1.54718904395e-05	0.000620113366498	-0.219358841935	0.97564405071
0.718158481846	-6.503452176	-0.00156669505383	-1.14043402381e-05	0.000547224242931	-0.2285126843	0.973540781647
0.732040127852	-6.51051845103	-0.00155882592958	6.70037888879e-05	0.00045989092362	-0.238424066773	0.971161031134
0.742701712891	-6.51619063188	-0.00156433860245	0.000179191337372	0.000512163016175	-0.246092213801	0.969246267925
0.755505464772	-6.52328897266	-0.00156925864546	0.000280262495703	0.00049479260113	-0.255200308241	0.966888038662
0.766029493906	-6.52936158186	-0.00155690306109	0.000298607333519	0.000378805673509	-0.262552341852	0.964917631266
0.777153438701	-6.53601374463	-0.00156077373231	0.000306598858437	0.00040906614258	-0.270376166539	0.962754624621
0.790401264188	-6.54425707216	-0.00156707276217	0.00025370307556	0.000456828469483	-0.279642221792	0.960104137442
0.800916180546	-6.55105440921	-0.00155217353925	0.000103996823628	0.000227859602591	-0.286707201514	0.958018224182
0.814615245707	-6.56024178373	-0.001549191722	-5.36719258969e-07	0.000269523032897	-0.295944336615	0.95520514916
0.82253225476	-6.56572699939	-0.00156004617048	-1.17154266019e-05	0.000422288432072	-0.301260240313	0.953541865437
0.837208106787	-6.57624375099	-0.00155859530853	-3.18480038747e-05	0.000534478333434	-0.310860082531	0.950455534156
0.851023200498	-6.58655855894	-0.00156867303052	3.92495726297e-05	0.000682271657788	-0.319933886068	0.947439624203
0.859303038163	-6.59294117233	-0.00157088174094	0.000100810947841	0.000729790863459	-0.325405715861	0.945574205088
0.874239908257	-6.60484956486	-0.0015705071022	0.000209521992579	0.000682040253424	-0.335375295218	0.94208433926
0.881958141086	-6.61120894467	-0.00156730265061	0.000253285720915	0.000611796342099	-0.340583765875	0.940213943724
0.892345989164	-6.61999942662	-0.00156405630049	0.000298857866256	0.000529722346663	-0.347683495644	0.93761176237
0.908103862372	-6.63387096738	-0.00157190956324	0.000367628899916	0.000630641005032	-0.35897154413	0.933348218858
0.917653197946	-6.64261445278	-0.00157026495465	0.000340479853838	0.000643506107252	-0.365934236747	0.930640426991
0.929111036747	-6.65345800761	-0.00156642571561	0.000221042136858	0.000511642170583	-0.374261190277	0.927323164175
0.943666853888	-6.66780892188	-0.00155403936087	7.97612686966e-05	0.000397692220751	-0.384860095852	0.922974832864
0.950026349387	-6.67429003442	-0.00155833236624	6.84231687384e-05	0.000455463423065	-0.389551444806	0.921004592671
0.962406616233	-6.68729289057	-0.00156522568853	6.30310650467e-05	0.000528752586898	-0.398637631716	0.917108366022
0.972219631492	-6.69797171595	-0.00155838994766	7.46612737255e-05	0.000528449318855	-0.405809592559	0.913957487936
0.982798959049	-6.70987089099	-0.00156574124805	0.000147188433507	0.000591333087223	-0.41364016084	0.910440248452
0.989594614073	-6.71773578874	-0.00156842737749	0.000185896268293	0.000586678353399	-0.418684307601	0.908131637936
1.00306982671	-6.73386647487	-0.00156039342016	0.000227389296154	0.00048925835713	-0.42873020696	0.903432409514
1.01294220072	-6.74616148601	-0.00156464037752	0.000277327663388	0.000505698849134	-0.436228229562	0.899835873419
1.02184186515	-6.75761345571	-0.00156687705123	0.00027127565636	0.000471383406115	-0.443013715086	0.896514669402
1.03415164878	-6.77405923877	-0.00155784376351	0.000220198485652	0.000429610557305	-0.452469826352	0.891779582177
1.04273460041	-6.78596974867	-0.00156466722507	0.000217481155247	0.000519337476501	-0.459188653099	0.888338597527
1.04696463672	-6.79198212168	-0.00156693103443	0.000219939128963	0.000577414016665	-0.462536141254	0.886600212189
1.0611539293	-6.8128783878	-0.00156641630654	0.000168630033749	0.000621611342763	-0.473863114078	0.88059828201
1.06792130786	-6.82326632559	-0.00156746214725	0.000158576559822	0.000629243356585	-0.479383907739	0.877605063743
1.0753624852	-6.83502928522	-0.00156834952922	0.00015623865374	0.000611325264624	-0.485531958378	0.874218690755
1.08704397831	-6.85426295023	-0.0015635512115	0.000176992415929	0.000536920830383	-0.495313831842	0.868713927813
1.09533574808	-6.86853412855	-0.00156686740904	0.000242549628716	0.000545852328917	-0.50244159327	0.864610946361
1.10267426312	-6.88163375491	-0.00156982407305	0.00030899561435	0.000575718327563	-0.508892127887	0.860830050152
1.11447781738	-6.90372412494	-0.00157210000329	0.000362411226477	0.000592426778136	-0.519579369781	0.8544219076
1.11859252545	-6.91174897197	-0.00157157409595	0.000356396043329	0.000582048334189	-0.52340626262	0.852082988007
1.12440692871	-6.92340165077	-0.00157050399841	0.000331106238699	0.000560969145312	-0.528914423275	0.848674913341
1.13389603416	-6.94327847293	-0.00156860037365	0.000276949819045	0.000544603345872	-0.538176089343	0.842832203683
1.14072390876	-6.95831527042	-0.00156894433895	0.000251265209259	0.000563349362484	-0.545077784087	0.838385250824
1.14730507699	-6.97346475056	-0.00157047824047	0.0002455185272	0.00059578727143	-0.551940996823	0.833882917911
1.15345060959	-6.98826153702	-0.00157175505272	0.000254104445043	0.000617990268828	-0.558558757221	0.829464687766
1.16026327289	-7.00549387322	-0.00157229601638	0.000272455399291	0.000614053191045	-0.566164724035	0.824291849993
1.16589850393	-7.02049607745	-0.00157204774095	0.00029250101182	0.000587917156028	-0.572701339726	0.81976383445
1.16980049737	-7.03133164797	-0.00157169471739	0.00030922682898	0.000564270653273	-0.57737476655	0.816479004586
1.17691804811	-7.05217821153	-0.00157158026049	0.000343114426114	0.000530158724406	-0.586262605231	0.810120829822
1.18030553163	-7.0626581791	-0.00157193932081	0.000357550485635	0.000523568162644	-0.590679516667	0.806906008543
1.18687801213	-7.08420852158	-0.0015728517147	0.000371313609984	0.000528685765044	-0.599651676649	0.800260863287
1.18991627649	-7.09479763918	-0.00157315533942	0.000367599616608	0.000536117462488	-0.60400970451	0.796976696213
1.19489176377	-7.11316452456	-0.00157334236834	0.000347806635435	0.000549346670788	-0.611491719043	0.791250563849
1.19676036761	-7.12043968185	-0.00157329421059	0.000337786060689	0.00055370737858	-0.614428433513	0.788972293176
1.20423035394	-7.15211551854	-0.00157314264865	0.000308489580324	0.00056534678047	-0.627052051188	0.778977092293
1.20713299714	-7.16583088247	-0.00157336179423	0.000311445055548	0.000565263653549	-0.632437108488	0.774611442781
1.21058526783	-7.18352257128	-0.00157376374365	0.000329014429973	0.000558389472628	-0.639314453087	0.768945128097
1.21355601664	-7.20028662086	-0.00157410797477	0.000353063729387	0.000544470157173	-0.645762892385	0.763537730382
1.21548306364	-7.21214948007	-0.00157425712556	0.000370062949794	0.000531650499173	-0.650287412782	0.759688002523
1.21797163206	-7.22899257553	-0.00157428881205	0.000389248151226	0.000513427433108	-0.656658084325	0.754188136455
1.21968327086	-7.24189917181	-0.00157425268442	0.000397975476547	0.000502845257743	-0.661498542506	0.749946176085
1.22215011435	-7.26328851488	-0.00157408054008	0.000401819191234	0.000493093712315	-0.669337395746	0.742958307078
1.22374842105	-7.2797311267	-0.0015741146729	0.000418124550434	0.000461455008827	-0.674764557448	0.738032793474
1.22452085521	-7.28870749853	-0.00157444963411	0.000438124146666	0.000444490745418	-0.677625298923	0.735407074167
1.22585763782	-7.30667775356	-0.0015737657107	0.000468044696889	0.000427252660453	-0.68326257764	0.730172478519
1.22715562499	-7.3291641186	-0.00157526164152	0.000513148234136	0.00037902782768	-0.689454821697	0.724328407461
1.22795687594	-7.34766198128	-0.00157424159374	0.000572911728332	0.000322900990431	-0.693894050243	0.720076811559
1.22844234189	-7.36266701217	-0.00157453775346	0.00059945299549	0.000297829790433	-0.697314440882	0.716765039947
1.2288376213	-7.3801751936	-0.00157609153432	0.000628575084825	0.000264385822787	-0.700880366758	0.713278519575
1.22907063423	-7.39868715348	-0.00157429697429	0.000637538072018	0.000265788360935	-0.704530719883	0.709673155504
1.22912232435	-7.41219795301	-0.00157532698757	0.000620308649322	0.000278629308269	-0.707019368045	0.707193856585
1.22907076551	-7.42820654862	-0.0015756411695	0.000614161904783	0.000265270027188	-0.709434388138	0.704771169504
1.22883404316	-7.45021316224	-0.00157393751193	0.00062648503693	0.000253690102956	-0.712437381961	0.701735363184
1.22869271659	-7.45871554448	-0.00157477871126	0.000629172052712	0.000253068341512	-0.713537088205	0.700617130717
1.22841702691	-7.47221715692	-0.00157559444973	0.000646048514729	0.000232256404924	-0.714978505337	0.699146097454
1.22780455059	-7.49621551966	-0.00157456712276	0.000705551007679	0.000185101892513	-0.717181188857	0.696886368273
1.2271993102	-7.51571302399	-0.00157589403511	0.000730737025288	0.000154803664151	-0.718703441133	0.695316335032
1.22679209801	-7.5277072104	-0.00157596648576	0.00075531077322	0.000114438042926	-0.719190230484	0.694812801254
1.22609325594	-7.54769102382	-0.00157447989826	0.000814410920122	4.17465600143e-05	-0.719430256985	0.69456420893
1.22547592003	-7.56517609499	-0.0015750758222	0.000847962143012	1.37428476174e-05	-0.719406608451	0.694588664239
1.22481805029	-7.58415990577	-0.00157666824425	0.000876532991099	-5.80235883117e-07	-0.719020132936	0.694988690643
1.22453169347	-7.59265384845	-0.00157561828624	0.000879422520944	7.53384554886e-06	-0.718821772432	0.695193847813
1.22400606616	-7.60864513611	-0.00157595929256	0.00085526692757	3.91025972568e-05	-0.718396589082	0.695633242294
1.22350290254	-7.62463628473	-0.00157695949058	0.000820515799395	6.82489450943e-05	-0.717857603114	0.696189474028
1.22281098881	-7.64812281476	-0.00157504588736	0.000765272386291	0.000117173301036	-0.717026066314	0.697045924495
1.22241100771	-7.66261473305	-0.00157598996852	0.000742001365667	0.00014094667298	-0.716601807146	0.697482099816
1.22195787802	-7.67960786138	-0.00157539185709	0.000722488825214	0.000176856699953	-0.716395439883	0.697694073679
1.22153785892	-7.69560367915	-0.00157646603893	0.000711940160925	0.00018925187414	-0.716255462022	0.697837782331
1.2210862619	-7.71309846852	-0.00157566321538	0.000725148343769	0.000168869934919	-0.716029680255	0.698069439695
1.22068638606	-7.72909196172	-0.00157562878359	0.000755218502984	0.000124383597862	-0.715692095775	0.698415519744
1.22030269512	-7.74508407084	-0.00157536710128	0.000798093549213	7.74940701984e-05	-0.715339466146	0.69877664902
1.21987864903	-7.76357596464	-0.00157579046603	0.000840365397104	4.31838043147e-05	-0.715000749043	0.699123179983
1.21954374386	-7.77857237472	-0.00157629954182	0.000850091891443	5.22770510817e-05	-0.714954762564	0.699170195373
1.21907545224	-7.799570577	-0.00157679504533	0.000815013370031	8.95254551627e-05	-0.714953313015	0.699171715637
1.21883074578	-7.81056904269	-0.00157637633103	0.000786372133031	0.0001122883151	-0.714913342519	0.699212615517
1.21824749759	-7.83755955935	-0.00157541885989	0.000732284372095	0.000140412398184	-0.714456699856	0.699679260858
1.21824749759	-7.83755955935	-0.00157541885989	0.000732284372095	0.000140412398184	-0.714456699856	0.699679260858
1.21783021016	-7.85805033735	-0.00157510742533	0.000728205144581	0.000150273937244	-0.714079219145	0.700064508399
1.21736354531	-7.88204443144	-0.0015759677347	0.000751870757782	0.000151000088901	-0.713830581663	0.700318008174
1.21706999811	-7.89754327375	-0.00157639269328	0.000769217787535	0.000136800852146	-0.713691476267	0.700459753514
1.21677426126	-7.91354156632	-0.00157593629126	0.000786143571908	0.000109681871579	-0.713472178395	0.700683109976
1.2164052841	-7.93453617083	-0.00157555143562	0.000808928591087	7.06467405089e-05	-0.713077277653	0.701084971126
1.21620542944	-7.94653212048	-0.00157536314382	0.000817878926287	5.97036099159e-05	-0.712844957225	0.701321177827
1.21603704446	-7.95702877536	-0.00157553678942	0.000821872888641	5.86159395231e-05	-0.712647178333	0.701522145269
1.21565333464	-7.98202460956	-0.00157586823912	0.000804684503226	9.76743730087e-05	-0.712424312752	0.701748488807
1.21542918079	-7.99702442519	-0.00157649967678	0.000776404629225	0.000128521471427	-0.712328043278	0.701846236321
1.21518119268	-8.01402348334	-0.00157577366284	0.000745167798788	0.000150852131431	-0.712107232423	0.702070303815
1.21497757523	-8.02901934882	-0.00157538667376	0.000738236140995	0.000135336377593	-0.711582727087	0.702601920864
1.21479346025	-8.04451250394	-0.00157484560116	0.000761762029688	0.000109608436079	-0.710969183301	0.7032227443
1.21463580834	-8.06000673896	-0.0015751827505	0.000793231916702	8.80630125236e-05	-0.710409379445	0.703788232797
1.21450574795	-8.07450487705	-0.00157681622894	0.000818098257625	9.04863713949e-05	-0.710182411937	0.704017232959
1.21434940537	-8.09300736896	-0.00157675881044	0.000816998557418	0.000102285509149	-0.70999090961	0.704210359425
1.21417688483	-8.11500983917	-0.00157598786466	0.000791139986547	0.000111114380309	-0.709739597464	0.704463672266
1.21405893501	-8.1315085689	-0.00157533037214	0.000764431771342	0.000118343218526	-0.70951747959	0.704687411407
1.21396079146	-8.14650515694	-0.00157539890053	0.000749271680303	0.000127474955624	-0.70931465722	0.704891579886
1.21388827683	-8.15850236323	-0.0015752017056	0.000745398272199	0.000136475144599	-0.709173443902	0.705033653254
1.21379478488	-8.17450150188	-0.00157616677727	0.000742205542381	0.000163253297483	-0.709244394153	0.704962276892
1.21363488443	-8.19950610813	-0.00157687889647	0.000727475255002	0.000186456527308	-0.709500492578	0.704704538828
1.21351780518	-8.21650794231	-0.00157537152623	0.000728163015649	0.000168654977236	-0.709513860105	0.704691083846
1.2134101018	-8.2325064403	-0.00157549831341	0.000745571648164	0.000134850212222	-0.709425427207	0.704780099869
1.21335788617	-8.24050476304	-0.00157520390542	0.000758485016072	0.000118501005303	-0.709375801071	0.704830038742
1.21321294479	-8.26350063755	-0.00157591555773	0.000796928289571	9.30169701935e-05	-0.709348652133	0.70485732313
1.21308661874	-8.28250218709	-0.00157596239557	0.000800476713418	0.000111227062541	-0.709593884056	0.70461043604
1.21302169685	-8.29150413279	-0.00157669633584	0.00079097728695	0.00012287566516	-0.709724423673	0.704478957598
1.21285853819	-8.31250749379	-0.00157584620901	0.00075661135322	0.000144542636872	-0.709923519905	0.70427835586
1.21268919975	-8.33400517869	-0.0015755468358	0.000735238187351	0.00014138925356	-0.70982273063	0.70437996175
1.21262066225	-8.34300290897	-0.00157497603785	0.000734966728473	0.000140036057075	-0.709766162188	0.704436963274
1.21250173104	-8.35899960648	-0.00157535819792	0.000742685791643	0.000141288638977	-0.709715247444	0.704488251145
1.21232214288	-8.38299941561	-0.00157614429527	0.000760244614472	0.000147774971555	-0.709791987655	0.70441091307
1.21222609611	-8.39550107106	-0.0015764252925	0.000765629705743	0.000144963315426	-0.709840473764	0.704362047957
1.21208561493	-8.41350273813	-0.0015758835562	0.000768594839583	0.000130755121124	-0.709819804633	0.704382876791
1.21196656089	-8.42950084472	-0.00157579049841	0.000778415871062	0.000101612829647	-0.709592089408	0.704612269544
1.21184996466	-8.44699635072	-0.00157494774137	0.000796138081842	8.15928841982e-05	-0.709305880345	0.704900367155
1.21176089001	-8.46199333143	-0.0015756578508	0.000806135908325	8.07955552376e-05	-0.709113527298	0.705093858305
1.21167183238	-8.47799281759	-0.00157618924365	0.000804271613068	0.000102568654891	-0.709063394801	0.705144272316
1.21156490026	-8.49749538145	-0.00157658280222	0.000777949016924	0.000133871792725	-0.709034546162	0.705173304388
1.21146258316	-8.51649715801	-0.0015758373055	0.000745981380646	0.000154563513011	-0.708991190907	0.705216924668
1.21142022058	-8.52449722961	-0.00157550654316	0.000733704725633	0.00016005452074	-0.708969125013	0.705239119617
1.21130356901	-8.54699503309	-0.00157547418512	0.000719492473144	0.000164416867819	-0.708907281462	0.705301298445
1.2112654611	-8.55449401992	-0.00157535760313	0.00072235137417	0.0001626978627	-0.708890420293	0.705318242891
1.21113244976	-8.58049286753	-0.00157588483055	0.000746938761353	0.000153044676906	-0.708946355073	0.705261996912
1.21103699061	-8.59849403473	-0.00157621062885	0.000767387585339	0.000136813340595	-0.709002953043	0.705205080083
1.21093538342	-8.61749458208	-0.00157550956919	0.000784611094039	0.000108591031965	-0.708892092716	0.705316505888
1.21087479624	-8.62999309132	-0.0015760310523	0.000800046128724	8.55123534556e-05	-0.708713724706	0.705495718645
1.21080912103	-8.64549023948	-0.00157519226964	0.000814237478902	7.00091568337e-05	-0.708475099467	0.70573533676
1.2107453407	-8.66348780564	-0.00157611179028	0.000816793742448	7.60802615903e-05	-0.708267337936	0.705943839886
1.21070453602	-8.67648741796	-0.00157605014419	0.000807084110068	9.55944090558e-05	-0.708177820444	0.706033649417
1.21065183356	-8.69498859042	-0.00157626545031	0.00077782676654	0.000128854176901	-0.708060370032	0.706151464469
1.21061870207	-8.70798931805	-0.0015761404301	0.000754829194838	0.000148110463006	-0.707957775239	0.706254342836
1.2105723578	-8.73298715026	-0.00157570189975	0.000733637080602	0.000152267134555	-0.707530152228	0.706682759292
1.21056000496	-8.74798434145	-0.00157519996173	0.000741630145627	0.000144212783718	-0.707249373372	0.706963756533
1.21055799528	-8.7614825594	-0.00157574977513	0.000756802488055	0.000136764977308	-0.707098895148	0.70711424892
1.21055252347	-8.78298554697	-0.00157586506014	0.000761892818233	0.000157389237495	-0.707381934982	0.706831092135
1.21053757358	-8.79648960416	-0.00157700354702	0.000751248617899	0.000165620755416	-0.707626459075	0.70658630231
1.21051247175	-8.81099225353	-0.0015760185894	0.000741747287636	0.000161082374977	-0.707762687908	0.706449857717
1.21047770461	-8.8309902648	-0.00157542173369	0.000747600223559	0.000126843628821	-0.707625532504	0.706587242139
1.21046227065	-8.8424870495	-0.00157494513466	0.000761902352404	0.000110400716721	-0.707520309413	0.706692591644
1.21044925326	-8.85498398727	-0.00157507592831	0.000779456625813	0.000100358022313	-0.707407874665	0.706805122532
1.21042768621	-8.88298357626	-0.00157616799065	0.000802998759183	0.000111071977582	-0.707378089344	0.706834904042
1.21041489601	-8.89948670482	-0.00157666866609	0.000791610473814	0.000123357444058	-0.707388068595	0.70682492779
1.21040425477	-8.91198879494	-0.00157641728175	0.000773850627007	0.000135592768306	-0.70749151214	0.706721404104
1.21036698956	-8.9339928526	-0.00157538750736	0.000716386184226	0.000182305413432	-0.707996233561	0.7062158217
1.21033866257	-8.94399390675	-0.00157616090286	0.000693227345635	0.000199308446205	-0.708249958538	0.705961384173
1.21025291075	-8.96599390159	-0.00157475681524	0.00067283703737	0.00021245282218	-0.708677726217	0.705531985468
1.21019674468	-8.97799321785	-0.0015755317373	0.000683053856784	0.000202327357377	-0.708836097083	0.705372865918
1.21009414083	-8.99749240722	-0.00157561710578	0.000723506435015	0.0001701213496	-0.709082055032	0.705125582311
1.20997793645	-9.01749236099	-0.00157573630434	0.000776760763179	0.000116129021533	-0.709113744888	0.705093667513
1.20992988888	-9.02599176317	-0.00157634140519	0.00080373023676	8.85118916514e-05	-0.709054142639	0.7051535783
1.20980333291	-9.04998998944	-0.00157562897423	0.000851212449947	4.11734428244e-05	-0.708855365008	0.705353347792
1.20973250898	-9.06498860803	-0.00157608558082	0.000855386486621	3.4359361213e-05	-0.708640883697	0.705568823777
1.20968033842	-9.07798678691	-0.00157602864783	0.000848961872144	4.2193037879e-05	-0.708401317048	0.705809359168
1.20961939998	-9.09748471492	-0.00157570334496	0.000813964547173	8.10442086351e-05	-0.708025464239	0.706186429269
1.20959115892	-9.10998383099	-0.0015761200028	0.000784245983982	0.000112962582249	-0.707802853632	0.706409578494
1.2095607866	-9.1304830606	-0.00157570877533	0.000736976053551	0.000163829156689	-0.707477939695	0.706735024511
1.20955143981	-9.14248284979	-0.00157584195902	0.000717134700048	0.000182488229864	-0.707290617366	0.706922509899
1.20954837325	-9.15698225412	-0.00157580966844	0.000708488543609	0.000188798395631	-0.707073400687	0.707139779987
1.20956075453	-9.18048085147	-0.00157567855001	0.000727225006193	0.000167673701916	-0.706752254489	0.707460736582
1.20958502905	-9.19897946565	-0.00157577623224	0.00076451927816	0.000131199423962	-0.706504246088	0.707708378187
1.20960905333	-9.2119788866	-0.001575991464	0.000791631231659	0.000108150451944	-0.706402770905	0.707809640285
1.20964758971	-9.23047928947	-0.00157600713399	0.000813322934897	8.97480607984e-05	-0.706328123353	0.707884109591
1.209679217	-9.24447975861	-0.00157623054569	0.000816720363419	8.54106023938e-05	-0.706281023275	0.707931099638
1.20973037537	-9.26547989998	-0.00157577427604	0.000799128262092	9.91761369583e-05	-0.706220000978	0.707991992735
1.20974948048	-9.27297980774	-0.0015757461826	0.000787594389745	0.000108873486657	-0.706201313066	0.708010644881
1.20982581583	-9.30147864031	-0.00157567338843	0.000742838520511	0.000152612705123	-0.706130376882	0.70808143299
1.2098568417	-9.31247825548	-0.00157566446227	0.000730368757688	0.000166115635324	-0.706093635671	0.708118080995
1.2099177782	-9.33297776923	-0.00157582263844	0.000723288482155	0.000175290994902	-0.706016392142	0.708195100345
1.20996022915	-9.34647762786	-0.00157578818554	0.000729582669682	0.000169626339454	-0.705964284809	0.708247038476
1.21001694425	-9.36347726628	-0.00157572458531	0.000748143002615	0.00014879923836	-0.705849588248	0.708361332168
1.2100496284	-9.37247675517	-0.00157585802809	0.00076248757359	0.000133180695107	-0.705768882169	0.708441730728
1.21015157135	-9.39747496143	-0.00157575975321	0.000800556528718	9.57362042902e-05	-0.705535646439	0.708673974086
1.21023533325	-9.41547383534	-0.0015760158768	0.000815272362883	8.32256344601e-05	-0.705367746479	0.708841075722
1.21030396433	-9.42897317946	-0.00157593618423	0.000815401238106	8.49105851936e-05	-0.7052409458	0.708967232161
1.21038886092	-9.44447262866	-0.00157595455631	0.00080344084863	9.73385336466e-05	-0.705095057926	0.709112335457
1.21051096637	-9.4649718107	-0.0015759087568	0.000775599818979	0.000124342132323	-0.70491505257	0.709291302389
1.21060002844	-9.47897117336	-0.00157577256687	0.000754407058093	0.000144565664067	-0.704802804895	0.709402858877
1.21066293167	-9.48847066708	-0.00157579335733	0.000742382519318	0.000155915086157	-0.704727239317	0.709477936742
1.21084181246	-9.51396893957	-0.00157565534531	0.000729449917327	0.000167870378012	-0.704503476562	0.709700141774
1.21096664075	-9.53046755089	-0.00157580480992	0.00073919464493	0.000158582990429	-0.704336285131	0.709866061938
1.21114502213	-9.55246578065	-0.00157578941428	0.000765930387843	0.000133567689358	-0.704115460917	0.710085074627
1.21123041365	-9.56246512409	-0.0015759841157	0.000779093044538	0.000122093436213	-0.704036300808	0.710163548242
1.21136241357	-9.57746436671	-0.00157589519768	0.000794029333621	0.000108223207041	-0.703926924538	0.71027194983
1.21155498789	-9.59846325349	-0.00157599682039	0.00080191869947	9.94521005729e-05	-0.703777865516	0.710419638696
1.2116164398	-9.60496282056	-0.00157594240026	0.000800812952046	0.000100012521818	-0.703731676947	0.710465393638
1.21189604518	-9.63346048066	-0.00157586432149	0.000779994985295	0.000118923853343	-0.703528950891	0.710666161234
1.21207067519	-9.65045888574	-0.00157577880878	0.000762708492702	0.000136650867622	-0.703407442636	0.710786444192
1.21215984125	-9.65893780807	-0.00157576369533	0.000764119705009	0.000154885640401	-0.703357362513	0.710835995663
1.21238682195	-9.68124815933	-0.00160011716964	0.00115843339869	0.000653850175895	-0.703976565017	0.710221955743
1.2124944953	-9.69577567624	-0.00163003436524	0.00145169144922	0.00109624943413	-0.705292837827	0.708913749154
1.21253267587	-9.70741239816	-0.00163432047101	0.00127794221777	0.00105243438924	-0.706949799852	0.707261790099
1.21251687226	-9.71721450167	-0.00159732530182	0.00070734495134	0.000591495360185	-0.708717816027	0.705491464897
1.21224354475	-9.74063007349	-0.00153085739717	-0.000301932279093	-0.000208170864843	-0.714010550818	0.700134843314
1.21207713785	-9.74816185902	-0.00153494645108	-0.000307778585204	-0.000196060634103	-0.715823692507	0.69828096643
1.21133805212	-9.77057712798	-0.00154711775364	6.47278577887e-06	0.000129823573734	-0.721850196194	0.692049331594
1.21077648608	-9.78249321946	-0.00157202312414	0.000363509147381	0.00050126302354	-0.725571266284	0.688146753345
1.20995042153	-9.79645998639	-0.00159823824451	0.000675083172066	0.000819043849656	-0.730084037089	0.683356548383
1.20830807736	-9.81795528106	-0.00158721298612	0.000612211225811	0.000756212851963	-0.737371066269	0.675487204889
1.2066206382	-9.83546035903	-0.00157137903923	0.000352957793247	0.000466850680853	-0.743377915755	0.66887138662
1.20530799933	-9.84723033827	-0.00156152668307	0.000160783216797	0.000237042403798	-0.74736537942	0.66441320547
1.20271829006	-9.86745332554	-0.00154769528949	9.58064332889e-05	0.000102612481399	-0.754132118252	0.656722718134
1.20063438622	-9.88174428356	-0.00156436186991	0.000313010096155	0.000271852572111	-0.758871381594	0.651240396719
1.19791620925	-9.89853948019	-0.00158122410248	0.000601234887751	0.000537134827015	-0.764365210089	0.64478304538
1.19443491036	-9.9178296145	-0.00158854207385	0.000692138918724	0.000661435861166	-0.770587335473	0.637333697411
1.19170449875	-9.93163805389	-0.00158110269346	0.000573950547531	0.000594668104982	-0.775006498568	0.631952723017
1.18921631786	-9.9434167175	-0.0015725543414	0.000423107714612	0.000487489081538	-0.778764508372	0.627316047805
1.1831253823	-9.96971269994	-0.00156171626454	0.000256264644668	0.000346683185138	-0.78711765572	0.616802731993
1.18155528726	-9.97601103816	-0.00156274217038	0.000276742984795	0.000355513529291	-0.789108197532	0.614254059499
1.17646366312	-9.99534671329	-0.00157090429164	0.000428270592968	0.000443355140207	-0.795179872533	0.606373309388
1.17210490021	-10.0107745882	-0.00157626288708	0.000540422205882	0.000501323848611	-0.799976840697	0.600030425035
1.16585584872	-10.0314165568	-0.00157581635019	0.00055679430411	0.000478289271115	-0.806339780336	0.591452128128
1.16264563205	-10.0414429548	-0.00157293667529	0.000517901445958	0.000435090066988	-0.809414282232	0.58723765393
1.15901301923	-10.0523753883	-0.00156938310102	0.000466896933436	0.000386349597919	-0.812757525827	0.582601782483
1.15138257965	-10.0740869934	-0.00156609361825	0.000417209600382	0.000346605439149	-0.819367939745	0.573267725517
1.14452669992	-10.0923513372	-0.00156814094304	0.000450369750319	0.000384707337476	-0.82488246318	0.565303963461
1.13938354755	-10.1053903627	-0.00157034197658	0.000486550708056	0.000424186276385	-0.828786575	0.55956447031
1.13289158456	-10.1211359575	-0.0015714781147	0.000506711049443	0.000452438414326	-0.833471196648	0.552562487779
1.12834902528	-10.1317263948	-0.00157099560015	0.000499635731276	0.000451671376098	-0.836607130362	0.547802935173
1.11827403696	-10.1541030287	-0.00156801116915	0.000461636612729	0.000414131981761	-0.843202310823	0.53759601785
1.11075027018	-10.1699234117	-0.00156676348789	0.000453979625195	0.000386109041164	-0.847838940149	0.530253502006
1.10565765125	-10.1802458891	-0.00156677395661	0.000465383193704	0.000375434197552	-0.850850161178	0.525408075396
1.09768167353	-10.1958431935	-0.00156763021334	0.000497217364024	0.000369843265294	-0.855378456207	0.518003197526
1.08726884963	-10.2152580362	-0.00156846711076	0.000527720524598	0.000368169803665	-0.86097935365	0.508639497632
1.08165691823	-10.2253167144	-0.00156833027606	0.000529955602978	0.000365605372004	-0.863866365306	0.503720645172
1.07188084557	-10.2422227151	-0.00156732616347	0.000516017490886	0.000360167719953	-0.868697785569	0.495342064994
1.06596389939	-10.2521011892	-0.00156668461879	0.000504750741515	0.000359023733816	-0.871509283634	0.490378613796
1.05674577181	-10.2670000474	-0.00156616888226	0.000494612839382	0.000363569969799	-0.875745526698	0.482772612772
1.04561810407	-10.2842446443	-0.00156621263145	0.000496586632326	0.000377905817042	-0.880654488563	0.473758675238
1.03865908919	-10.2946471803	-0.00156662337035	0.000502512482987	0.000383777713385	-0.883604627704	0.468233341504
1.02609536664	-10.3127427179	-0.00156651791768	0.000512933394998	0.000379857627563	-0.888705718654	0.458477631123
1.01966473923	-10.3216858346	-0.00156645977503	0.000516671803389	0.000370442879052	-0.891211973971	0.453586610552
1.00832766758	-10.3369636546	-0.00156601216929	0.000522850654924	0.000348032718957	-0.895477120087	0.445107102731
0.996703390678	-10.3520221458	-0.00156578365653	0.000530833367117	0.000326836110152	-0.899661120839	0.436588455007
0.988271555621	-10.3625858464	-0.00156577433032	0.000537753126295	0.000316428905763	-0.902584404432	0.430512489448
0.978094643132	-10.3749573785	-0.00156585808036	0.000544739220873	0.000311070271758	-0.905995927668	0.423285938278
0.968048022693	-10.3867861583	-0.00156594833083	0.000547913637357	0.000311832964728	-0.909242277777	0.416266840925
0.954816427188	-10.4018173801	-0.00156592638232	0.000546425499645	0.000317094629066	-0.91334392642	0.407188498047
0.943336109885	-10.4143842182	-0.00156577317335	0.000542524949922	0.000323017044627	-0.91675826334	0.399441970661
0.928515146845	-10.4299953818	-0.00156574888987	0.000540136443344	0.000327707538125	-0.920985655644	0.389595974002
0.916915865124	-10.4417582396	-0.00156578919607	0.000542468335838	0.000326597259037	-0.924159390008	0.382006571832
0.911936699814	-10.4466905824	-0.00156586111178	0.000544610450586	0.000324469121509	-0.925486961961	0.378778934682
0.893875162365	-10.4640199322	-0.00156604779867	0.000555332003234	0.000308985420498	-0.930131751425	0.36722543638
0.881720396701	-10.4752088517	-0.0015662232684	0.000563129858978	0.000294095686759	-0.93311383456	0.359580544726
0.87239083177	-10.4835516232	-0.00156624317474	0.000568182794415	0.000283143897157	-0.935330931461	0.353773438305
0.858013115367	-10.4960087	-0.00156640999068	0.000573692165868	0.000270254645812	-0.938630905135	0.344922631565
0.843015179713	-10.5085086937	-0.00156654314184	0.000576827048251	0.000264087701203	-0.941929336353	0.33581054606
0.830530052275	-10.5185463993	-0.00156669987243	0.000577596972659	0.000264720818814	-0.944569490896	0.32831093977
0.823437468988	-10.5241049505	-0.00156680926053	0.000577586474256	0.00026664559693	-0.946028726075	0.324082157383
0.805490664161	-10.5377216819	-0.00156705169827	0.000577120109428	0.000273242214994	-0.949595363772	0.313477650517
0.790916442576	-10.5483237283	-0.00156728638693	0.000577487977038	0.000275968188833	-0.952363106691	0.304965741295
0.782327903682	-10.5543871779	-0.00156740352848	0.000578472788409	0.000275048994498	-0.95394106737	0.299993382763
0.766211809097	-10.565408744	-0.00156768700068	0.000582400918459	0.000267556356015	-0.956801285648	0.290741962924
0.749885060126	-10.5761161282	-0.00156797027353	0.000588451178143	0.000254403500022	-0.95957142779	0.281464498601
0.735058550036	-10.5854546311	-0.00156827740962	0.000594371417815	0.00024040189208	-0.961979441929	0.273121112762
0.726085502431	-10.590933679	-0.00156845652529	0.00059766544058	0.000232365126015	-0.963389119119	0.268106310939
0.711005010605	-10.599856788	-0.00156872254289	0.000601794432284	0.00022177865874	-0.965680352008	0.259732644086
0.694459076993	-10.6092466853	-0.00156904537976	0.00060421434497	0.000215916407454	-0.968086853234	0.250614111536
0.684359379296	-10.6147778169	-0.00156919679621	0.000604716528353	0.000215429000782	-0.969502311199	0.245081326273
0.66842611105	-10.6232026714	-0.00156949811994	0.000604714491634	0.000217558396798	-0.971654345039	0.236405204587
0.648301848934	-10.6333310456	-0.00156983834125	0.000604836474019	0.000220932611568	-0.974234031366	0.225538549898
0.635214975491	-10.6396191187	-0.00157010775058	0.000605758743911	0.000220768548275	-0.975831127309	0.218525045
0.620214627214	-10.646544712	-0.00157037793435	0.000607864854979	0.000217079783596	-0.977586852311	0.210531540549
0.603723554251	-10.6538188821	-0.00157071315945	0.000611109121295	0.000208499679869	-0.979426566745	0.20179985983
0.58988350496	-10.6596552331	-0.00157098469974	0.000614289824313	0.000198411034076	-0.980899264742	0.194515335408
0.574560999523	-10.6658369398	-0.001571246944	0.000617642763204	0.000186545755424	-0.982456494187	0.186490806069
0.556795254406	-10.6726450501	-0.00157128233475	0.000618926578682	0.000168776779903	-0.984142913354	0.17737619496
0.545041057406	-10.6769455665	-0.00157191283152	0.000621651794882	0.000151439911528	-0.985190131002	0.171464271471
0.527078154446	-10.6832118252	-0.00157168622042	0.000626895705993	0.000133170657184	-0.986710600483	0.162486246071
0.509481276685	-10.688999297	-0.00157236386305	0.000628520923113	0.000120250437756	-0.988083270646	0.153918942209
0.491793955915	-10.6944923327	-0.00157265672443	0.000627508587375	7.15593259979e-05	-0.98927391432	0.146070953848
0.483159608871	-10.6970643258	-0.00157245839853	0.000633159059275	4.75301612594e-05	-0.989820635601	0.142319029606
0.464868242629	-10.7022800593	-0.00157267139885	0.000640073457795	1.56617600866e-05	-0.990906448218	0.134551109029
0.447471586575	-10.7069673988	-0.0015735559869	0.000642423235458	-3.85094047927e-05	-0.991782833574	0.127931219163
0.429044753736	-10.7116695382	-0.00157235977517	0.000654093953823	-7.71413416504e-05	-0.99263244395	0.121162689916
0.411040936719	-10.716006708	-0.00157441715385	0.000655500479306	-7.56873531377e-05	-0.99341445312	0.114574381613
0.394447240566	-10.7197820371	-0.0015739019933	0.000655164840738	-5.14904104419e-05	-0.994094495674	0.108515905644
0.375847801897	-10.7237620731	-0.00157400599312	0.0006455488143	-3.06304109028e-06	-0.994810910521	0.101739056243
0.361617005815	-10.7266258192	-0.00157464289376	0.000642814241914	4.37332232797e-05	-0.995362688299	0.0961909747283
0.348827636419	-10.7290514891	-0.00157435536269	0.000645680518676	0.000116366112808	-0.995891338644	0.0905539130598
0.330078624809	-10.7323195252	-0.00157506370283	0.000639740850617	0.000248827337967	-0.996681602514	0.0813960197271
0.316225805419	-10.734502815	-0.00157504730477	0.000625984368712	0.000309538986513	-0.997221009981	0.0744967756418
0.305818466243	-10.7360139416	-0.00157411311597	0.000616422547668	0.00032442562695	-0.997594392633	0.0693176929674
0.286454342562	-10.7385321228	-0.00157326953501	0.000605951272949	0.000283994266799	-0.998216250567	0.059698151345
0.265055000247	-10.7408748784	-0.0015739206984	0.000619902825022	0.000153390250222	-0.998789255357	0.0491895880826
0.253091577769	-10.7419897342	-0.00157379631921	0.000629833429123	5.17189444946e-05	-0.999048099691	0.0436176012472
0.23012814266	-10.7437583588	-0.0015746088764	0.000654614305802	-0.000120698477358	-0.999453173893	0.0330591909666
0.213132744658	-10.7447577687	-0.00157511799452	0.000650647141785	-0.00018714456354	-0.999670958298	0.0256420898338
0.199630943059	-10.7453794352	-0.00157534939347	0.000638280274238	-0.000222034208401	-0.999795069206	0.0202327183221
0.189127116618	-10.7457639075	-0.00157439577191	0.000634362325016	-0.000221036230838	-0.999870216603	0.0160965424048
0.16761196507	-10.7462815232	-0.00157467572351	0.000626102703479	-0.000138084470051	-0.999969617112	0.00776876959242
0.154601740873	-10.7464260622	-0.00157451756845	0.000620340416474	-8.89223816968e-05	-0.999994668657	0.00320467279415
0.13858904996	-10.7464459064	-0.00157436988925	0.000627783116993	-4.31353466932e-05	-0.999997348818	-0.00221503626149
0.115069310868	-10.746163055	-0.00157507702422	0.000630802038792	-9.34098945641e-06	-0.999951216374	-0.00985732590367
0.104063941574	-10.7459129361	-0.00157500377325	0.000623280195617	-4.74546125602e-05	-0.999917033903	-0.0128660242623
0.0870639647208	-10.7454094761	-0.00157377324608	0.000610666641069	-0.000182219033879	-0.999862545991	-0.0165675287104
0.064075250857	-10.744550946	-0.00157453859221	0.000608677426833	-0.000414841850996	-0.999788278644	-0.0205634458239
0.0480888323757	-10.7438603144	-0.00157553227358	0.000606107944244	-0.000572540284271	-0.999750205574	-0.0223345312501
0.0361020322823	-10.7433139214	-0.00157545428532	0.000606002822468	-0.000680140880781	-0.999734396249	-0.0230283982603
0.0186221728946	-10.742495876	-0.00157562563026	0.000612693932551	-0.000759214988873	-0.999720068657	-0.0236396388278
-0.00285068593461	-10.7414819865	-0.00157628988859	0.000602471973201	-0.00074519020136	-0.999731452631	-0.0231539270777
-0.0143334855753	-10.7409589996	-0.00157531581229	0.000598220906892	-0.000722558976782	-0.999752930682	-0.0222080533484
-0.0333065094516	-10.7401496768	-0.00157475957096	0.000607595921158	-0.000638325019599	-0.99979149734	-0.0204006179969
-0.0512863646501	-10.7394456821	-0.00157623663469	0.000623421375468	-0.000527116221099	-0.999824418386	-0.0187207343313
-0.0672729168985	-10.7388705642	-0.00157614559848	0.000637155654076	-0.000444968652134	-0.999851239783	-0.0172306221472
-0.0772663951507	-10.7385350344	-0.00157587853698	0.000640015501927	-0.00040884543058	-0.999866750146	-0.0163065992339
-0.0942579177674	-10.7380018623	-0.00157674015601	0.000642793399777	-0.000371484940467	-0.999884634288	-0.015171253453
-0.120246283171	-10.7372474735	-0.0015762163707	0.00062785386461	-0.000386012089826	-0.99990425248	-0.013818200561
-0.130240758481	-10.7369757143	-0.00157557057067	0.000623692413612	-0.000421106538757	-0.999911152896	-0.0133086434834
-0.146731529391	-10.7365492631	-0.00157505465537	0.000619672280658	-0.000491692979612	-0.999921999512	-0.0124647156844
-0.165221735619	-10.736104048	-0.00157603522608	0.000622421122882	-0.000571228146098	-0.999933208447	-0.011526705301
-0.180714851194	-10.735758895	-0.00157574782856	0.000626448782285	-0.000619431084375	-0.999943444823	-0.0105986330357
-0.202203509574	-10.7353451077	-0.00157645852736	0.000617408051573	-0.000683967348733	-0.999964241504	-0.00840634933258
-0.216695344042	-10.7351238998	-0.00157497945225	0.000620572769905	-0.000697911025698	-0.999976582952	-0.00677948063561
-0.230189389513	-10.7349598597	-0.00157572475104	0.000625137470835	-0.000674351412722	-0.99998521652	-0.00535921582084
-0.251684618657	-10.7347689149	-0.00157585605383	0.000642505863436	-0.000570606794873	-0.999993214769	-0.00358217958137
-0.261684003374	-10.7347052227	-0.00157633628624	0.000643879049104	-0.000510814979989	-0.999995773502	-0.00278881081617
-0.28018225327	-10.7346294237	-0.00157602238482	0.000638352557376	-0.000421175095493	-0.999998882359	-0.00128467803541
-0.296678695642	-10.7346096277	-0.00157532555848	0.000628478470958	-0.000383220208966	-0.999999721311	0.000124640738997
-0.317671435112	-10.734651273	-0.00157528652562	0.000625058034999	-0.00040564858345	-0.999997867848	0.00192588964242
-0.335665536467	-10.7347457587	-0.00157571538481	0.000633505509748	-0.000470336690645	-0.999994156097	0.00332644335009
-0.35066311997	-10.734858762	-0.00157592913745	0.000643956180098	-0.000521145053313	-0.999990618171	0.00425174050408
-0.365662028979	-10.7349985251	-0.00157675744923	0.000645622165633	-0.000564724506298	-0.999986431224	0.00513825130995
-0.382160294781	-10.7351825265	-0.00157619934516	0.000644025559867	-0.00059040548909	-0.999981732079	0.00598098317997
-0.390660002732	-10.7352863893	-0.00157639440032	0.000647323139647	-0.000577465820892	-0.999980924801	0.00611535273927
-0.425664302541	-10.7356997284	-0.00157691154916	0.000642023636708	-0.000378040182739	-0.999984738618	0.00547425092323
-0.434165347205	-10.735790954	-0.00157626800966	0.000643634954388	-0.000323884626325	-0.999986985198	0.00505076893612
-0.444168064652	-10.7358867413	-0.001575560968	0.000648320603824	-0.000249628510074	-0.999990654893	0.00426702396629
-0.468677454049	-10.7360434227	-0.00157700628895	0.000637966280337	-0.000122435622784	-0.999997804375	0.00199229853778
-0.481180584916	-10.7360802663	-0.00157544678229	0.000633656640353	-0.000125699477117	-0.999999352363	0.00093699077287
-0.497181730895	-10.7360946884	-0.00157440917363	0.000618232519772	-0.000210300877046	-0.999999782516	9.23592873997e-05
-0.515179823564	-10.7360822056	-0.00157503334494	0.00062041728103	-0.000374423733069	-0.999999478666	-0.000719414863312
-0.528179264841	-10.7360555458	-0.00157530794297	0.000627479353168	-0.000492610551795	-0.99999894154	-0.001216767455
-0.553675704174	-10.7359928517	-0.001576179537	0.000623938172211	-0.000723510264365	-0.999999260639	-0.000752300313643
-0.568171781689	-10.7359800281	-0.00157560674642	0.000627731434337	-0.000797653636334	-0.999999483677	-4.8445098806e-05
-0.580669077714	-10.7359863273	-0.00157581911125	0.000629004185931	-0.000795812494375	-0.999999292953	0.000620588966138
-0.603161575982	-10.7360540777	-0.00157643490568	0.000626844161728	-0.000712998077397	-0.999996297044	0.00255041139822
-0.614157325324	-10.736121983	-0.00157542102227	0.000632263958553	-0.000638944783956	-0.999993098089	0.00360496423742
-0.629152754278	-10.7362515829	-0.00157558883216	0.000636091818873	-0.000515868992376	-0.99998725954	0.00498096617818
-0.653148110812	-10.7365347372	-0.00157566841294	0.000645455281004	-0.00033618697702	-0.999977014783	0.00674093994735
-0.669645250584	-10.7367763294	-0.00157608270251	0.000642403795704	-0.000280065456651	-0.999968448008	0.00791276624463
-0.685641393184	-10.7370449391	-0.00157581502904	0.000640190566221	-0.000291039295271	-0.999960747944	0.00883221509803
-0.694639090701	-10.7372073031	-0.00157531848552	0.000638278006052	-0.000316481962627	-0.999956809177	0.00926672655991
-0.716631817617	-10.7376354421	-0.00157610004324	0.000634980753388	-0.000437506495427	-0.999946840887	0.0102820614044
-0.73412487334	-10.7380076964	-0.00157543648126	0.000637873726055	-0.000550269185647	-0.99993826505	0.0110795491802
-0.753117194928	-10.7384433008	-0.00157630351351	0.000640584578048	-0.000636169513434	-0.999928427734	0.0119299768781
-0.760614014358	-10.7386243541	-0.00157630766584	0.000642030690122	-0.000653412243972	-0.999924376509	0.0122638539093
-0.783604174514	-10.7392112642	-0.00157611153965	0.000644620321391	-0.00062987389279	-0.999911972336	0.0132376471373
-0.79559906972	-10.7395345824	-0.00157613682271	0.000644924030908	-0.000575690403018	-0.999906094749	0.01367678097
-0.812591338647	-10.7400105138	-0.00157601185242	0.000641989136888	-0.000476098158912	-0.999897612304	0.0142872701809
-0.830082121554	-10.7405223664	-0.00157558839586	0.000638502394318	-0.000380329603356	-0.999887893585	0.0149548629491
-0.852568061979	-10.7412164306	-0.00157558383172	0.000635604379673	-0.000321959934171	-0.999873207304	0.015907911979
-0.869556393761	-10.7417689078	-0.00157550900504	0.000637490798393	-0.000338771220401	-0.999861346656	0.0166362947211
-0.884046436956	-10.7422586998	-0.0015758830706	0.000642040961292	-0.000386486034156	-0.999852232966	0.0171741272139
-0.893540149163	-10.7425873944	-0.00157587285857	0.000645014163226	-0.00042548118488	-0.999846778155	0.0174877995936
-0.909529560399	-10.7431540501	-0.0015761130982	0.000646184304511	-0.000495353388073	-0.99983762771	0.0180015356658
-0.933511805398	-10.7440352849	-0.00157578397438	0.000644282766592	-0.00057401466935	-0.999823043461	0.0187919443224
-0.948998775018	-10.7446254148	-0.00157589903247	0.00064232476433	-0.000587409400123	-0.999812891119	0.0193242107808
-0.966482858108	-10.7453119709	-0.00157578606322	0.000642419457513	-0.000562750086257	-0.999801079366	0.0199266732946
-0.981468432897	-10.7459182658	-0.00157565002192	0.000641621238614	-0.000519120855119	-0.999788174165	0.0205651558423
-0.99395516598	-10.7464401336	-0.00157583412809	0.000639937791682	-0.000484947837783	-0.999774368359	0.0212265795041
-1.01942592115	-10.7475576809	-0.00157543798471	0.000642479704227	-0.000426392041096	-0.999743662337	0.0226277490476
-1.03540776743	-10.7482920589	-0.0015764875689	0.00065040350038	-0.000399548193967	-0.999732180727	0.0231297244832
-1.05239220231	-10.7490798617	-0.00157547655736	0.000657808337743	-0.000355157329525	-0.999732341853	0.0231232740679
-1.06638040218	-10.7497262719	-0.00157696646727	0.000652471003279	-0.000336916790457	-0.999734188756	0.02304371067
-1.08136621774	-10.7504161251	-0.00157570385378	0.00064612324941	-0.000342830645071	-0.999737178214	0.0229137401826
-1.09635137611	-10.7511005194	-0.00157494281204	0.000638483644548	-0.000358176388768	-0.999741640929	0.0227181742388
-1.11932670736	-10.7521373047	-0.00157566156169	0.000636617708151	-0.000409696804084	-0.999749047278	0.0223890449267
-1.13431045801	-10.7528073032	-0.00157507484401	0.000638198139528	-0.000451915485025	-0.999747791129	0.0224442110161
-1.1462955346	-10.7533495772	-0.00157531948428	0.000632100547833	-0.00050827599163	-0.999735552722	0.0229818782609
-1.16876279326	-10.7544109989	-0.00157483382691	0.000640937289579	-0.00061141347185	-0.999703806722	0.0243210648978
-1.18523856666	-10.7552292702	-0.00157608444871	0.000646611174032	-0.000636352283744	-0.999677461594	0.0253801050269
-1.19971647166	-10.7559782217	-0.00157650224653	0.000653862569365	-0.000628790350667	-0.999653025416	0.0263250045195
-1.21868690859	-10.7570017736	-0.00157587506763	0.00065523514583	-0.000567301971266	-0.999619321514	0.0275764553875
-1.23466016354	-10.7578999897	-0.00157625830293	0.000651334312492	-0.000493150876961	-0.999592053211	0.0285492508358
-1.24613954314	-10.7585641586	-0.0015754672655	0.000647463046848	-0.000437717136722	-0.999572825505	0.0292156757092
-1.27109040672	-10.7600599566	-0.00157551696161	0.000641464930894	-0.000358084484145	-0.999529912339	0.0306498717405
-1.28306512007	-10.7608027585	-0.00157534743835	0.000642758495273	-0.00035104529652	-0.99950972169	0.0313014356965
-1.29653587403	-10.7616564549	-0.00157544124363	0.00064468834141	-0.000366781132851	-0.999486879774	0.0320222892388
-1.31200107422	-10.7626602735	-0.00157580484428	0.000648253259334	-0.000413898871874	-0.99946018591	0.0328442572671
-1.3269662964	-10.7636553156	-0.0015756158631	0.000652197157627	-0.000471953285393	-0.999436723624	0.0335497745109
-1.345923106	-10.7649385607	-0.00157575199106	0.000659699499433	-0.000511803599998	-0.999421660323	0.0339948191804
-1.3688701027	-10.7665110194	-0.00157632488834	0.000655188121846	-0.000517290237336	-0.999407084948	0.0344206579738
-1.38433284032	-10.7675811586	-0.00157545651216	0.000652098801554	-0.000490620771541	-0.999400073766	0.0346240756597
-1.40228868981	-10.768830683	-0.00157571952718	0.000646177331773	-0.000438504367889	-0.999393301709	0.0348198028023
-1.41974463203	-10.7700521922	-0.00157548489149	0.00064590929332	-0.000391151768873	-0.999386961539	0.0350018700683
-1.43321123834	-10.7709977696	-0.00157562450739	0.000649273146903	-0.000358862991004	-0.999386208106	0.035023659272
-1.45316333403	-10.772397383	-0.00157584442404	0.000650023298318	-0.000333639355173	-0.999387706813	0.0349811038356
-1.46712988784	-10.7733757517	-0.00157585152509	0.000649527662099	-0.000341366253445	-0.999389014631	0.0349436549095
-1.48159490048	-10.7743881322	-0.00157536291975	0.00064726618857	-0.000367589978294	-0.999388872028	0.0349475090821
-1.50154540833	-10.7757852363	-0.00157562966234	0.000645631742413	-0.000424207395562	-0.99938748176	0.034986633282
-1.51301655043	-10.7765893302	-0.00157550229166	0.000647092870747	-0.000456286761545	-0.999386612212	0.0350110326044
-1.52448786498	-10.7773939442	-0.00157559999888	0.000649651086708	-0.000481267626914	-0.999386333475	0.0350186064623
-1.54743221368	-10.7790015414	-0.00157575732149	0.000655570936559	-0.000491752623501	-0.999390402764	0.0349020238581
-1.55990271115	-10.7798728362	-0.00157608285373	0.00065520498341	-0.000476765030945	-0.999393059403	0.0348260853169
-1.58334729137	-10.7815057292	-0.00157567156693	0.000651004903393	-0.000423138948479	-0.99939948723	0.0346419120552
-1.60180375678	-10.7827837409	-0.00157557094306	0.000646078386412	-0.000373166935588	-0.999406293466	0.0344456660634
-1.61577071783	-10.7837458944	-0.00157559304224	0.000644538724095	-0.000347018268442	-0.999411505962	0.0342944003992
-1.63472587918	-10.7850459313	-0.00157516035438	0.000642583489135	-0.00034121428493	-0.999413914517	0.0342242330639
-1.64919111111	-10.7860380029	-0.00157578129452	0.000644109089437	-0.000365702286423	-0.999412682054	0.0342599231465
-1.66016474095	-10.7867913559	-0.00157536193473	0.000646506496668	-0.000392866041905	-0.999411474677	0.0342947805039
-1.68211294956	-10.7882995534	-0.00157600984231	0.000652169710029	-0.000449384868542	-0.999411408948	0.0342958946871
-1.7015680905	-10.7896349102	-0.00157581292576	0.000654413493966	-0.000480864381879	-0.999413521051	0.0342338203
-1.71653369301	-10.7906605626	-0.00157591473946	0.000653104885753	-0.000485773071154	-0.999415294335	0.0341819678613
-1.73349412029	-10.7918218581	-0.00157554875563	0.000649115285218	-0.000472409692178	-0.999415498199	0.0341762701092
-1.74297161783	-10.792471039	-0.00157564379551	0.000647442502632	-0.00045844894654	-0.999415144424	0.0341868357515
-1.76641556603	-10.7940780197	-0.00157550017925	0.000646616650705	-0.000413416046841	-0.999414029557	0.0342200014378
-1.78088093425	-10.7950709794	-0.00157549371086	0.000645915541191	-0.000391753490312	-0.999410064942	0.0343358619295
-1.80083207561	-10.7964488845	-0.00157570284445	0.000646862153705	-0.000389327295184	-0.999400260513	0.0346200704784
-1.81828683825	-10.7976639693	-0.00157549700121	0.00064967406656	-0.000403197683617	-0.999391128273	0.0348824896601
-1.83168203061	-10.7986019649	-0.00157695082516	0.000693883951859	-0.000418267766439	-0.999386483761	0.035014277845
-1.84556289298	-10.7995771798	-0.00157945840388	0.000715234523971	-0.000433733193242	-0.999382624099	0.03512365248
-1.86539124938	-10.8009752669	-0.00157692851423	0.00067954835631	-0.000453695084373	-0.999377468804	0.0352704865395
-1.87961033587	-10.8019821624	-0.00157537030682	0.000727749458179	-0.000459816878924	-0.999371652943	0.0354338573028
-1.90000925796	-10.8034365313	-0.00158500325564	0.000799715631686	-0.00045983597714	-0.999360356974	0.0357494883108
-1.90680835919	-10.8039242582	-0.00158176464556	0.000776503693817	-0.000458415775099	-0.99935648629	0.0358580563755
-1.93077252721	-10.8056542868	-0.00157604093553	0.000794462346668	-0.000432184970713	-0.999349787681	0.0360441938002
-1.94567968331	-10.8067293872	-0.00159268243735	0.000936270965023	-0.000387072002261	-0.999354924538	0.0358985845594
-1.95406488306	-10.8073318238	-0.0015904230829	0.000910437214696	-0.00036808029836	-0.999358430477	0.0358017186205
-1.97827370207	-10.8090619319	-0.001577791176	0.000854690480566	-0.000340503479226	-0.999370443605	0.0354664631893
-1.99196423008	-10.8100317338	-0.00159289682133	0.000915109449784	-0.000337959839333	-0.999378046752	0.0352500784022
-2.00475834493	-10.8109324372	-0.00158218448205	0.000801425469322	-0.000360680437632	-0.999385508883	0.0350404375157
-2.01437079024	-10.8116063393	-0.00157525759874	0.000713692344941	-0.000385311954184	-0.99938996059	0.034914880054
-2.03706441265	-10.8131898686	-0.00159084861478	0.000879046113449	-0.00044368668482	-0.999393828235	0.0347995187569
-2.04669571638	-10.8138606857	-0.00158309296929	0.000817960074743	-0.000466821728102	-0.999395267076	0.0347593608253
-2.06105957787	-10.8148593947	-0.00157671202282	0.000807032368012	-0.000475393097354	-0.999403848283	0.0345118927018
-2.07703731775	-10.8159561408	-0.00158953496866	0.000869592842315	-0.00043102873804	-0.999422415712	0.0339690005088
-2.09098910655	-10.8168992626	-0.00157850118735	0.000729752775034	-0.000390507819248	-0.999439527263	0.0334655988751
-2.0979740079	-10.8173668885	-0.00157424431726	0.00074664126904	-0.000369168495076	-0.999446313276	0.0332621875358
-2.11238332409	-10.818321683	-0.0015987854472	0.00107930887733	-0.000328065767989	-0.999458477474	0.0328858521438
-2.12704995894	-10.8192823709	-0.00158988532895	0.000960503668675	-0.000336121493176	-0.999470759761	0.032514071373
-2.13871325139	-10.8200399857	-0.00157670371348	0.000853948338923	-0.000371922812744	-0.999475323182	0.0323760837086
-2.14577779633	-10.8204973647	-0.00158740156411	0.000922338019375	-0.000400988225164	-0.999475724152	0.0323614791265
-2.15582960602	-10.8211481867	-0.00158894515676	0.000869356298141	-0.000446309253641	-0.999475974287	0.0323546264159
-2.16827869463	-10.8219553418	-0.00157500797747	0.000794382134342	-0.000492742232642	-0.999473391184	0.0324355742403
-2.18087117831	-10.8227760527	-0.00159743067311	0.00100367276227	-0.00050615779471	-0.999464866577	0.0326912361998
-2.18852185509	-10.8232780184	-0.00158881522723	0.000919495225643	-0.000499368911179	-0.999459504103	0.0328573403861
-2.20005005375	-10.8240399651	-0.00157676763751	0.000839897803834	-0.00046033038676	-0.999455446711	0.0329832185807
-2.20849859109	-10.8245991772	-0.00159762870769	0.00122020394456	-0.000391321132129	-0.999454087706	0.033013399356
-2.21667983946	-10.8251411046	-0.00162353066648	0.0017045455384	-0.000324803199237	-0.999452090263	0.0330531132631
-2.22241237325	-10.8255214836	-0.00163098269559	0.00186438593839	-0.000299060514704	-0.999450289329	0.0330991508649
-2.22864234971	-10.8259348096	-0.00162196250666	0.00169587802005	-0.00030678901886	-0.999448361865	0.033166275697
-2.23408216925	-10.8262958692	-0.00160266550667	0.00132296828536	-0.00035902481477	-0.999446868333	0.0332276727245
-2.23733073865	-10.8265117395	-0.00159571111094	0.00119271436339	-0.000409395894825	-0.999445752844	0.0332655520041
-2.23908941778	-10.826628627	-0.00160042081662	0.00127705659065	-0.000441496496967	-0.999444715459	0.0332931666833
-2.24010082454	-10.8266959385	-0.00161066972432	0.0014719868209	-0.000460422290841	-0.999443298987	0.0333273667872
-2.24032553358	-10.8267105339	-0.00161676623643	0.00148600356485	-0.000465257791294	-0.999442281729	0.033357170456
-2.24049931827	-10.8267218417	-0.00158077231969	0.000787037251544	-0.000469197061527	-0.999441958038	0.0333906115473
-2.24050230904	-10.8267220578	-0.00156388516957	0.000445572574958	-0.00046385450891	-0.999442138049	0.0333916006852
-2.24036202201	-10.8267130158	-0.00155059944395	0.000124539999264	-0.000417327812482	-0.999442971701	0.0333699961716
-2.24026067468	-10.8267067772	-0.00156817309756	0.000482878723842	-0.000370699768367	-0.999443547861	0.0333500232265
-2.24025040244	-10.8267063862	-0.0015806103962	0.000742293458839	-0.000352857042663	-0.999443502763	0.0333468030902
-2.24032623826	-10.8267115232	-0.00159270731962	0.000987760881891	-0.00035613400179	-0.99944282241	0.0333607888254
-2.24037424183	-10.8267144966	-0.00158841100309	0.00090511967921	-0.000377642934525	-0.99944256801	0.0333705168463
-2.24041114148	-10.8267164014	-0.0015738435106	0.000617778401616	-0.000428146636647	-0.999442463805	0.0333795833415
-2.24038165181	-10.8267139465	-0.00156556988958	0.000441779143008	-0.000467952015991	-0.999442686512	0.0333751738602
-2.24034141616	-10.8267110916	-0.00156681823678	0.000463519047377	-0.000482204345	-0.999442957529	0.0333665592423
-2.24031431448	-10.8267093377	-0.0015724684991	0.00057994553634	-0.000480494288689	-0.999443148839	0.033359032174
-2.24031646599	-10.826709778	-0.00158082130296	0.000750712801047	-0.00045813261945	-0.999443160774	0.0333555831317
-2.24034426139	-10.8267119359	-0.00158226929564	0.000781000024516	-0.000431192743022	-0.99944304806	0.0333586240153
-2.24037177804	-10.8267140956	-0.00157695897299	0.000676182411898	-0.000399925618112	-0.999442967912	0.033363703765
-2.24037091904	-10.8267141603	-0.00157305685899	0.000595618558247	-0.000385930460066	-0.999442989978	0.0333647430786
-2.24036219321	-10.8267136193	-0.00157162627148	0.000564944961568	-0.000380663582144	-0.99944303128	0.0333640998542
-2.24033534292	-10.8267117601	-0.00157413386338	0.000614966267879	-0.000388633675774	-0.999443104178	0.0333609396023
-2.24033288656	-10.8267114842	-0.00157637815154	0.000660695313002	-0.000401004545913	-0.999443079109	0.0333606699204
-2.24034084467	-10.8267117837	-0.00157834930472	0.000701404836542	-0.000425585351358	-0.999443003639	0.0333617953032
-2.24035087673	-10.8267122622	-0.00157796145898	0.000694578620735	-0.000445121522556	-0.999442960401	0.0333629784651
-2.24035831742	-10.8267125641	-0.00157551775947	0.000645178182981	-0.000463584602645	-0.999442989055	0.0333628605349
-2.24035568651	-10.8267123796	-0.00157437661792	0.000621427613517	-0.00046403724479	-0.999443057845	0.0333612443254
-2.24034841425	-10.8267120133	-0.00157422965364	0.000617824585457	-0.00045280816582	-0.999443159478	0.0333584206869
-2.24034253151	-10.8267118754	-0.00157544868945	0.000642193736199	-0.000429383233368	-0.999443235913	0.0333559800558
-2.2403441389	-10.8267122634	-0.00157664766491	0.00066666636321	-0.000403900728521	-0.999443238536	0.0333557396131
-2.24034873342	-10.8267127061	-0.00157662567705	0.000666516446923	-0.000391716710069	-0.999443202349	0.0333569721695
-2.24035162295	-10.8267129196	-0.00157604739762	0.000654870403439	-0.000390065291415	-0.999443169864	0.033358195489
-2.24035211195	-10.8267129001	-0.00157546143341	0.000642902775796	-0.000395246947929	-0.999443150384	0.0333589509296
-2.24034934175	-10.8267125312	-0.00157505901076	0.000634544851396	-0.000413458717635	-0.999443143803	0.0333590873575
-2.24034747959	-10.8267122936	-0.00157521233258	0.000637558160747	-0.000424811561883	-0.999443149675	0.033358711352
